MMT Code,Man.Code/SKU,Manufacturer,Category,Description,RRP Inc.,Your Buy Ex. GST,Available (Qty),Parent Category Name,Category Name,Extended Description,DotPoints,Thumbnail,StdImage,LgeImage,Location,Weight,UnitMeasure,Status,StatusNo,ETA,Barcode
"00B","1500B","Pelican","15A","Pelican 1500 Case Foam Black","454.95","286.07","0","Computers","Notebook Accessories","Sensitive equipment needs protection and since 1976 the answer has been the Pelican Protector Case. These cases are designed rugged and travel the harshest environments on earth. Against the extreme cold of the arctic or the heat of battle, Pelican cases have survived. Made in the USA, these tough cases are designed with an automatic purge valve that equalizes air pressure, a watertight silicone O-ring lid, over-molded rubber handles and stainless steel hardware.","Pick N Pluck with convoluted lid foam
Watertight, crushproof, and dust proof
Open cell core with solid wall design - strong, light weight
Comfortable rubber over-molded handle
Easy open Double Throw latches
Stainless steel hardware and padlock protectors
Automatic Pressure Equalisation Valve - balances interior pressure, keeps water out
O-ring seal
Lifetime Guarantee of Excellence
Dimensions: Interior (L x W x D) 16.75"" x 11.18"" x 6.12"" (42.5 x 28.4 x 15.5 cm)
Dimensions: Exterior (L x W x D) 18.50"" x 14.06"" x 6.93"" (47 x 35.7 x 17.6 cm)","https://www.mmt.com.au/Files/Product assets/Images/15A/00B.jpg","https://www.mmt.com.au/Files/Product assets/Images/15A/00B.jpg","https://www.mmt.com.au/Files/Product assets/Images/15A/00B.jpg","MELBHO","8.46","18*40*47","Order to Order","4","","19428006006"
"01230848","01230848","Vertiv","31P","Vertiv VE Rack Cabinet 42Ux600Wx1100D","1173.00","1420","0","Power Protection","UPS PDU and Switching","The Vertiv VE Rack is a space-saving, free-standing server rack solution capable of supporting multiple configurations. Designed to efficiently combine cooling, power distribution, cable management, and environmental monitoring infrastructure into one enclosure. Built to provide optimum versality while increasing efficiency suited for demanding IT environments.","The VertivVE Series Rack provides cooling, power distribution, cable management, and environmental monitoring infrastructure for application in IT environment.
Perforated doors for optimal front-to-rear air flow up to 75%.
Tool-less mounting slots for vertical PDUs.
Loading capacity of up to 1600 kgs.
Vertiv VE rack is the ultimate solution designed and engineered for demanding data center environment.
To achieve optimum versatility within the server rack, users can set multiple depths throughout the rack by adjustable 19-inch mounting rails mounted on heavy duty side supports.
Horizontally divided side panels provide ease of access and convenient post-installation maintenance.
Over 75% perforations on front and rear door enable optimum air flow within the rack.
Flat-pack option enables savings up to 60% in the transport cost and warehouse space.","https://www.mmt.com.au/Files/Product assets/Images/31P/01230848.jpg","https://www.mmt.com.au/Files/Product assets/Images/31P/01230848.jpg","https://www.mmt.com.au/Files/Product assets/Images/31P/01230848.jpg","MELBHO","400","210*115*66","Order to Order","4","",""
"01230856","01230856","Vertiv","31P","Vertiv 19"" Rack Mount Fixed Shelf 650mm","75.00","100","0","Power Protection","UPS PDU and Switching","Vertiv VE Rack Accesories, 19"" Rack mount Fixed Shelf","19"" Rack mount Fixed Shelf
Depth: 650 mm
Color: Black Gray
Load capacity: 90 kg
Part Number: 1230856","https://www.mmt.com.au/Files/Product assets/Images/31P/01230856.jpg","https://www.mmt.com.au/Files/Product assets/Images/31P/01230856.jpg","https://www.mmt.com.au/Files/Product assets/Images/31P/01230856.jpg","MELBHO","0.724","6*51*67","Current Stock","1","22/07/2026",""
"016150-5050-110","016150-5050-110","Pelican","15A","Pelican 1615TP KITTREKPAK DIV SETACCESSORY","469.95","290","0","Computers","Notebook Accessories","Save space and reduce weight while organizing your gear to perfection with the TrekPak Divider Kit for Pelican 1615 Air Case. TrekPak uses pre-installed wall sections, divider panels, locking pins and tabs, and an easy-to-use cutting tool. Simply lay your gear in the case, measure and cut the divider sections, and lock them in place with the steel U-pins. The 7/16"" thick divider sections are made of waterproof, closed-cell foam laminated to a rigid, corrugated plastic panel that resists tearing and shredding. The TrekPak is combined with 1"" bottom foam and lid foam to give your gear 360° protection.","Fits a Pelican 1615 Air Case
30 Pins and Pull Tabs
Two Perimeter Pieces
Two 30"" and Two 16"" Dividers
Custom Gear Organization
Easy-to-Use Cutter Tool Included
Top and Bottom Foam Pieces","https://www.mmt.com.au/Files/Product assets/Images/15A/pelican.png","https://www.mmt.com.au/Files/Product assets/Images/15A/pelican.png","https://www.mmt.com.au/Files/Product assets/Images/15A/pelican.png","MELBHO","14.45","10*47*123","Order to Order","4","","016428158286"
"01A004","01A004","Gumdrop","15B","Gumdrop DropTech Clear iPad 11"" Case","79.95","42","389","Computers","Bags, Cases & Covers","The Droptech Clear Case for iPad (11th/10th gen)  is designed to withstand the rigors of everyday handling; whether in the field, classroom, or at home. Rubberized bumpers surround the case edges with our signature tread design and reinforced corners to ensure maximum shock absorption. As always, this case is drop tested to protect against falls up to 4 feet, exceeding military drop-test standards for maximum device protection.","New, thinner, lightweight case pairs perfectly with the new, thinner, and lightweight iPad (10th/11th Gen) without compromising the durability and ruggedness the DropTech Clear is known for
Drop tested up to four (4) feet and TechShell certified featuring maximum device protection beyond mil-specs, exceeding MIL-STD-810G
Features clear asset tag window","https://www.mmt.com.au/Files/Product assets/Images/15B/01A004.jpg","https://www.mmt.com.au/Files/Product assets/Images/15B/01A004.jpg","https://www.mmt.com.au/Files/Product assets/Images/15B/01A004.jpg","MELBHO","0.27","20*1.5*27","EOL","2","","818090025755"
"01D002","01D002","Gumdrop","15B","Gumdrop DropTech Dell 7210","129.95","87","0","Computers","Bags, Cases & Covers","Gumdrop DropTech rugged case for Dell 7210 Latitude 12-inch (2-in-1) - Device Compatibility: Dell Latitude 7210 2-in-1, Dell Latitude 7200 2-in-1.
DELL 7210 LATITUDE 12-INCH (2-IN-1) Our rugged case offers durable drop protection to keep your Dell Latitude 7210 2-in-1 Tablet protected from in-the-field bumps, accidents, and mishaps. Custom-molded TPU and PC casing ensures a secure fit that fully integrates with the kickstand while leaving the ports and keyboard connection fully accessible.","Adjustable handle
Shoulder strap for carrying; included with the case
Camera cover slider
Silicone port covers to keep out dust and debris
Fingerprint sensor access
Built-in stylus holder for Dell Premium Active Pen (PN579X)
Works with Dell Keyboard Cover","https://www.mmt.com.au/Files/Product assets/Images/15B/01D002.jpg","https://www.mmt.com.au/Files/Product assets/Images/15B/01D002.jpg","https://www.mmt.com.au/Files/Product assets/Images/15B/01D002.jpg","MELBHO","1","4*25*33","Order to Order","4","","818090023805"
"01D005","01D005","Gumdrop","15B","Gumdrop DropTech for Dell Latitude 3120/3140","105.95","72","0","Computers","Bags, Cases & Covers","Gumdrop's DropTech Dell Latitude 3120/3140 2-in-1 Case is a shock-resistant combination of thick silicone bumper skin and rigid polycarbonate casing for Dell's new 2-in-1 tech. This unique DropTech case features transparent panels on the top and bottom of the case, allowing you to personalize and identify protected Latitude models by asset tag, school logo, photos and more!","Reinforced air-cell corners flex to offer maximum shock absorption
2-piece case with rugged, co-molded TPU tread on top and bottom shells
Allows full functionality when moving from desktop to tablet mode
Easy Clip on installation
Works in most charging carts but is ideal for take-home device programs
Transparent top and bottom for easy asset tagging and management","https://www.mmt.com.au/Files/Product assets/Images/15B/01D005.jpg","https://www.mmt.com.au/Files/Product assets/Images/15B/01D005.jpg","https://www.mmt.com.au/Files/Product assets/Images/15B/01D005.jpg","MELBHO","0.2","2*15*22","Order to Order","4","","818090023386"
"01D010","01D010","Gumdrop","15B","Gumdrop DropTech for Dell Latitude 3140","105.95","72","0","Computers","Bags, Cases & Covers","Protect your Dell Latitude 3140 Clamshell with the most rugged laptop case on the market. Our premium laptop protection is perfect for your back-to-school, distance learning, or business needs. Gumdrop's DropTech case features an easy to install, two (2)-piece, full-coverage design that boasts rubberized tread and reinforced air-cell corners along all eight (8) sides of the device to protect against bumps, drops, and more. What is the best laptop for students? What is the best laptop for work? Ones protected to handle all the ""oops"" moments that can happen in the classroom, workplace, and beyond!","Rugged laptop case custom-moulded to fit Dell Latitude 3140 Clamshell, offering maximum protection beyond mil-specs, exceeding MIL-STD-810G
Two (2)-piece, full-coverage case with rugged, rubberized tread on top and bottom panels to protect devices on all eight (8) sides.
Patented, reinforced air-cell corners and rubberized bumpers surround top and bottom panels to cushion and absorb the shock from bumps, drops, and more.
Drop-tested to protect against falls up to four (4) feet making the case TechShell Rugged Certified
Fully transparent top and bottom allow for easy, manageable asset tagging.
Quick and easy slide-and-click installation in just 30 seconds or less.
Compatible with optional Stylus Holder (sold separately)","https://www.mmt.com.au/Files/Product assets/Images/15B/01D010.jpg","https://www.mmt.com.au/Files/Product assets/Images/15B/01D010.jpg","https://www.mmt.com.au/Files/Product assets/Images/15B/01D010.jpg","MELBHO","0.75","4*22*34","Order to Order","4","",""
"01D014","01D014","Gumdrop","15B","Gumdrop Droptech For Dell Latitude 5440","105.95","72","0","Computers","Bags, Cases & Covers","Protect your Dell Latitude 5440 Clamshell with the most rugged case on the market. Our always-on, premium protection is perfect for your back-to-school, distance learning, or workplace needs. Gumdrop’s DropTech case features an easy to install, two (2)-piece, full-coverage design that boasts rubberized tread and reinforced air-cell corners along all eight (8) sides of the device to protect against bumps, drops, and more. With TechShell Rugged certification, you can be confident that your device can survive drops up to four (4) feet, a much-needed peace of mind for tech directors, teachers, students, and businesses alike making our case a perfect school or workplace case.","Rugged case custom-molded to fit Dell Latitude 5440 Clamshell, offering maximum protection beyond mil-specs, exceeding MIL-STD-810G
Two (2)-piece, full-coverage case with rugged, rubberized tread on top and bottom panels to protect devices on all eight (8) sides
Patented, reinforced air-cell corners and rubberized bumpers surround top and bottom panels to cushion and absorb the shock from bumps, drops, and scratches
Best-in-class drop protection against falls up to four (4) feet making the case TechShell Rugged Certified
Fully transparent top and bottom allow for easy, manageable asset tagging
Quick and easy slide-and-click installation in just 30 seconds or less","https://www.mmt.com.au/Files/Product assets/Images/15B/01D014.jpg","https://www.mmt.com.au/Files/Product assets/Images/15B/01D014.jpg","https://www.mmt.com.au/Files/Product assets/Images/15B/01D014.jpg","MELBHO","1.3","5*24*41","Order to Order","4","","818090025946"
"01D015","01D015","Gumdrop","15B","Gumdrop DropTech for Dell Lat 3340 2in1","105.95","72","0","Computers","Bags, Cases & Covers","Protect your Dell Latitude 3340 2-in-1 with the most rugged case on the market. Our always-on, premium protection is perfect for your back-to-school, distance learning, or workplace needs. Gumdrop’s DropTech case features an easy to install, two (2)-piece, full-coverage design that boasts rubberized tread and reinforced air-cell corners along all eight (8) sides of the device to protect against bumps, drops, and more. With TechShell certification, you can be confident that your device can survive drops, a much-needed peace of mind for tech directors, teachers, students, and businesses alike making our case a perfect school or workplace case.","Rugged case custom-molded to fit Dell Latitude 3340 2-in-1
Two (2)-piece, full-coverage case with rugged, rubberized tread on top and bottom panels to protect devices on all eight (8) sides.
Patented, reinforced air-cell corners and rubberized bumpers surround top and bottom panels to cushion and absorb the shock from bumps, drops, and scratches
Fully transparent top and bottom allow for easy, manageable asset tagging
Quick and easy slide-and-click installation in just 30 seconds or less
Patented, 2-in-1 case design allows for full functionality moving from laptop to tablet mode
Compatible with optional Stylus Holder (sold separately)","https://www.mmt.com.au/Files/Product assets/Images/15B/01D015.jpg","https://www.mmt.com.au/Files/Product assets/Images/15B/01D015.jpg","https://www.mmt.com.au/Files/Product assets/Images/15B/01D015.jpg","MELBHO","0.4","2*21*34","Order to Order","4","","818090026011"
"01D016+Q","01D016","Gumdrop","15B","Gumdrop DropTech Dell Lat CB 5430 - Open","105.95","9","0","Computers","Bags, Cases & Covers","Protect your Dell Latitude Chromebook 5430 Clamshell with the most rugged case on the market. Our always-on, premium protection is perfect for your back-to-school, distance learning, or workplace needs. Gumdrop’s DropTech case features an easy to install, two (2)-piece, full-coverage design that boasts rubberized tread and reinforced air-cell corners along all eight (8) sides of the device to protect against bumps, drops, and more. With TechShell Rugged certification, you can be confident that your device can survive drops up to four (4) feet, a much-needed peace of mind for tech directors, teachers, students, and businesses alike making our case a perfect school or workplace case.","Rugged case custom-molded to fit Dell Chromebook 5430 Clamshell, offering maximum protection beyond mil-specs, exceeding MIL-STD-810G
Two (2)-piece, full-coverage case with rugged, rubberized tread on top and bottom panels to protect devices on all eight (8) sides
Patented, reinforced air-cell corners and rubberized bumpers surround top and bottom panels to cushion and absorb the shock from bumps, drops, and scratches
Best-in-class drop protection against falls up to four (4) feet making the case TechShell Rugged Certified
Fully transparent top and bottom allow for easy, manageable asset tagging","https://www.mmt.com.au/Files/Product assets/Images/15B/15GD-DELL-DT-543-NQR.jpg","https://www.mmt.com.au/Files/Product assets/Images/15B/15GD-DELL-DT-543-NQR.jpg","https://www.mmt.com.au/Files/Product assets/Images/15B/15GD-DELL-DT-543-NQR.jpg","MELBHO","1","4*25*34","Clearance","3","",""
"01D017","01D017","Gumdrop","15B","Gumdrop Droptech Dell Latitude 3340 CS","105.95","72","0","Computers","Bags, Cases & Covers","Protect your Dell Latitude 3340 Clamshell with the most rugged case on the market. Our always-on, premium protection is perfect for your back-to-school, distance learning, or workplace needs. Gumdrop’s DropTech case features an easy to install, two (2)-piece, full-coverage design that boasts rubberized tread and reinforced air-cell corners along all eight (8) sides of the device to protect against bumps, drops, and more. With TechShell certification, you can be confident that your device can survive drops, a much-needed peace of mind for tech directors, teachers, students, and businesses alike making our case a perfect school or workplace Chromebook case.","Rugged case custom-molded to fit Dell Latitude 3340 Clamshell, offering maximum protection beyond mil-specs, exceeding MIL-STD-810G
Two (2)-piece, full-coverage case with rugged, rubberized tread on top and bottom panels to protect devices on all eight (8) sides
Patented, reinforced air-cell corners and rubberized bumpers surround top and bottom panels to cushion and absorb the shock from bumps, drops, and scratches
Fully transparent top and bottom allow for easy, manageable asset tagging
Compatible with optional Stylus Holder (sold separately)
Quick and easy slide-and-click installation in just 30 seconds or less","https://www.mmt.com.au/Files/Product assets/Images/15B/01D017.jpg","https://www.mmt.com.au/Files/Product assets/Images/15B/01D017.jpg","https://www.mmt.com.au/Files/Product assets/Images/15B/01D017.jpg","MELBHO","0","0*0*0","Order to Order","4","",""
"01D021","01D021","Gumdrop","15B","Gumdrop DropTech for Dell Latitude 5350","105.95","72","0","Computers","Bags, Cases & Covers","Protect your Dell Latitude 5350/5340 2-in-1 with the most rugged case on the market. Our always-on, premium protection is perfect for your back-to-school, distance learning, or workplace needs. Gumdrop’s DropTech case features an easy to install, two (2)-piece, full-coverage design that boasts rubberized tread and reinforced air-cell corners along all eight (8) sides of the device to protect against bumps, drops, and more. With TechShell certification, you can be confident that your device can survive drops, a much-needed peace of mind for tech directors, teachers, students, and businesses alike making our case a perfect school or workplace case.","Rugged case custom-molded to fit Dell Latitude 5350/5340 2-in-1
Two (2)-piece, full-coverage case with rugged, rubberized tread on top and bottom panels to protect devices on all eight (8) sides
Patented, reinforced air-cell corners and rubberized bumpers surround top and bottom panels to cushion and absorb the shock from bumps, drops, and scratches
Fully transparent top and bottom allow for easy, manageable asset tagging
Quick and easy slide-and-click installation in just 30 seconds or less
Patented, 2-in-1 case design allows for full functionality moving from laptop to tablet mode
Compatible with optional Stylus Holder (sold separately) TechShell Rugged Certified","https://www.mmt.com.au/Files/Product assets/Images/15B/01D021.jpg","https://www.mmt.com.au/Files/Product assets/Images/15B/01D021.jpg","https://www.mmt.com.au/Files/Product assets/Images/15B/01D021.jpg","MELBHO","0.6","3*23*35","Order to Order","4","",""
"01D024","01D024","Gumdrop","15B","Gumdrop DropTech for Dell PRO 14","105.95","72","9","Computers","Bags, Cases & Covers","Protect your Dell Pro 14 with the most rugged laptop case on the market. Our always-on, premium laptop protection is perfect for your back-to-school, distance learning, or workplace needs. Gumdrop’s DropTech case features an easy to install, two (2)-piece, full-coverage design that boasts rubberized tread and reinforced air-cell corners along all eight (8) sides of the device to protect against bumps, drops, and more. What is the best laptop for students? Which laptops are best for work? Ones protected to handle all the ""oops"" moments that happen in the classroom, workplace, and beyond.","Rugged laptop case custom-molded to fit Dell Pro 14, offering maximum protection beyond mil-specs, exceeding MIL-STD-810G
Two (2)-piece, full-coverage case with rugged, rubberized tread on top and bottom panels to protect devices on all eight (8) sides
Patented, reinforced air-cell corners and rubberized bumpers surround top and bottom panels to cushion and absorb the shock from bumps, drops, and scratches
Best-in-class drop protection against falls up to four (4) feet making the case TechShell Rugged Certified
Fully transparent top and bottom allow for easy, manageable asset tagging
Quick and easy slide-and-click installation in just 30 seconds or less
Patented, 2-in-1 case design allows for full functionality moving from laptop to tablet mode","https://www.mmt.com.au/Files/Product assets/Images/15B/01D024.jpg","https://www.mmt.com.au/Files/Product assets/Images/15B/01D024.jpg","https://www.mmt.com.au/Files/Product assets/Images/15B/01D024.jpg","MELBHO","0.4","24.384*33.528*3.4544","Order to Order","4","","818090026929"
"01H008","01H008","Gumdrop","15B","Gumdrop DropTech HP Chromebook 11 G8 EE","105.95","9","1","Computers","Bags, Cases & Covers","Gumdrop's DropTech HP Chromebook 11 G8 EE Case is a shock-resistant combination of TPU rubber and rigid polycarbonate casing for HP's newest Chromebook.The case features asset tag and embellishment friendly top and bottom and lightweight, 2-piece construction that is simple to install onto the device. Dual material construction (PC & TPU) allows for easy asset management and prevents sliding on desk and countertops. The case is charge cart friendly and Prop65 compliant.
Device Compatibility:HP Chromebook 11 G8 EE,  HP Chromebook 11A G8 EE","Reinforced air cell corners flex to offer maximum shock absorption
2-piece case with rugged, co-molded TPU tread on top and bottom shells
Easy clip-on installation
Works in most charging carts but is ideal for take-home device programs
Transparent top and bottom for easy asset tagging and management
Drop tested to protect against falls up to 4 feet making it TechShell Rugged 4-26 Certified","https://www.mmt.com.au/Files/Product assets/Images/15B/01H008.jpg","https://www.mmt.com.au/Files/Product assets/Images/15B/01H008.jpg","https://www.mmt.com.au/Files/Product assets/Images/15B/01H008.jpg","MELBHO","0.6","3*22*32","Clearance","3","","818090023935"
"01H013","01H013","Gumdrop","15B","Gumdrop DropTech HP 14"" G6 Chromebook","105.95","72","0","Computers","Bags, Cases & Covers","Gumdrop's DropTech HP Chromebook 14 G6/G7 Case is a shock-resistant combination of TPU rubber and rigid polycarbonate casing for HP's newest Chromebook.The case features asset tag and embellishment friendly top and bottom and lightweight, 2-piece construction that is simple to install onto the device. Dual material construction (PC & TPU) allows for easy asset management and prevents sliding on desk and countertops.The case is charge cart friendly and Prop65 compliant. Device Compatibility:HP Chromebook 14 G6, HP Chromebook 14 G7","Reinforced air cell corners flex to offer maximum shock absorption
2-piece case with rugged, co-molded TPU tread on top and bottom shells
Easy clip-on installation
Works in most charging carts but is ideal for take-home device programs
Transparent top and bottom for easy asset tagging and management","https://www.mmt.com.au/Files/Product assets/Images/15B/01H013.jpg","https://www.mmt.com.au/Files/Product assets/Images/15B/01H013.jpg","https://www.mmt.com.au/Files/Product assets/Images/15B/01H013.jpg","MELBHO","1","4*26*36","Order to Order","4","","818090024369"
"01H018","01H018","Gumdrop","15B","Gumdrop DropTech for HP Elitebook x360","105.95","72","0","Computers","Bags, Cases & Covers","Gumdrop's DropTech HP Elitebook x360 1040 G7/G8 Case for Windows is a shock-resistant combination of thick silicone bumper skin and rigid, transparent polycarbonate casing. This see-through windows on the top and bottom of the case allow you to personalize and identify protected laptops by asset tag, school logo, photos and more!","Reinforced air cell corners and air pockets flex to offer maximum shock absorption
2-piece case with rugged, co-molded TPU tread on top and bottom shells
Easy slide and clip-on installation
Ideal for take-home device programs
Transparent top and bottom for easy asset tagging and management
Interior TPU ribs to cushion devices in falls
Bump out corners for extra drop protection","https://www.mmt.com.au/Files/Product assets/Images/15B/01H018.jpg","https://www.mmt.com.au/Files/Product assets/Images/15B/01H018.jpg","https://www.mmt.com.au/Files/Product assets/Images/15B/01H018.jpg","MELBHO","0.561","3*22*34","Order to Order","4","","818090025052"
"01H021","01H021","Gumdrop","15B","Gumdrop DropTech rugged for HP X360","105.95","72","5","Computers","Bags, Cases & Covers","Protect your HP EliteBook x360 830 G9/G10/G11 with the most rugged Chromebook case on the market. Our always-on, premium Chromebook protection is perfect for your back-to-school, distance learning, or workplace needs. Gumdrop’s DropTech case features an easy to install, two (2)-piece, full-coverage design that boasts rubberized tread and reinforced air-cell corners along all eight (8) sides of the device to protect against bumps, drops, and more. What is the best Chromebook for students? Which laptops are best for work? Ones protected to handle all the oops moments that happen in the classroom, workplace, and beyond.","Rugged Chromebook case custom-moulded to fit HP EliteBook x360 830 G9/G10/G11, offering maximum protection beyond mil-specs, exceeding MIL-STD-810G.
Two (2)-piece, full-coverage case with rugged, rubberized tread on top and bottom panels to protect devices on all eight (8) sides.
Patented, reinforced air-cell corners and rubberized bumpers surround top and bottom panels to cushion and absorb the shock from bumps, drops, and scratches.
Best-in-class drop protection against falls up to four (4) feet making the case TechShell Rugged Certified
Fully transparent top and bottom allow for easy, manageable asset tagging.","https://www.mmt.com.au/Files/Product assets/Images/15B/01H021.jpg","https://www.mmt.com.au/Files/Product assets/Images/15B/01H021.jpg","https://www.mmt.com.au/Files/Product assets/Images/15B/01H021.jpg","MELBHO","0.5","2*23*35","Current Stock","1","","818090025908"
"01H023","01H023","Gumdrop","14H","Gumdrop DropTech AUX Headset","44.95","28","147","Audio","Headphones","Confidently take on testing season with Gumdrop’s reliable, stereo sound DropTech Headphones with Mic. With best-in-class drop protection at an affordable price, these headphones will ace any test. The DropTech Headphones are are compatible with 3.5mm Audio Jack. Every feature was added with students in mind. The twistable, break-resistant, and adjustable headband was tested to fit students comfortably, while a flexible microphone allows for long-term use. Do your students chew on cords? The braided, 4 foot long, cord is chew-proof to complete the student-proof design. Our volume-limiting design offers a sound pressure between 75-110 dB.","Best-in-class drop protection against falls up to six (6) feet
Safe stereo sound pressure between 75-110 dB
Improved compatibility for 3.5 mm
Braided, 4 foot long, chew-proof cord
Durable, flexible microphone for long-term use
No installation required: Simple plug and play design
Twistable, adjustable, break-resistant headband","https://www.mmt.com.au/Files/Product assets/Images/14H/01H023.jpg","https://www.mmt.com.au/Files/Product assets/Images/14H/01H023.jpg","https://www.mmt.com.au/Files/Product assets/Images/14H/01H023.jpg","MELBHO","1","8*20*24","Current Stock","1","","818090026233"
"01H024","01H024","Gumdrop","14H","Gumdrop DropTech AUX Headphone","39.95","26","190","Audio","Headphones","Confidently take on testing season with Gumdrop’s reliable, stereo sound DropTech Headphones. With best-in-class drop protection at an affordable price, these headphones will ace any test. The DropTech Headphones are are compatible with 3.5mm Audio Jack. Every feature was added with students in mind. The twistable, break-resistant, and adjustable headband was tested to fit students comfortably. Do your students chew on cords? The braided, 4 foot long, cord is chew-proof to complete the student-proof design. Our volume-limiting design offers a sound pressure between 75-110 dB.","Best-in-class drop protection against falls up to six (6) feet
Safe stereo sound pressure between 75-110 dB
Improved compatibility for 3.5 mm Audio Jack
Braided, 4 foot long, chew-proof cord
No installation required: Simple plug and play design
Twistable, adjustable, break-resistant headband","https://www.mmt.com.au/Files/Product assets/Images/14H/01H024.jpg","https://www.mmt.com.au/Files/Product assets/Images/14H/01H024.jpg","https://www.mmt.com.au/Files/Product assets/Images/14H/01H024.jpg","MELBHO","1","8*20*24","Current Stock","1","","818090026240"
"01H025","01H025","Gumdrop","14H","Gumdrop DropTech USB-C Headset","65.95","39","398","Audio","Headphones","Confidently take on testing season with Gumdrop’s reliable, stereo sound DropTech Headphones with Mic. With best-in-class drop protection at an affordable price, these USB-C headphones will ace any test. The DropTech Headphones are are compatible with: USB-C. Every feature was added with students in mind. The twistable, break-resistant, and adjustable headband was tested to fit students comfortably, while a flexible microphone allows for long-term use. Do your students chew on cords? The braided, 4 foot long, cord is chew-proof to complete the student-proof design. Our volume-limiting design offers a sound pressure between 75-110 dB.","Best-in-class drop protection against falls up to six (6) feet
Safe stereo sound pressure between 75-110 dB
Improved compatibility for USB-C.
Braided, 4 foot long, chew-proof cord
Durable, flexible microphone for long-term use
No installation required: Simple plug and play design
Twistable, adjustable, break-resistant headband","https://www.mmt.com.au/Files/Product assets/Images/14H/01H025.jpg","https://www.mmt.com.au/Files/Product assets/Images/14H/01H025.jpg","https://www.mmt.com.au/Files/Product assets/Images/14H/01H025.jpg","MELBHO","1","8*20*24","Current Stock","1","","818090026264"
"01H026","01H026","Gumdrop","14H","Gumdrop DropTech USB-C Headphone","59.95","35","702","Audio","Headphones","Confidently take on testing season with Gumdrop’s reliable, stereo sound DropTech Headphones. With best-in-class drop protection at an affordable price, these USB-C headphones will ace any test. The DropTech Headphones are are compatible with: USB-C. Every feature was added with students in mind. The twistable, break-resistant, and adjustable headband was tested to fit students comfortabl. Do your students chew on cords? The braided, 4 foot long, cord is chew-proof to complete the student-proof design. Our volume-limiting design offers a sound pressure between 75-110 dB.","Best-in-class drop protection against falls up to six (6) feet
Safe stereo sound pressure between 75-110 dB
Improved compatibility for USB-C.
Braided, 4 foot long, chew-proof cord
No installation required: Simple plug and play design
Twistable, adjustable, break-resistant headband","https://www.mmt.com.au/Files/Product assets/Images/14H/01H026.jpg","https://www.mmt.com.au/Files/Product assets/Images/14H/01H026.jpg","https://www.mmt.com.au/Files/Product assets/Images/14H/01H026.jpg","MELBHO","0.42","7*19*21","Current Stock","1","","818090026257"
"01H028","01H028","Gumdrop","15B","Gumdrop GumdroDropTech for HP Fortis 11-inch G10","105.95","76","0","Computers","Bags, Cases & Covers","Protect your HP Fortis 11-inch G10 Chromebook with the most rugged case on the market. Custom-molded and always on, this premium Chromebook case is perfect for your back-to-school, distance learning or workplace needs. Gumdrop’s DropTech Fortis 11-inch Chromebook Case features a two (2)-piece, full-coverage design.  It boasts rubberized tread and reinforced air-cell corners along all eight (8) sides of the device to protect against bumps, drops, and more. With TechShell Rugged certification, enjoy peace of mind knowing your device can survive drops up to four (4) feet with ease. It's ready for all the oops moments that happen in the classroom, workplace and beyond.","Custom-Molded Case: This rugged case is custom-molded to fit the Fortis G10 11-inch Chromebook with maximum protection, exceeding MIL-STD-810G.
Complete Coverage: Two (2)-piece, full-coverage case with rugged, rubberized tread on top and bottom panels to protect devices on all eight (8) sides.
30-Second Installation: Quick and easy slide-and-click installation in just 30 seconds or less.
Asset Tagging: Fully transparent top and bottom allow for easy, manageable asset tagging.
Air-Cell Corners: Patented, reinforced air-cell corners and rubberized bumpers absorb shock and deflect impact from bumps, drops, and scratches.
Fully Functional: Patented, 2-in-1 case design allows for full functionality.","https://www.mmt.com.au/Files/Product assets/Images/15B/01H028.jpg","https://www.mmt.com.au/Files/Product assets/Images/15B/01H028.jpg","https://www.mmt.com.au/Files/Product assets/Images/15B/01H028.jpg","MELBHO","0.7","4*22*31","Order to Order","4","",""
"01H036","01H036","Gumdrop","15B","Gumdrop DropTech for HP EliteBook 8 G1i 13"" FLIP","79.95","59","0","Computers","Bags, Cases & Covers","Protect your HP EliteBook 8 G1i 13″ Flip with the most rugged laptop case on the market. Our always-on, premium laptop protection is perfect for your back-to-school, distance learning, or workplace needs. Gumdrop’s DropTech case features an easy to install, two (2)-piece, full-coverage design that boasts rubberized tread and reinforced air-cell corners along all eight (8) sides of the device to protect against bumps, drops, and more. What is the best laptop for students? Which laptops are best for work? Ones protected to handle all the “oops” moments that happen in the classroom, workplace, and beyond.
With TechShell Rugged certification, you can be confident that your device can survive drops up to four (4) feet, a much-needed peace of mind for tech directors, teachers, students, and businesses alike making our case a perfect school or workplace laptop case.
Your IT department will love you for choosing Gumdrop thanks to our superior drop protection, quick, easy slide-and-click installation and transparent panels for asset tagging. Protect your devices and precious IT resources with a case you never have to think about, making deployments easy and device damage a thing of the past. Our DropTech case for HP EliteBook 8 G1i 13″ Flip provides custom-molded, always-on protection you can trust that is ready for anything. Why? Because we’ll drop everything to protect your tech.","Rugged laptop case custom-molded to fit HP EliteBook 8 G1i 13"" Flip, offering maximum protection beyond mil-specs, exceeding MIL-STD-810G
Two (2)-piece, full-coverage case with rugged, rubberized tread on top and bottom panels to protect devices on all eight (8) sides
Patented, reinforced air-cell corners and rubberized bumpers surround top and bottom panels to cushion and absorb the shock from bumps, drops, and scratches
Best-in-class drop protection against falls up to four (4) feet making the case TechShell Rugged Certified
Fully transparent top and bottom allow for easy, manageable asset tagging
Quick and easy slide-and-click installation in just 30 seconds or less
Patented, 2-in-1 case design allows for full functionality moving from laptop to tablet mode","https://www.mmt.com.au/Files/Images/Product Images/01H036.png","https://www.mmt.com.au/Files/Images/Product Images/01H036.png","https://www.mmt.com.au/Files/Images/Product Images/01H036.png","MELBHO","0.76","4*33*23","Current Stock","1","","818090026790"
"01L011","01L011","Gumdrop","15B","Gumdrop DropTech for Lenovo 500e/500w","105.95","72","12","Computers","Bags, Cases & Covers","Protect your Lenovo 500e/500w Yoga Gen 5 & Gen 4 with the most rugged Chromebook case on the market. Our always-on, premium protection is perfect for your back-to-school, distance learning, or workplace needs. Gumdrop’s DropTech case features an easy to install, two (2)-piece, full-coverage design that boasts rubberized tread and reinforced air-cell corners along all eight (8) sides of the device to protect against bumps, drops, and more. What is the best Chromebook for students? Which laptops are best for work? Ones protected to handle all the “oops” moments that happen in the classroom, workplace, and beyond.","","https://www.mmt.com.au/Files/Product assets/Images/15B/01L011.jpg","https://www.mmt.com.au/Files/Product assets/Images/15B/01L011.jpg","https://www.mmt.com.au/Files/Product assets/Images/15B/01L011.jpg","MELBHO","0.8","4*23*34","Clearance","3","","818090025939"
"01L013","01L013","Gumdrop","15B","Gumdrop DropTech for Lenovo L13 YogaG4/5","105.95","76","0","Computers","Bags, Cases & Covers","Protect your Lenovo ThinkPad L13 Yoga Gen 4 and 5 with the most rugged laptop case on the market. Our always-on, premium protection is perfect for your back-to-school, distance learning, or workplace needs. Gumdrop’s DropTech case features an easy to install, two (2)-piece, full-coverage design that boasts rubberized tread and reinforced air-cell corners along all eight (8) sides of the device to protect against bumps, drops, and more. What is the best laptop for students? Which laptops are best for work? Ones protected to handle all the oops! moments that happen in the classroom, workplace, and beyond.","Rugged case custom-molded to fit Lenovo ThinkPad L13 Yoga 5th & 4th Gen offering maximum protection beyond mil-specs, exceeding MIL-STD-810G
Two (2)-piece, full-coverage case with rugged, rubberized tread on top and bottom panels to protect devices on all eight (8) sides
Patented, reinforced air-cell corners and rubberized bumpers surround top and bottom panels to cushion and absorb the shock from bumps, drops, and scratches
Best-in-class drop protection against falls up to four (4) feet making the case TechShell Rugged Certified
Fully transparent top and bottom allow for easy, manageable asset tagging
Quick and easy slide-and-click installation in just 30 seconds or less
Patented, 2-in-1 case design allows for full functionality moving from laptop to tablet mode
Compatible with optional Stylus Holder (sold separately).","https://www.mmt.com.au/Files/Product assets/Images/15B/01L013.jpg","https://www.mmt.com.au/Files/Product assets/Images/15B/01L013.jpg","https://www.mmt.com.au/Files/Product assets/Images/15B/01L013.jpg","MELBHO","0.8","4*23*33","Order to Order","4","","818090026462"
"01L015","01L015","Gumdrop","15B","Gumdrop DT for Lenovo ThinkPad L13 Gen 6","105.95","76","0","Computers","Bags, Cases & Covers","Protect your Lenovo ThinkPad L13 2-in-1 Gen 6 with the most rugged laptop case on the market. Our always-on, premium protection is perfect for your back-to-school, distance learning, or workplace needs. Gumdrop’s DropTech case features an easy to install, two (2)-piece, full-coverage design that boasts rubberized tread and reinforced air-cell corners along all eight (8) sides of the device to protect against bumps, drops, and more. What is the best laptop for students? Which laptops are best for work? Ones protected to handle all the “oops” moments that happen in the classroom, workplace, and beyond.","Rugged case custom-molded to fit Lenovo ThinkPad L13 2-in-1 Gen 6 offering maximum protection beyond mil-specs, exceeding MIL-STD-810G.
Two (2)-piece, full-coverage case with rugged, rubberized tread on top and bottom panels to protect devices on all eight (8) sides.
Patented, reinforced air-cell corners and rubberized bumpers surround top and bottom panels to cushion and absorb the shock from bumps, drops, and scratches.
Best-in-class drop protection against falls up to four (4) feet making the case TechShell Rugged Certified.
Fully transparent top and bottom allow for easy, manageable asset tagging.
Quick and easy slide-and-click installation in just 30 seconds or less.
Patented, 2-in-1 case design allows for full functionality moving from laptop to tablet mode.
Compatible with optional Stylus Holder (sold separately).","https://www.mmt.com.au/Files/Product assets/Images/15B/01L015.jpg","https://www.mmt.com.au/Files/Product assets/Images/15B/01L015.jpg","https://www.mmt.com.au/Files/Product assets/Images/15B/01L015.jpg","MELBHO","0.55","3*32*23","Order to Order","4","","818090026752"
"01L018","01L018","Gumdrop","15B","Gumdrop DropTech for Lenovo Chromebook 100e Gen 5","105.95","76","0","Computers","Bags, Cases & Covers","Protect your Lenovo Chromebook 100e Gen 5 with the most rugged Chromebook case on the market. Our always-on, premium Chromebook protection is perfect for your back-to-school, distance learning, or workplace needs. Gumdrop’s DropTech case features an easy to install, two (2)-piece, full-coverage design that boasts rubberized tread and reinforced air-cell corners along all eight (8) sides of the device to protect against bumps, drops, and more. What is the best Chromebook for students? Which laptops are best for work? Ones protected to handle all the “oops” moments that happen in the classroom, workplace, and beyond. With TechShell™ Rugged certification, you can be confident that your device can survive drops up to four (4) feet, a much-needed peace of mind for tech directors, teachers, students, and businesses alike making our case a perfect school or workplace Chromebook case. Your IT department will love you for choosing Gumdrop thanks to our superior drop protection, quick, easy slide-and-click installation and transparent panels for asset tagging. Protect your devices and precious IT resources with a case you never have to think about, making deployments easy and device damage a thing of the past. Our DropTech case for Lenovo Chromebook 100e Gen 5 provides custom-molded, always-on protection you can trust that is ready for anything. Why? Because we’ll drop everything to protect your tech.","Rugged Chromebook case custom-molded to fit Lenovo Chromebook 100e Gen 5, offering maximum protection beyond mil-specs, exceeding MIL-STD-810G 
Two (2)-piece, full-coverage case with rugged, rubberized tread on top and bottom panels to protect devices on all eight (8) sides
Patented, reinforced air-cell corners and rubberized bumpers surround top and bottom panels to cushion and absorb the shock from bumps, drops, and scratches 
Best-in-class drop protection against falls up to four (4) feet making the case TechShell Rugged Certified
Fully transparent top and bottom allow for easy, manageable asset tagging 
Quick and easy slide-and-click installation in just 30 seconds or less 
Compatible with optional Stylus Holder (sold separately)","https://www.mmt.com.au/Files/Uploads/01L018.png","https://www.mmt.com.au/Files/Uploads/01L018.png","https://www.mmt.com.au/Files/Uploads/01L018.png","MELBHO","0.137","2.3*21.6*30.7","Order to Order","4","",""
"01P000","01P000","Gumdrop","15B","Gumdrop DropTech for Microsoft Surface","105.95","72","0","Computers","Bags, Cases & Covers","Our popular DropTech case offers durable drop protection to keep your Surface Laptop SE protected from everyday bumps, accidents, and mishaps. Featuring reinforced air-cell corners for shock absorption and interior ribs construction to dissipate impact away from the device. Designed with a high-quality clear polycarbonate plastic finish, the case also offers tech directors full asset management with complete asset tag protection and scanning. Custom-molded Black rubberized material leaves the sides ports fully accessible and allows the Surface Laptop SE to fully articulate to its max 135 degrees for an optimal user experience.","Reinforced air-cell corners flex to offer maximum shock absorption
2-piece case with rugged, co-molded TPU tread on top and bottom shells
Ideal for take-home device programs
Transparent top and bottom for easy asset tagging, management and protection
Interior shock ribs to cushion and dissipate impact away from devices in falls","https://www.mmt.com.au/Files/Product assets/Images/15B/01P000.jpg","https://www.mmt.com.au/Files/Product assets/Images/15B/01P000.jpg","https://www.mmt.com.au/Files/Product assets/Images/15B/01P000.jpg","MELBHO","0.5","3*21*31","Order to Order","4","","818090025335"
"02358960","02358960","Vertiv","31D","Vertiv Liebert Rail Kit for ITA2 UPS","108.00","70","7","Power Protection","UPS Accessories","Vertiv Liebert Mounting Rail Kit for UPS","","https://www.mmt.com.au/Files/Product assets/Images/31D/02358960.jpg","https://www.mmt.com.au/Files/Product assets/Images/31D/02358960.jpg","https://www.mmt.com.au/Files/Product assets/Images/31D/02358960.jpg","MELBHO","3","7*11*60","Current Stock","1","","813829018466"
"02A002","02A002","Gumdrop","15B","Gumdrop FoamTech iPad 10.2"" Case","79.95","18","58","Computers","Bags, Cases & Covers","As learning tools, iPad devices are being used more and more by kids at home, in school, or at play. But kids will be kids and accidents do happen. Gumdrop has you covered with the lightweight yet rugged FoamTech case that features a handy handle that can also be folded for viewing and typing modes. Even with all this protection, FoamTech allows access to all ports and buttons, as well as the camera and speakers. The back of the case features a window cut-out for easy asset tagging. Protect your investment and have peace of mind with the FoamTech rugged case from Gumdrop Cases. The case is designed to accommodate the Apple Pencil and other third-party styluses.","Form-fitting lightweight foam provides precise fit and maximum protection
Handle doubles as stand allowing for both a viewing and typing angle
Full access to ports and media controls
Back of the case features a window cut-out for easy asset tagging","https://www.mmt.com.au/Files/Product assets/Images/15B/02A002.jpg","https://www.mmt.com.au/Files/Product assets/Images/15B/02A002.jpg","https://www.mmt.com.au/Files/Product assets/Images/15B/02A002.jpg","MELBHO","0.4","2*28*28","Clearance","3","","818090023638"
"02A003","02A003","Gumdrop","15B","Gumdrop FoamTech iPad 11"" Case","79.95","42","252","Computers","Bags, Cases & Covers","Gumdrop’s lightweight yet rugged FoamTech case for iPad (10th/11th Gen) was made for the elementary classroom featuring a convenient handle that can also be folded for viewing and typing modes. FoamTech allows access to all ports and buttons, as well as the camera and speakers. The back of the case features a window cut-out for easy asset tagging. Most importantly, FoamTech has earned 3rd-party TechShell certification, guaranteeing drop protection up to four (4) feet making FoamTech the best choice for K-12 classrooms.","Form-fitting lightweight foam provides precise fit and maximum device protection
Handle doubles as stand allowing for both a viewing and typing angle
Maximum device protection up to four (4) feet","https://www.mmt.com.au/Files/Product assets/Images/15B/02A003.jpg","https://www.mmt.com.au/Files/Product assets/Images/15B/02A003.jpg","https://www.mmt.com.au/Files/Product assets/Images/15B/02A003.jpg","MELBHO","0.36","27*2*28","Current Stock","1","","818090025779"
"0340B","0340B","Pelican","15B","Pelican 340 Cube Case Black","1119.95","760","0","Computers","Bags, Cases & Covers","Sensitive equipment needs protection and since 1976 the answer has been the Pelican Protector Case. These cases are designed rugged and travel the harshest environments on earth. Against the extreme cold of the arctic or the heat of battle, Pelican cases have survived. Made in the USA, these tough cases are designed with an automated purge valve that equalizes air pressure, a watertight silicone O-ring lid, over-molded rubber handles and stainless steel hardware.","Large 2-person fold down handles
Built-in/spring loaded pull handle
Stainless steel caster wheels included
Watertight, crushproof and dustproof
Open cell core with solid wall design - strong, light weight
3 level Pick N Pluck with convoluted lid foam
Easy open Double Throw latches
Stainless steel hardware and padlock protectors
Automatic Pressure Equalization Valve - balances interior pressure, keeps water out
O-ring seal
Lifetime Guarantee of Excellence
Dimensions: Interior (L x W x D) 18.00"" x 18.00"" x 18.00"" (45.7 x 45.7 x 45.7 cm)
Dimensions: Exterior (L x W x D) 20.5"" x 20.50"" x 19.25"" (52.1 x 52.1 x 48.9 cm)","https://www.mmt.com.au/Files/Product assets/Images/15B/0340B.jpg","https://www.mmt.com.au/Files/Product assets/Images/15B/0340B.jpg","https://www.mmt.com.au/Files/Product assets/Images/15B/0340B.jpg","MELBHO","39","51*53*57","Order to Order","4","","19428079208"
"03A005","03A005","Gumdrop","15B","Gumdrop Hideaway Rugged iPad 10.2"" Case","99.95","19","3","Computers","Bags, Cases & Covers","The best drop protection for the iPad 10.2 (9th Gen) is here! Gumdrop's new Hideaway case offers multiple layers of custom moulded, shock absorbing material to keep your Tablet securely protected. All ports and controls are openly accessible, allowing for hassle-free functionality for all the features of your tablet. HEAVY DUTY CASE FOR IPAD 10.2"": The Hideaway case remains tough as nails, able to take repeated drops without breaking a sweat. PERFECT FOR WORK OR SCHOOL ENVIRONMENTS: The built-in display stand allows you to keep your iPad at the most convenient angle for typing and viewing modes.","Durable protection for the iPad 10.2"", including screen and port covers
Reinforced rubber bumpers on the corners prevent dings and scratches
Impact resistant, dual-layer silicone/ABS construction
Full access to touch ID technology
Removable stylus holder, and built-in stand
Heavy duty iPad 10.2 case
Integrated screen shield prevents scratches","https://www.mmt.com.au/Files/Product assets/Images/15B/03A005.jpg","https://www.mmt.com.au/Files/Product assets/Images/15B/03A005.jpg","https://www.mmt.com.au/Files/Product assets/Images/15B/03A005.jpg","MELBHO","0.401","3*21*27","Clearance","3","","818090023621"
"03A006","03A006","Gumdrop","15B","Gumdrop Shoulder strap for Hideaway","19.95","12.8","28","Computers","Bags, Cases & Covers","Gumdrop Shoulder strap for Hideaway Rugged iPad  Case, Attaches to Hideaway iPad case, Reinforced stitching for increased durability, Adjustable webbing strap, Durable side release buckle.","Attaches to Hideaway 10.2"" & 10.9"" iPad case
Reinforced stitching for increased durability
Adjustable webbing strap
Durable side release buckle","https://www.mmt.com.au/Files/Product assets/Images/15B/03A006.jpg","https://www.mmt.com.au/Files/Product assets/Images/15B/03A006.jpg","https://www.mmt.com.au/Files/Product assets/Images/15B/03A006.jpg","MELBHO","0.2","4*8*17","Current Stock","1","","818090023744"
"03A011","03A011","Gumdrop","15B","Gumdrop Hideaway Rugged iPad 11"" Case","79.95","43","8","Computers","Bags, Cases & Covers","The Hideaway case for iPad (10th/11th Gen) features a shockproof, built-in kickstand and protective screen cover to prevent liquids, dust, and dirt from damaging the iPad. The magnetized stand ingeniously hides away into the silicone back and can easily be engaged with a simple clip and click that keeps it safe and secure when not in use. Rubberized bumpers surround the case edges with our signature tread design and reinforced corners to ensure maximum shock absorption. As always, this case is drop tested to protect against falls up to four (4) feet, exceeding military drop-test standards for maximum protection.","Built-in hideaway kickstand easy to engage or tuck away when not in use
Includes screen overlay and port covers to protect against liquids, dust, and dirt
Maximum device protection up to four (4) feet
Compatible with optional stylus holder (not included). *Stylus holder not compatible with Apple Pencil gen 2","https://www.mmt.com.au/Files/Product assets/Images/15B/03A011.jpg","https://www.mmt.com.au/Files/Product assets/Images/15B/03A011.jpg","https://www.mmt.com.au/Files/Product assets/Images/15B/03A011.jpg","MELBHO","0.3","2*20*27","Current Stock","1","","818090025762"
"06C010","06C010","Gumdrop","15B","Gumdrop SlimTech FOR ACER Chromebook 511","79.95","52","0","Computers","Bags, Cases & Covers","Protect the Acer Chromebook 511 C734 Clamshell without breaking the bank. Our new Slimtech case enhances traditional hard cases with a shockproof bumper that wraps around the edges. The case is thin enough to allow the Acer 734 to fit into any charging cart, provides excellent venting to keep your device cool, and gives you easy access to all ports. The Slimtech case features a transparent panel on the bottom to add device identification including asset tags, school logos, photos and more!","2-piece case construction
Co-moulded TPU bumpers on top shell for bump and scratch protection
PC bottom shell for additional protection
Easy clip on installation. No adhesive needed!
Textured grip areas and frosted edges for additional protection from scuffs and scratches
Clean design with transparent top and bottom for easy asset tagging and management
Lightweight and charge cart optimized with a slim and smooth form factor
EDP (Energy Displacement Protection) added to bottom corners of the case for superior protection","https://www.mmt.com.au/Files/Product assets/Images/15B/06C010.jpg","https://www.mmt.com.au/Files/Product assets/Images/15B/06C010.jpg","https://www.mmt.com.au/Files/Product assets/Images/15B/06C010.jpg","MELBHO","0.7","3*23*36","Order to Order","4","","818090025540"
"06C013","06C013","Gumdrop","15B","Gumdrop SlimTech ASUS CR1104(F) & More","79.95","52","0","Computers","Bags, Cases & Covers","Gumdrop's SlimTech case for ASUS CR1104(F)/CZ1104(F)/BR1104(F)/BZ1204(F) provides a light, sleek, and budget-friendly student or workplace Chromebook case option perfect for back-to-school, distance learning, or working in the office. Designed to be the best Chromebook case for schools, the case features two (2)-piece, full coverage construction, surrounding the screen of the device with rubberized bumpers to cushion bumps and provide drop protection for falls up to two (2) feet. With quick and easy installation and transparent top and bottom panels perfect for asset tagging and management, Gumdrop cases are an IT department’s dream.","Sleek, clean, lightweight, always-on Chromebook case.
Two (2)-piece, full-coverage case construction provides protections for all eight (8) sides of the device.
Rubberized bumpers surround the top panel to cushion against drops, bumps and scratches.
Textured grip areas and frosted edges allow for additional protection from scuffs and scratches.
Best-in-class drop protection against falls up to two (2) feet making the case TechShell Basic Certified, offering additional protection beyond basic mil-specs.
Transparent top and bottom allow for easy, manageable asset tagging.
Quick and easy slide-and-click installation in just 30 seconds or less.
Device compatibility with: ASUS BR1104C, BR1104F. And ASUS Chromebook CZ11 (CZ1104C), CZ11 Flip (CZ1104F), CR11 (CR1104C) & CR11 Flip (CR1104F)","https://www.mmt.com.au/Files/Product assets/Images/15B/06C013.jpg","https://www.mmt.com.au/Files/Product assets/Images/15B/06C013.jpg","https://www.mmt.com.au/Files/Product assets/Images/15B/06C013.jpg","MELBHO","0.58","3*24*32","Order to Order","4","","818090026349"
"06D000E01-1","06D000E01-1","Gumdrop","15B","Gumdrop SlimTech for Dell 3110/3100","79.95","9","2","Computers","Bags, Cases & Covers","DELL CHROMEBOOK 3100 (CLAMSHELL) CASE
The perfect solution for in-class protection for your Dell Chromebook 3100 (Clamshell). SlimTech, the latest innovation from Gumdrop, provides solid bump and scratch protection within a slim form factor that’s optimized for charge carts.","Textured grip areas and frosted edges for additional protection from scuffs and scratches
Clean design with transparent top and bottom for easy asset tagging and management
Lightweight and charge cart optimized with a slim and smooth form factor
2-piece case construction
Co-moulded TPU bumpers on top shell for bump and scratch protection
PC bottom shell for additional protection
Easy clip on installation. No adhesive needed!","https://www.mmt.com.au/Files/Product assets/Images/15B/06D000E01-1.jpg","https://www.mmt.com.au/Files/Product assets/Images/15B/06D000E01-1.jpg","https://www.mmt.com.au/Files/Product assets/Images/15B/06D000E01-1.jpg","MELBHO","0.5","3*24*33","Clearance","3","","818090023676"
"06D001E01-2","06D001E01-2","Gumdrop","15B","Gumdrop SlimTech for DELL 3110/3100","79.95","9","1","Computers","Bags, Cases & Covers","Gumdrop SLIMTECH FOR DELL 3110/3100 CHROMEBOOK (2-IN-1)
The perfect solution for in-class protection for your Dell Chromebook 3100 (2-in-1). SlimTech, the latest innovation from Gumdrop, provides solid bump and scratch protection within a slim form factor that’s optimized for charge carts.","Textured grip areas and frosted edges for additional protection from scuffs and scratches
Clean design with transparent top and bottom for easy asset tagging and management
Lightweight and charge cart optimized with a slim and smooth form factor
Full functionality when moving from desktop to tablet mode
2-piece case construction
Co-moulded TPU bumpers on top shell for bump and scratch protection
PC bottom shell for additional protection
Easy clip on installation. No adhesive needed!","https://www.mmt.com.au/Files/Product assets/Images/15B/06D001E01-2.jpg","https://www.mmt.com.au/Files/Product assets/Images/15B/06D001E01-2.jpg","https://www.mmt.com.au/Files/Product assets/Images/15B/06D001E01-2.jpg","MELBHO","0.29","3*24*32","Clearance","3","","818090023713"
"06D004","06D004","Gumdrop","15B","Gumdrop SlimTech FOR DELL LATITUDE 3330","79.95","52","0","Computers","Bags, Cases & Covers","Gumdrop's SlimTech case for Dell Latitude 3330 (2-in-1) provides a light, sleek, and budget-friendly Dell laptop case option perfect for back-to-school, distance learning, or the workplace. Designed to be the best laptop case for schools, the case features two (2)-piece, full coverage construction, surrounding the device's screen with rubberized bumpers to cushion bumps and provide drop protection for falls up to two (2) feet. With quick and easy installation and transparent top and bottom panels perfect for asset tagging and management, Gumdrop cases are an IT department's dream. An ideal school or business laptop case!","Sleek, clean, lightweight design
Two (2)-piece, full-coverage case construction provides protections for all eight (8) sides of the device
Rubberized bumpers surround the top panel to cushion against bumps and drops
Textured grip areas and frosted edges allow for additional protection from scuffs and scratches
Drop-tested to protect against falls up to two (2) feet making the case TechShell Basic Certified, offering maximum protection beyond mil-specs, exceeding MIL-STD-810G
Transparent top and bottom allow for easy, manageable asset tagging
Quick and easy slide-and-click installation in just 30 seconds or less","https://www.mmt.com.au/Files/Product assets/Images/15B/06D004.jpg","https://www.mmt.com.au/Files/Product assets/Images/15B/06D004.jpg","https://www.mmt.com.au/Files/Product assets/Images/15B/06D004.jpg","MELBHO","0.3","2*19*32","Order to Order","4","",""
"06D010","06D010","Gumdrop","15B","Gumdrop SlimTech FOR DELL LATITUDE 3440","79.95","52","0","Computers","Bags, Cases & Covers","Gumdrop's SlimTech case for Dell Latitude 3440 (Clamshell) provides a light, sleek, and budget-friendly student or workplace laptop case option perfect for back-to-school, distance learning, or working in the office. Designed to be the best laptop case for schools and businesses, the case features two (2)-piece, full coverage construction, surrounding the screen of the device with rubberized bumpers to cushion bumps and provide drop protection for falls up to two (2) feet. With quick and easy installation and transparent top and bottom panels perfect for asset tagging and management, Gumdrop cases are an IT department's dream. A perfect school or business laptop case!","Sleek, clean, lightweight, always-on laptop case
Two (2)-piece, full-coverage case construction provides protections for all eight (8) sides of the device.
Rubberized bumpers surround the top panel to cushion against drops, bumps and scratches.
Textured grip areas and frosted edges allow for additional protection from scuffs and scratches.
Best-in-class drop protection against falls up to two (2) feet making the case TechShell Basic Certified, offering additional protection beyond basic mil-specs.
Transparent top and bottom allow for easy, manageable asset tagging.
Quick and easy slide-and-click installation in just 30 seconds or less.","https://www.mmt.com.au/Files/Product assets/Images/15B/06D010.jpg","https://www.mmt.com.au/Files/Product assets/Images/15B/06D010.jpg","https://www.mmt.com.au/Files/Product assets/Images/15B/06D010.jpg","MELBHO","0.6","3*23*35","Order to Order","4","","818090025847"
"06D011","06D011","Gumdrop","15B","Gumdrop SlimTech FOR DELL LATITUDE 7340","79.95","52","0","Computers","Bags, Cases & Covers","Gumdrop's SlimTech case for Dell Latitude 7340 (2-in-1) offers reliable yet budget-friendly protection. This light, sleek Chromebook case option is perfect for back-to-school, distance learning, or working in the office. Designed to be the best Chromebook case for schools, the case features two (2)-piece, full coverage construction, surrounding the screen of the device with rubberized bumpers to cushion bumps and provide drop protection for falls up to two (2) feet. With quick and easy installation, you’ll attach the case in under 30 seconds. Plus, it’s an IT department’s dream with transparent top and bottom panels perfect for asset tagging and management.","Lightweight Design: Sleek, clean, lightweight, always-on case
Simple Installation: Quick and easy slide-and-click installation in just 30 seconds or less
Drop-Tested: Best-in-class drop protection against falls up to two (2) feet making the case TechShell Basic Certified, offering additional protection beyond basic mil-specs
Full Coverage Design: Two (2)-piece, full-coverage case construction provides protections for all eight (8) sides of the device
Rubberized Bumpers: Rubberized bumpers surround the top panel to cushion against drops, bumps and scratches
Protects Against Scratches: Textured grip areas and frosted edges allow for additional protection from scuffs and scratches
Asset Tagging: Transparent top and bottom allow for easy, manageable asset tagging
Full Functionality: Patented 2-in-1 case design allows for full functionality moving from laptop to tablet mode","https://www.mmt.com.au/Files/Product assets/Images/15B/06D011.jpg","https://www.mmt.com.au/Files/Product assets/Images/15B/06D011.jpg","https://www.mmt.com.au/Files/Product assets/Images/15B/06D011.jpg","MELBHO","0.6","3*23*35","Order to Order","4","","818090026196"
"06D012","06D012","Gumdrop","15B","Gumdrop SlimTech for Dell Pro 14","69.95","47","0","Computers","Bags, Cases & Covers","Gumdrop's SlimTech case for Dell Pro 14 provides a light, sleek, and budget-friendly student or workplace case option perfect for back-to-school, distance learning, or working in the office. Designed to be the best case for schools, the case features two (2)-piece, full coverage construction, surrounding the screen of the device with rubberized bumpers to cushion bumps and provide drop protection for falls. With quick and easy installation and transparent top and bottom panels perfect for asset tagging and management, Gumdrop cases are an IT department’s dream. A perfect school or business case!","Sleek, clean, lightweight, always-on molded case.
Two (2)-piece, full-coverage case construction provides protections for all eight (8) sides of the device.
Rubberized bumpers surround the top panel to cushion against drops, bumps and scratches.
Textured grip areas and frosted edges allow for additional protection from scuffs and scratches.
Transparent top and bottom allow for easy, manageable asset tagging.
Quick and easy slide-and-click installation in just 30 seconds or less.","https://www.mmt.com.au/Files/Product assets/Images/15B/06D012.jpg","https://www.mmt.com.au/Files/Product assets/Images/15B/06D012.jpg","https://www.mmt.com.au/Files/Product assets/Images/15B/06D012.jpg","MELBHO","2","3*35*34","Current Stock","1","","818090026622"
"06D013","06D013","Gumdrop","15B","Gumdrop SlimTech Dell Pro13 Plus C Shell","69.95","47","0","Computers","Bags, Cases & Covers","Gumdrop's SlimTech case for Dell Pro 13 Plus (Clamshell) provides a light, sleek, and budget-friendly student or workplace case option perfect for back-to-school, distance learning, or working in the office. Designed to be the best case for schools, the case features two (2)-piece, full coverage construction, surrounding the screen of the device with rubberized bumpers to cushion bumps and provide drop protection for falls.","Sleek, clean, lightweight, always-on molded case
Two (2)-piece, full-coverage case construction provides protections for all eight (8) sides of the device
Rubberized bumpers surround the top panel to cushion against drops, bumps and scratches
Textured grip areas and frosted edges allow for additional protection from scuffs and scratches
Transparent top and bottom allow for easy, manageable asset tagging
Quick and easy slide-and-click installation in just 30 seconds or less","https://www.mmt.com.au/Files/Product assets/Images/15B/06D013.jpg","https://www.mmt.com.au/Files/Product assets/Images/15B/06D013.jpg","https://www.mmt.com.au/Files/Product assets/Images/15B/06D013.jpg","MELBHO","0.61","3*24*34","Order to Order","4","","818090026707"
"06D014","06D014","Gumdrop","15B","Gumdrop SlimTech Dell Pro14 Plus C Shell","69.95","47","147","Computers","Bags, Cases & Covers","Gumdrop's SlimTech case for Dell Pro 14 Plus (Clamshell) provides a light, sleek, and budget-friendly student or workplace case option perfect for back-to-school, distance learning, or working in the office. Designed to be the best case for schools, the case features two (2)-piece, full coverage construction, surrounding the screen of the device with rubberized bumpers to cushion bumps and provide drop protection for falls.","Best-in-class drop protection against falls up to two (2) feet making the case TechShell Basic Certified, offering additional protection beyond MIL-STD 810 specs
Sleek, clean, lightweight, always-on molded case
Two (2)-piece, full-coverage case construction provides protections for all eight (8) sides of the device
Rubberized bumpers surround the top panel to cushion against drops, bumps and scratches
Textured grip areas and frosted edges allow for additional protection from scuffs and scratches
Transparent top and bottom allow for easy, manageable asset tagging
Quick and easy slide-and-click installation in just 30 seconds or less","https://www.mmt.com.au/Files/Product assets/Images/15B/06D014.jpg","https://www.mmt.com.au/Files/Product assets/Images/15B/06D014.jpg","https://www.mmt.com.au/Files/Product assets/Images/15B/06D014.jpg","MELBHO","0.3","3*32*23","Current Stock","1","","818090026721"
"06D015","06D015","Gumdrop","15B","Gumdrop SlimTech Dell Pro 13 Plus 2n1","69.95","47","10","Computers","Bags, Cases & Covers","Gumdrop's SlimTech case for Dell Pro 13 Plus (2-in-1) provides a light, sleek, and budget-friendly student or workplace case option perfect for back-to-school, distance learning, or working in the office. Designed to be the best case for schools, the case features two (2)-piece, full coverage construction, surrounding the screen of the device with rubberized bumpers to cushion bumps and provide drop protection for falls.","Sleek, clean, lightweight, always-on molded case
Two (2)-piece, full-coverage case construction provides protections for all eight (8) sides of the device
Rubberized bumpers surround the top panel to cushion against drops, bumps and scratches
Textured grip areas and frosted edges allow for additional protection from scuffs and scratches
Transparent top and bottom allow for easy, manageable asset tagging
Quick and easy slide-and-click installation in just 30 seconds or less","https://www.mmt.com.au/Files/Product assets/Images/15B/06D015.jpg","https://www.mmt.com.au/Files/Product assets/Images/15B/06D015.jpg","https://www.mmt.com.au/Files/Product assets/Images/15B/06D015.jpg","MELBHO","0.55","3*32*23","Order to Order","4","","818090026776"
"06H009","06H009","Gumdrop","15B","Gumdrop SlimTech for HP Chromebook x360","79.95","9","2","Computers","Bags, Cases & Covers","The perfect solution for in-class protection for your HP Chromebook x360 11 G3 EE Case. SlimTech, the latest innovation from Gumdrop, provides solid bump and scratch protection within a slim form factor that’s optimized for charge carts. Device Compatibility:HP Chromebook x360 11 G3 EE","Specific landing area for device's fabric stylus holder to adhere to case
Co-molded TPU bumpers on top shell for bump and scratch protection
PC bottom shell for additional protection
Easy clip on installation. No adhesive needed!
Textured grip areas and frosted edges for additional protection from scuffs and scratches
Clean design with transparent top and bottom for easy asset tagging and management
Charge cart optimized with a slim and smooth form factor. Full functionality when moving from desktop to tablet mode.
Affordable price point","https://www.mmt.com.au/Files/Product assets/Images/15B/06H009.jpg","https://www.mmt.com.au/Files/Product assets/Images/15B/06H009.jpg","https://www.mmt.com.au/Files/Product assets/Images/15B/06H009.jpg","MELBHO","0.6","3*22*31","Clearance","3","","818090023997"
"06H010","06H010","Gumdrop","15B","Gumdrop SlimTech for HP Chromebook x360","105.95","9","2","Computers","Bags, Cases & Covers","The perfect solution for in-class protection for your HP Fortis 11-inch G9 Q Chromebook Case. SlimTech, the latest innovation from Gumdrop, provides solid bump and scratch protection within a slim form factor that’s optimized for charge carts.","2-piece case construction
Co-moulded TPU bumpers on top shell for bump and scratch protection
PC Bottom shell for additional protection
Easy slide and clip on installation. No adhesive needed!
Textured grip areas and frosted edges for additional protection from scuffs and scratches
Clean design with transparent top and bottom for asset tagging
Slim and smooth form factor","https://www.mmt.com.au/Files/Product assets/Images/15B/06H010.jpg","https://www.mmt.com.au/Files/Product assets/Images/15B/06H010.jpg","https://www.mmt.com.au/Files/Product assets/Images/15B/06H010.jpg","MELBHO","1","4*23*35","Clearance","3","","818090025830"
"06H017","06H017","Gumdrop","15B","Gumdrop SlimTech for HP Fortis11 x360 G5","69.95","44","0","Computers","Bags, Cases & Covers","Gumdrop's SlimTech for HP Fortis x360 11 G5 provides a light, sleek, and budget-friendly student or workplace Chromebook case option perfect for back-to-school, distance learning, or working in the office. Designed to be the best Chromebook case for schools, the case features two (2)-piece, full coverage construction, surrounding the screen of the device with rubberized bumpers to cushion bumps and provide drop protection for falls up to two (2) feet. With quick and easy installation and transparent top and bottom panels perfect for asset tagging and management, Gumdrop cases are an IT department’s dream. A perfect school or business Chromebook case!","Sleek, clean, lightweight, always-on Chromebook case
Two (2)-piece, full-coverage case construction provides protections for all eight (8) sides of the device
Rubberized bumpers surround the top panel to cushion against drops, bumps and scratches
Textured grip areas and frosted edges allow for additional protection from scuffs and scratches
Best-in-class drop protection against falls up to two (2) feet making the case TechShellĀ™ Basic Certified, offering additional protection beyond basic mil-specs
Transparent top and bottom allow for easy, manageable asset tagging
Quick and easy slide-and-click installation in just 30 seconds or less","https://www.mmt.com.au/Files/Product assets/Images/15B/06H017.jpg","https://www.mmt.com.au/Files/Product assets/Images/15B/06H017.jpg","https://www.mmt.com.au/Files/Product assets/Images/15B/06H017.jpg","MELBHO","0.6","3*22*32","Order to Order","4","","818090026387"
"06L010","06L010","Gumdrop","15B","Gumdrop SlimTech for Lenovo","59.95","47","0","Computers","Bags, Cases & Covers","The perfect solution for in-class protection for your  Lenovo 500e/500w/300e/300w 3rd Gen (2-in-1). SlimTech, the latest innovation from Gumdrop, provides solid bump and scratch protection within a slim form factor that’s optimized for charge carts.","2-piece case construction
Co-molded TPU bumpers on top shell for bump and scratch protection
PC bottom shell for additional protection
Easy clip on installation. No adhesive needed!
Textured grip areas and frosted edges for additional protection from scuffs and scratches
Clean design with transparent top and bottom for easy asset tagging and management
Lightweight and charge cart optimized with a slim and smooth form factor
Affordable price point
Full functionality when moving from desktop to tablet mode","https://www.mmt.com.au/Files/Product assets/Images/15B/06L010.jpg","https://www.mmt.com.au/Files/Product assets/Images/15B/06L010.jpg","https://www.mmt.com.au/Files/Product assets/Images/15B/06L010.jpg","MELBHO","0.6","3*22*31","Order to Order","4","","818090025229"
"06L011","06L011","Gumdrop","15B","Gumdrop SlimTech for Lenovo 100e CB G4","79.95","52","0","Computers","Bags, Cases & Covers","Gumdrop's SlimTech case for Lenovo 100e Gen4, MediaTek (Clamshell) provides a light, sleek, and budget-friendly student or workplace Chromebook case option perfect for back-to-school, distance learning, or working in the office. Designed to be the best case for schools, the case features two (2)-piece, full coverage construction, surrounding the screen of the device with rubberized bumpers to cushion bumps and provide drop protection for falls up to two (2) feet. With quick and easy installation and transparent top and bottom panels perfect for asset tagging and management, Gumdrop cases are an IT department’s dream. Perfect for school or business!","Sleek, clean, lightweight, always-on case.
Two (2)-piece, full-coverage case construction provides protections for all eight (8) sides of the device.
Rubberised bumpers surround the top panel to cushion against drops, bumps and scratches.
Textured grip areas and frosted edges allow for additional protection from scuffs and scratches.
Best-in-class drop protection against falls up to two (2) feet making the case TechShell Basic Certified, offering additional protection beyond basic mil-specs.
Transparent top and bottom allow for easy, manageable asset tagging.
Quick and easy slide-and-click installation in just 30 seconds or less.","https://www.mmt.com.au/Files/Product assets/Images/15B/06L011.jpg","https://www.mmt.com.au/Files/Product assets/Images/15B/06L011.jpg","https://www.mmt.com.au/Files/Product assets/Images/15B/06L011.jpg","MELBHO","0.64","4*29*22","Order to Order","4","","818090025892"
"06L013","06L013","Gumdrop","15B","Gumdrop SlimTech for Lenovo 500E & 500W","79.95","52","0","Computers","Bags, Cases & Covers","Gumdrop's SlimTech case for Lenovo 500e G4 & 500w (G5/G4) Yoga (2-in-1) provides a light, sleek, and budget-friendly student or workplace Chromebook case option perfect for back-to-school, distance learning, or working in the office. Designed to be the best case for schools, the case features two (2)-piece, full coverage construction, surrounding the screen of the device with rubberised bumpers to cushion bumps and provide drop protection for falls up to two (2) feet.","Sleek, clean, lightweight, always-on case.
Two (2)-piece, full-coverage case construction provides protections for all eight (8) sides of the device.
Rubberised bumpers surround the top panel to cushion against drops, bumps and scratches.
Textured grip areas and frosted edges allow for additional protection from scuffs and scratches.
Best-in-class drop protection against falls up to two (2) feet making the case TechShell Basic Certified, offering additional protection beyond basic mil-specs.
Transparent top and bottom allow for easy, manageable asset tagging.
Quick and easy slide-and-click installation in just 30 seconds or less.
Patented 2-in-1 case design allows for full functionality moving from laptop to tablet mode.","https://www.mmt.com.au/Files/Product assets/Images/15B/06L013.jpg","https://www.mmt.com.au/Files/Product assets/Images/15B/06L013.jpg","https://www.mmt.com.au/Files/Product assets/Images/15B/06L013.jpg","MELBHO","0","0*0*0","Order to Order","4","",""
"06L014","06L014","Gumdrop","15B","Gumdrop SlimTech for Lenovo 100e","79.95","52","0","Computers","Bags, Cases & Covers","Gumdrop's SlimTech case for Lenovo 100e G4 (Intel) provides a light, sleek, and budget-friendly student or workplace Chromebook case option perfect for back-to-school, distance learning, or working in the office. Designed to be the best case for schools, the case features two (2)-piece, full coverage construction, surrounding the screen of the device with rubberized bumpers to cushion bumps and provide drop protection for falls up to two (2) feet.","Sleek, clean, lightweight, always-on case
Two (2)-piece, full-coverage case construction provides protections for all eight (8) sides of the device
Rubberized bumpers surround the top panel to cushion against drops, bumps and scratches
Textured grip areas and frosted edges allow for additional protection from scuffs and scratches
Best-in-class drop protection against falls up to two (2) feet making the case TechShell Basic Certified, offering additional protection beyond basic mil-specs
Transparent top and bottom allow for easy, manageable asset tagging
Quick and easy slide-and-click installation in just 30 seconds or less","https://www.mmt.com.au/Files/Product assets/Images/15B/06L014.jpg","https://www.mmt.com.au/Files/Product assets/Images/15B/06L014.jpg","https://www.mmt.com.au/Files/Product assets/Images/15B/06L014.jpg","MELBHO","0.64","0*0*0","Order to Order","4","",""
"08-P1108ABK+B","P1108ABK-C14049BK","Unitek","13LA","Unitek 08-P1108ABKx10 + 3LA-C14049BKx10","869.50","550","3","Display","Display Accessories","P1108ABK: Unitek Travel Tri GaN 3 Ports 66W Charger with USB PD, QC 3.0, with EU, UK and AU Plug, Black, Unitek Gift Box
C14049BK: Unitek 1.2m 3-in-1 USB-A to USC-C / MicroUSB / Lightning Cable, Data transfer rate of 480Mbps, works will all devices, Cable Length of 1.2M","","https://www.mmt.com.au/Files/Product assets/Images/13LA/08-P1108ABK_B.jpg","https://www.mmt.com.au/Files/Product assets/Images/13LA/08-P1108ABK_B.jpg","https://www.mmt.com.au/Files/Product assets/Images/13LA/08-P1108ABK_B.jpg","MELBHO","4.01","0*0*0","Current Stock","1","",""
"08-P1229ABK01-AU+B","P1229ABK01-C14049BK","Unitek","13LA","Unitek 08-P1229ABK01x10+13LA-C14049BKx10","799.50","520","0","Display","Display Accessories","P1229ABK01-AU: Unitek 4-in-1 Desktop GaN Charger, USB-C x2 PD, USB-A QC 3.0 x2 with Power Cord, 100W, Black, Unitek Gift Box
C14049BK: Unitek 1.2m 3-in-1 USB-A to USC-C / MicroUSB / Lightning Cable, Data transfer rate of 480Mbps, works will all devices, Cable Length of 1.2M","","https://www.mmt.com.au/Files/Product assets/Images/13LA/08-P1229ABK01-AU_B.jpg","https://www.mmt.com.au/Files/Product assets/Images/13LA/08-P1229ABK01-AU_B.jpg","https://www.mmt.com.au/Files/Product assets/Images/13LA/08-P1229ABK01-AU_B.jpg","MELBHO","4.6","0*0*0","Current Stock","1","",""
"100020039","100020039","SEEED","41","Seeed reComputer Mini J501 Carrier Board for Jetson AGX Orin with GMSL Extension","679.00","488","0","IoT Edge Solutions","Artificial Intelligence","The Seeed reComputer Mini J501 carrier board is an ultra‑compact and versatile platform designed for the NVIDIA Jetson AGX Orin modules (32GB and 64GB variants), delivering powerful edge AI performance in a small form factor.
It offers a rich set of industrial and high‑speed interfaces, including CAN, USB, Ethernet, RS‑485, I2S, along with GMSL expansion support for advanced camera and vision applications. This extensive I/O capability enables seamless integration with a wide range of sensors, peripherals, and robotics systems.
Engineered for flexibility, the J501 carrier board supports rapid development and deployment, making it an excellent choice for humanoid robotics, embedded AI systems, and rapid prototyping environments.
When paired with the Jetson AGX Orin module, the reComputer Mini J501 serves as a compact and cost‑effective alternative to the NVIDIA Jetson AGX Orin Developer Kit, while providing comparable performance and enhanced integration options for production‑ready deployments.
Warranty: 1 year 
Click here to contact our dedicated AI sales team to learn more about it. 
For more product information, please click here","","https://www.mmt.com.au/Files/Images/Product Images/2-100020039-recomputer-mini-j501---carrier-board-for-jetson-agx-orin.jpg","https://www.mmt.com.au/Files/Images/Product Images/2-100020039-recomputer-mini-j501---carrier-board-for-jetson-agx-orin.jpg","https://www.mmt.com.au/Files/Images/Product Images/2-100020039-recomputer-mini-j501---carrier-board-for-jetson-agx-orin.jpg","MELBHO","7","55*25*35","Order to Order","4","",""
"100032662","100032662","SEEED","41","Seeed reComputer Robotics J5012 with GMSL Advanced Edge AI Computer with NVIDIA Jetson AGX Orin 64GB","6859.00","4936","0","IoT Edge Solutions","Artificial Intelligence","Seeed reComputer Robotics J5012 is a high‑performance edge AI system powered by the NVIDIA Jetson AGX Orin™ 64GB module, delivering exceptional compute capability for demanding robotics and autonomous workloads.
It provides a comprehensive range of industrial I/O interfaces, including USB, Ethernet, CAN, RS‑232/422/485, digital I/O (DI/DO), and GMSL, enabling seamless integration with sensors, cameras, and control systems.
For connectivity, the platform includes an M.2 Key E slot for Wi‑Fi/Bluetooth and an M.2 Key B slot for 4G/5G modules, allowing flexible deployment in both connected and remote environments.
Designed for advanced edge AI applications, the J5012 is ideally suited to serve as the core compute platform for mobile robotics, autonomous vehicles, and AI‑powered vision systems, where high performance, reliability, and versatile connectivity are critical.
Warranty: 1 year 
Click here to contact our dedicated AI sales team to learn more about it. 
For more product information, please click here","","https://www.mmt.com.au/Files/Images/Product Images/6-100032662--recomputer-robotics-j5012-with-gmsl.jpg","https://www.mmt.com.au/Files/Images/Product Images/6-100032662--recomputer-robotics-j5012-with-gmsl.jpg","https://www.mmt.com.au/Files/Images/Product Images/6-100032662--recomputer-robotics-j5012-with-gmsl.jpg","MELBHO","7","55*35*25","Order to Order","4","",""
"100065783","100065783","SEEED","41","Seeed reBot Arm B601-DM Assembled Kit with Gripper (without Power Supply)","2795.00","2044","0","IoT Edge Solutions","Artificial Intelligence","(Coming Soon) Seeed Studios, reBot Arm B601 is a “True Open Source” robotic arm designed to lower the barrier to Embodied AI learning. It fully open-sources both hardware and software, including dual arm versions (Robostride and Damiao), complete mechanical design files, a detailed BOM, and support for Python SDK, ROS1/2, Isaac Sim, and LeRobot—enabling developers, students, and educators to easily build and explore real-world robotics applications. 
** Jetson module available separately ** ask our AI team for the best option to suit your use requirements
Features:
Fully Open-Source: A truly 100% open-source robotic arm in terms of hardware and software. It includes BOM lists, hardware drawings, software, and algorithms—everything you need.
Pre-assembled reBot Arm: Out-of-the-box and ready for immediate model validation and further development.
High-performance motors: 4 Damiao 4310 motors + 3 Damiao4340P high-torque, low-noise motors ensure stable and precise power for the reBot Arm B601-DM.
Framework Compatibility: Supports mainstream robotics development frameworks such as ROS1/2, Isaac Sim, and LeRobot.
Constant Content Updates: As the project progresses, we will gradually update the latest algorithms and launch a series of completely free courses.
Applications:
Teleoperation & Remote Robotics Control
The reBot Arm B601 enables intuitive teleoperation for remote manipulation, data collection, and human-in-the-loop training. Combined with AI robotics frameworks like Hugging Face LeRobot, it supports datasets and pre-trained model and policies, and imitation learning workflows that translate human actions into robotic behaviors, accelerating embodied AI development.
Assistive Automation for Home Daily Tasks
The reBot Arm B601 supports the development of assistive robotics for everyday tasks, from pick-and-place to simple household automation. By combining vision and learning-based control, the robot can adapt to unstructured environments and variable objects, helping bring embodied AI into practical, human-centered scenarios.
Precision Tasks in Harsh or Constrained Environments
With ±0.2 mm repeatability and stable actuation, the B601 is suited for precise tasks in challenging or unsafe environments. Developers can prototype applications such as inspection, sample handling, or fine manipulation under constrained conditions. Its support for dynamic motion execution enables more reliable interaction with uncertain or sensitive objects. This makes it a strong platform for validating robotics solutions before scaling to industrial systems.","Limited Warranty Only","https://www.mmt.com.au/Files/Images/Product Images/Seeed reBot Arm B601-DM Assembled Kit with Gripper Without Power Supply.jpg","https://www.mmt.com.au/Files/Images/Product Images/Seeed reBot Arm B601-DM Assembled Kit with Gripper Without Power Supply.jpg","https://www.mmt.com.au/Files/Images/Product Images/Seeed reBot Arm B601-DM Assembled Kit with Gripper Without Power Supply.jpg","MELBHO","2.2","10*26*19","Order to Order","4","",""
"100076722","100076722","SEEED","41","Seeed reComputer Robotics J5011- Advanced Edge AI Computer with GMSL & NVIDIA Jetson AGX Orin 32 GB","4245.00","3055","0","IoT Edge Solutions","Artificial Intelligence","The Seeed reComputer Robotics J5011 is a high‑performance edge AI system powered by the NVIDIA Jetson AGX Orin™ 32GB module, delivering exceptional compute capability suitable for advanced robotics and autonomous applications.
The platform offers extensive connectivity and industrial‑grade I/O, including USB, Ethernet, CAN, RS‑232/422/485, digital I/O (DI/DO), and GMSL support for multiple camera inputs. It also provides flexible expansion via an M.2 Key E slot for Wi‑Fi/Bluetooth and an M.2 Key B slot for 4G/5G modules, enabling seamless integration into connected environments.
Designed for demanding edge deployments, the J5011 is an ideal solution for applications such as autonomous vehicles, mobile robotics, and AI‑driven vision systems, where high processing power, reliability, and versatile connectivity are essential.
Warranty: 1 year 
Click here to contact our dedicated AI sales team to learn more about it. 
For more product information, please click here","","https://www.mmt.com.au/Files/Images/Product Images/2-100032662--recomputer-robotics-j5012-with-gmsl_1.jpg","https://www.mmt.com.au/Files/Images/Product Images/2-100032662--recomputer-robotics-j5012-with-gmsl_1.jpg","https://www.mmt.com.au/Files/Images/Product Images/2-100032662--recomputer-robotics-j5012-with-gmsl_1.jpg","MELBHO","7","50*35*25","Current Stock","1","",""
"1010BWB","1010BWB","Pelican","15B","Pelican 1010 Micro Case - Black","69.95","45","0","Computers","Bags, Cases & Covers","From small sensitive components to smartphones, protect your gear from the elements in a crushproof, watertight & dustproof Micro Case from Pelican.","Case is able to be submerged under 1 meter of water for up to 30 minutes in accordance with IP67 testing parameters
Watertight, crushproof, and dustproof
Rubber liner for extra protection doubles as o-ring seal
Easy open latch
Carabiner
Stainless steel hardware
Lifetime Guarantee of Excellence
Dimensions: Interior (L x W x D) 4.37"" x 2.87"" x 1.68"" (11.1 x 7.3 x 4.3 cm)
Dimensions: Exterior (L x W x D) 5.88"" x 4.06"" x 2.12"" (14.9 x 10.3 x 5.4 cm)","https://www.mmt.com.au/Files/Product assets/Images/15B/1010BWB.jpg","https://www.mmt.com.au/Files/Product assets/Images/15B/1010BWB.jpg","https://www.mmt.com.au/Files/Product assets/Images/15B/1010BWB.jpg","MELBHO","0.18","6*11*15","Order to Order","4","","19428079208"
"102110769","102110769","SEEED","41","Seeed Studio reComputer J401 - Open-source carrier board for Jetson Orin Nano/Orin NX","225.00","160","0","IoT Edge Solutions","Artificial Intelligence","The J401 carrier board is an advanced, open-source extension board for NVIDIA Jetson Orin Nano/ Orin NX modules. It breaks out typical IO interfaces from the SoM, offering high and low-speed connectivity. Its form-factor, performance, and ease of development make the Jetson Orin system flexible and scalable for rapid market entry and ongoing updates.","","https://www.mmt.com.au/Files/Images/Product Images/1-102110769-recomputer-j401-45font.jpg","https://www.mmt.com.au/Files/Images/Product Images/1-102110769-recomputer-j401-45font.jpg","https://www.mmt.com.au/Files/Images/Product Images/1-102110769-recomputer-j401-45font.jpg","MELBHO","2.2","8*26*19","Order to Order","4","",""
"102110999","102110999","SEEED","41","Seeed Studio reComputer Mini J3011 - Intelligent Edge AI Computer with NVIDIA Jetson Orin Nano 8GB","1279.00","919","0","IoT Edge Solutions","Artificial Intelligence","Powerful and compact edge AI device with NVIDIA Jetson Orin Nano SoM, pre-built Jetpack 5.1.1(super with JP6.2), 128GB SSD, 4x USB 3.2, HDMI, GbE, carrier board also includes M.2 key E for WIFI, M.2 Key M for SSD, RTC, CAN, 40-pin and more.","","https://www.mmt.com.au/Files/Images/Product Images/row6-recomputer_j30_.jpg","https://www.mmt.com.au/Files/Images/Product Images/row6-recomputer_j30_.jpg","https://www.mmt.com.au/Files/Images/Product Images/row6-recomputer_j30_.jpg","MELBHO","2.2","8*26*19","Order to Order","4","",""
"102111001","102111001","SEEED","41","Seeed Studio reComputer Mini J4012 - Intelligent Edge AI Computer with NVIDIA Jetson Orin NX 16GB","1955.00","1408","0","IoT Edge Solutions","Artificial Intelligence","reComputer Mini J4012 is a tiny AI computer powered by NVIDIA Jetson Orin NX 16GB module, delivering up to 100 TOPS AI performance. It ‘s equipped with PCIe port at the bottom to provide rich expansion capabilities, which also can be customized flexibly. The whole system is designed for embedding into autonomous machines such as drones, patrol robots, delivering robots, etc. It can directly occupy 54V DC input, able to be widely used in battery powered systems.","","https://www.mmt.com.au/Files/Images/Product Images/6-recomputer-mini-j3040-_without-expansion-board_-all.jpg","https://www.mmt.com.au/Files/Images/Product Images/6-recomputer-mini-j3040-_without-expansion-board_-all.jpg","https://www.mmt.com.au/Files/Images/Product Images/6-recomputer-mini-j3040-_without-expansion-board_-all.jpg","MELBHO","2.2","8*26*19","Order to Order","4","",""
"102991694","102991694","SEEED","41","Seeed Studio reComputer J101 Carrier Board for Jetson Nano","119.00","86","0","IoT Edge Solutions","Artificial Intelligence","reComputer J101 carrier board is a cost-effective and interface-rich NVIDIA Jetson Nano compatible carrier board. It included HDMI2.0, 2x USB 2.0, 1x USB 3.0, micro SD card slot, 2 xCSI, M.2 key E WIFI / BT, GPIO, I2C, I2S, Fan, and other rich peripheral interfaces. It has nearly the same functional design and exactly the same size as the carrier board of NVIDIA Jetson Nano B01 Developer Kit.","","https://www.mmt.com.au/Files/Images/Product Images/102991694_-_45font_1.jpg","https://www.mmt.com.au/Files/Images/Product Images/102991694_-_45font_1.jpg","https://www.mmt.com.au/Files/Images/Product Images/102991694_-_45font_1.jpg","MELBHO","2.2","8*26*19","Order to Order","4","",""
"102991695","102991695","SEEED","41","Seeed Studio reComputer J202 - Carrier Board for NVIDIA Jetson Xavier NX/Nano/TX2 NX","245.00","175","0","IoT Edge Solutions","Artificial Intelligence","reComputer J202 has nearly the same design and function as NVIDIA Jetson Xavier NX carrier board, perfectly works with Jetson Nano/Xavier NX/TX2 NX module, and consists of 4x USB3.1 gen2 ports, M.2 key E for WIFI, M.2 Key M for SSD, RTC, CAN, Raspberry Pi GPIO 40-pin, and so on.","","https://www.mmt.com.au/Files/Images/Product Images/_2_2_2.jpg","https://www.mmt.com.au/Files/Images/Product Images/_2_2_2.jpg","https://www.mmt.com.au/Files/Images/Product Images/_2_2_2.jpg","MELBHO","2.2","8*26*19","Order to Order","4","",""
"102991855","102991855","SEEED","41","Seeed Studio reServer Industrial J501-GMSL extension board","279.00","201","0","IoT Edge Solutions","Artificial Intelligence","The J501 GMSL Extension Board is designed for J501 carrier board. You could use this extension to connect up to 8 GMSL camera. This carrier board is using the deserializer 'max96724'.","","https://www.mmt.com.au/Files/Images/Product Images/1-102991855-reserver-industrial-j501-gmsl-extension-board-45font.jpg","https://www.mmt.com.au/Files/Images/Product Images/1-102991855-reserver-industrial-j501-gmsl-extension-board-45font.jpg","https://www.mmt.com.au/Files/Images/Product Images/1-102991855-reserver-industrial-j501-gmsl-extension-board-45font.jpg","MELBHO","2.2","8*26*19","Order to Order","4","",""
"1070","1070","Brenthaven","15B","Brenthaven 360 Screen Cover for iPad 11th Gen","19.95","12","245","Computers","Bags, Cases & Covers","Our Brenthaven 360 Screen Protector offers hassle-free installation with no air bubbles or misalignment, while also ensuring a perfect fit on your device screen, every time. When it's time to remove it, rest assured that no residue will be left behind. Its adhesive-free design allows for effortless peeling, without sticky remnants clinging to your screen. Invest in our Screen Protector to simplify your device fleet protection and create an optimal learning environment for your students. Elevate your K-12 education experience with the perfect balance of protection and convenience.","Powerful protection with a smooth, 100% clear finish
Crafted from high-quality PET film for exceptional clarity and durability
Specifically designed for 360 & 360+ Brenthaven cases for seamless integration
Guards against daily scratches, dust, scrapes, and normal signs of wear
Easy installation without bubbles or misalignment issues
No adhesive for mess-free application and residue-free removal
Maintains touch sensitivity and screen clarity for uninterrupted device usage
Lightweight and flexible, ensuring a comfortable user experience","https://www.mmt.com.au/Files/Product assets/Images/15B/1070.jpg","https://www.mmt.com.au/Files/Product assets/Images/15B/1070.jpg","https://www.mmt.com.au/Files/Product assets/Images/15B/1070.jpg","MELBHO","0.1","1*18*25","Current Stock","1","",""
"110110147","110110147","SEEED","41","Seeed Studio reComputer J3011 - Edge AI Computer with NVIDIA Jetson Orin Nano 8GB","1279.00","919","0","IoT Edge Solutions","Artificial Intelligence","Powerful and compact edge AI device with NVIDIA Jetson Orin Nano SoM, pre-built Jetpack 5.1.1(super with JP6.2), 128GB SSD, 4x USB 3.2, HDMI, GbE, carrier board also includes M.2 key E for WIFI, M.2 Key M for SSD, RTC, CAN, 40-pin and more.","","https://www.mmt.com.au/Files/Images/Product Images/5-110110145-recomputer-j4011-45back_2.jpg","https://www.mmt.com.au/Files/Images/Product Images/5-110110145-recomputer-j4011-45back_2.jpg","https://www.mmt.com.au/Files/Images/Product Images/5-110110145-recomputer-j4011-45back_2.jpg","MELBHO","2.2","8*26*19","Order to Order","4","",""
"110110188","110110188","SEEED","41","Seeed Studio reComputer Industrial J2011 - Fanless Edge AI Device with Jetson Xavier NX 8GB","2045.00","1472","0","IoT Edge Solutions","Artificial Intelligence","reComputer Industrial J2011 features NVIDIA Jetson Xavier NX 8GB module for 21 TOPS AI performance and supports hybrid connectivity including 2x RJ-45 Ethernet ports, 1x RS232/422/485 & CAN port, etc. Fanless with versatile mounting options allows deployment for more harsh environments and heavier loads.","","https://www.mmt.com.au/Files/Images/Product Images/2-1100110188-110110191-recomputer-industrail-45font_3.jpg","https://www.mmt.com.au/Files/Images/Product Images/2-1100110188-110110191-recomputer-industrail-45font_3.jpg","https://www.mmt.com.au/Files/Images/Product Images/2-1100110188-110110191-recomputer-industrail-45font_3.jpg","MELBHO","2.2","8*26*19","Order to Order","4","",""
"110110189","110110189","SEEED","41","Seeed Studio reComputer Industrial J2012 - AI Device with Jetson Xavier NX 16GB","2999.00","1657","0","IoT Edge Solutions","Artificial Intelligence","An industrial AI box with 21 TOPS AI performance, built with the NVIDIA Jetson Xavier NX 16GB module. It features a rich set of IOs, enabling multiple connectivity options including 2x RJ-45 Ethernet ports(1 for POE-PSE 802.3 af), 1x RS232/422/485 & CAN port, 4x Isolated DI/DO. Compact size at 159mm x 155mm x 57mm and 1.57kg of weight. Fanless design with versatile mounting options allows deployment from -20 to 60 ℃.","","https://www.mmt.com.au/Files/Images/Product Images/6-1100110188-110110191-recomputer-industrail-45fontall_1_2.jpg","https://www.mmt.com.au/Files/Images/Product Images/6-1100110188-110110191-recomputer-industrail-45fontall_1_2.jpg","https://www.mmt.com.au/Files/Images/Product Images/6-1100110188-110110191-recomputer-industrail-45fontall_1_2.jpg","MELBHO","2.2","8*26*19","Order to Order","4","",""
"110110191","110110191","SEEED","41","Seeed Studio reComputer Industrial J4012 (Fanless) with Orin NX 16GB","2749.00","1979","0","IoT Edge Solutions","Artificial Intelligence","reComputer Industrial J4012 features NVIDIA Jetson Orin NX 16GB module for 100 TOPS AI performance and supports hybrid connectivity including 2 RJ-45 Ethernet ports, 1 RS232/422/485 & CAN port, etc. Fanless with versatile mounting options allows deployment for more harsh environments and heavier loads.","","https://www.mmt.com.au/Files/Images/Product Images/row19-recomputer_industrial_.jpg","https://www.mmt.com.au/Files/Images/Product Images/row19-recomputer_industrial_.jpg","https://www.mmt.com.au/Files/Images/Product Images/row19-recomputer_industrial_.jpg","MELBHO","2.2","8*26*19","Order to Order","4","09/09/2099",""
"110110192","110110192","SEEED","41","Seeed Studio reComputer Industrial J3010 with Orin Nano 4GB","1535.00","1104","0","IoT Edge Solutions","Artificial Intelligence","reComputer Industrial J3010 features NVIDIA Jetson Orin Nano 4GB module for 20 TOPS AI performance and supports hybrid connectivity including 2 RJ-45 Ethernet ports, 1 RS232/422/485 & CAN port, etc. Fanless with versatile mounting options allows deployment for more harsh environments and heavier loads.","","https://www.mmt.com.au/Files/Images/Product Images/5574546_SEEED_STUDIO_110110192_1.jpg","https://www.mmt.com.au/Files/Images/Product Images/5574546_SEEED_STUDIO_110110192_1.jpg","https://www.mmt.com.au/Files/Images/Product Images/5574546_SEEED_STUDIO_110110192_1.jpg","MELBHO","2.2","8*26*19","Order to Order","4","",""
"110110193","110110193","SEEED","41","Seeed Studio reComputer J3011 - Edge AI Computer with NVIDIA Jetson Orin Nano 8GB","1795.00","1288","0","IoT Edge Solutions","Artificial Intelligence","reComputer Industrial J3011 features NVIDIA Jetson Orin™ Nano 8GB module for 40 TOPS AI performance and supports hybrid connectivity's including 2 RJ-45 Ethernet ports, 1 RS232/422/485 & CAN port, etc. Fanless with versatile mounting options allows deployment for more harsh environments and heavier loads.
Application Fields:
AI Video Analytics
Machine Vision
Autonomous Mobile Robot (AMR)
Generative AI
Note: If you want to use SSDs with reComputer, we only recommend you choose the 128GB, the 256GB, and the 512GB versions from Seeed, because some of the SSDs in the market will work with this product under a particular JetPack version and some will not work with a different JetPack version. Even the official NVIDIA dev kits have the same behavior with SSDs.","","https://www.mmt.com.au/Files/Images/Product Images/1110110193.jpg","https://www.mmt.com.au/Files/Images/Product Images/1110110193.jpg","https://www.mmt.com.au/Files/Images/Product Images/1110110193.jpg","MELBHO","2.2","8*26*19","Order to Order","4","",""
"113991174","113991174","SEEED","41","Seeed Studio 2G/3G/4G Module for ANZ and Latin America","99.00","75","0","IoT Edge Solutions","Artificial Intelligence","The LTE Cat 4 EC25-AUXGR-mini-PCIe is a Mini PCIe module that supports LTE-FDD and WCDMA mobile communication technologies and integrates multiple GNSS receivers for faster and more accurate positioning. All of these make it suitable for M2M and IoT applications.
Features:
Plug-and-play LTE Cat 4 wireless communication module: Support 2G/3G/4G communication, mounted with standard mini PCIe, ready to use
Broad network Compatibility and Applicability: Supports various mobile communication network technologies, including LTE-FDD, WCDMA
Built-in multiple GNSS: Includes GPS/GLONASS/BDS/Galileo/QZSS. Satisfies the need for fast and accurate positioning in different environmental conditions.
Low Power Consumption: The power consumption of the sleep model is as low as 1.67 mA, and Idle power consumption as low as 18.51 mA
Support Latin America and Australia and New Zealand Operators.","","https://www.mmt.com.au/Files/Images/Product Images/1-113991174-lte-cat4-ec25-auxgr-mini-pcie-45font.jpg","https://www.mmt.com.au/Files/Images/Product Images/1-113991174-lte-cat4-ec25-auxgr-mini-pcie-45font.jpg","https://www.mmt.com.au/Files/Images/Product Images/1-113991174-lte-cat4-ec25-auxgr-mini-pcie-45font.jpg","MELBHO","0.1","5*1*5","Order to Order","4","09/09/2099",""
"114110247","114110247","SEEED","41","Seeed Studio reServer Industrial J4012- Fanless AI NVR Server with NVIDIA Jetson Orin NX 16GB","3079.00","2217","0","IoT Edge Solutions","Artificial Intelligence","reServer J4012 brings AI-enabled NVR to the edge and features NVIDIA Jetson Orin NX 16GB for 100 TOPS AI performance, has a fanless design, 5xRJ45 GbE with PoE, 2x Drive bays for 2.5"" HDD/SSD, 1xRS232/RS422/RS485, 4xDI/DO, 1xCAN, Pre-installed Jetpack System.","","https://www.mmt.com.au/Files/Images/Product Images/1-114110247-reserver-industrial-j4012-first.jpg","https://www.mmt.com.au/Files/Images/Product Images/1-114110247-reserver-industrial-j4012-first.jpg","https://www.mmt.com.au/Files/Images/Product Images/1-114110247-reserver-industrial-j4012-first.jpg","MELBHO","2.2","8*26*19","Order to Order","4","",""
"114110248","114110248","SEEED","41","Seeed Studio reServer Industrial J4011- Fanless AI-enabled NVR Server with NVIDIA Jetson Orin NX 8GB","2999.00","1657","0","IoT Edge Solutions","Artificial Intelligence","reServer J4011 brings AI-enabled NVR to the edge and features NVIDIA Jetson Orin NX 8GB for 70 TOPS AI performance, has a fanless design, 5xRJ45 GbE with PoE, 2x Drive bays for 2.5"" HDD/SSD, 1xRS232/RS422/RS485, 4xDI/DO, 1xCAN, Pre-installed Jetpack System.","","https://www.mmt.com.au/Files/Images/Product Images/8-114110247-reserver-industrial-j4012-fontall_1.jpg","https://www.mmt.com.au/Files/Images/Product Images/8-114110247-reserver-industrial-j4012-fontall_1.jpg","https://www.mmt.com.au/Files/Images/Product Images/8-114110247-reserver-industrial-j4012-fontall_1.jpg","MELBHO","2.2","8*26*19","Order to Order","4","",""
"114110307","114110307","SEEED","41","Seeed Studio reComputer Robotics J3011 with NVIDIA Orin Nano 4GB Module","1149.00","827","0","IoT Edge Solutions","Artificial Intelligence","Powerful and compact edge AI device with NVIDIA Jetson Orin Nano SoM, delivering 20 TOPS AI performance, up to 40X the performance of NVIDIA Jetson Nano and sets the new baseline for entry-level. reComputer J3010 is pre-built Jetpack 5.1.1(super with JP6.2), 128GB SSD, 4x USB 3.2, HDMI, GbE, carrier board also includes M.2 key E for WIFI, M.2 Key M for SSD, RTC, CAN, 40-pin and more.","","https://www.mmt.com.au/Files/Images/Product Images/Screenshot 2026-04-20 155605.jpg","https://www.mmt.com.au/Files/Images/Product Images/Screenshot 2026-04-20 155605.jpg","https://www.mmt.com.au/Files/Images/Product Images/Screenshot 2026-04-20 155605.jpg","MELBHO","2.2","8*26*19","Order to Order","4","",""
"114110308","114110308","SEEED","41","Seeed Studio reComputer Robotics J3011 - Edge AI Computer with NVIDIA Jetson Orin Nano Super 8GB","1365.00","984","0","IoT Edge Solutions","Artificial Intelligence","The reComputer Robotics J3011 is a compact, high-performance edge AI box designed for advanced robotics development. Compatible with NVIDIA Jetson Orin modules in Super/MAXN mode, it delivers up to 67 TOPS of AI performance, leveraging up to 1.7x improvement over its predecessor. Pre-installed with Jetpack 6.2 and Linux BSP, it ensures seamless deployment, serving as a powerful robotic brain capable of processing complex data from various sensors.","","https://www.mmt.com.au/Files/Images/Product Images/5-114110310-recomputer-robotics.jpg","https://www.mmt.com.au/Files/Images/Product Images/5-114110310-recomputer-robotics.jpg","https://www.mmt.com.au/Files/Images/Product Images/5-114110310-recomputer-robotics.jpg","MELBHO","2.2","8*26*19","Order to Order","4","",""
"114110309","114110309","SEEED","41","Seeed Studio reComputer Robotics J4011 - Edge Computer with NVIDIA Jetson Orin NX Super 8GB","1935.00","1393","0","IoT Edge Solutions","Artificial Intelligence","Embedded Box Computer reComputer Robotics J4011 - Intelligent Edge AI Computer with NVIDIA Jetson Orin NX Super 8GB","","https://www.mmt.com.au/Files/Images/Product Images/110110144 (1).jpg","https://www.mmt.com.au/Files/Images/Product Images/110110144 (1).jpg","https://www.mmt.com.au/Files/Images/Product Images/110110144 (1).jpg","MELBHO","2.2","8*26*19","Order to Order","4","",""
"114110310","114110310","SEEED","41","Seeed Studio reComputer Robotics J4012 - Edge AI Computer with NVIDIA Jetson Orin NX Super 16GB","2559.00","1841","0","IoT Edge Solutions","Artificial Intelligence","Seeed Studio reComputer Robotics J4012 is a compact yet powerful edge AI computer designed for fast development and deployment in robotics. Delivering up to 157 TOPS of AI performance with rich I/O options (USB, Ethernet, CSI, CAN), it supports seamless multi-sensor integration and industrial applications. With wide DC power input (12–54V) and pre-installed Jetpack 6.2 + Linux BSP, it’s ready for immediate use in advanced robotics applications.","","https://www.mmt.com.au/Files/Images/Product Images/9-114110310-recomputer-robotics_2.jpg","https://www.mmt.com.au/Files/Images/Product Images/9-114110310-recomputer-robotics_2.jpg","https://www.mmt.com.au/Files/Images/Product Images/9-114110310-recomputer-robotics_2.jpg","MELBHO","2.2","8*26*19","Order to Order","4","",""
"114110311","114110311","SEEED","41","Seeed Studio reComputer Super J3010 - Advanced Edge AI Computer with NVIDIA Jetson Orin Nano 4GB","1025.00","735","0","IoT Edge Solutions","Artificial Intelligence","The reComputer Super J3010 is the Intelligent Edge AI system, based on the NVIDIA Jetson Orin Nano 4GB platform, delivering up to 34 TOPS in Super mode. It supports a wide range of operating temperature from -20℃ to 65℃. Built for fast development and production, it features Wi-Fi/BT/LTE wireless communication capability and Ethernet, ensuring seamless integration, ideal for video analysis, multimodal perception, and robotics.","","https://www.mmt.com.au/Files/Images/Product Images/2-114110311-recomputer-super-j3010-nano-4g.jpg","https://www.mmt.com.au/Files/Images/Product Images/2-114110311-recomputer-super-j3010-nano-4g.jpg","https://www.mmt.com.au/Files/Images/Product Images/2-114110311-recomputer-super-j3010-nano-4g.jpg","MELBHO","2.2","8*26*19","Order to Order","4","",""
"114110312","114110312","SEEED","41","Seeed Studio reComputer Super J3011 - Advanced Edge AI Computer with NVIDIA Jetson Orin Nano 8GB","1279.00","919","0","IoT Edge Solutions","Artificial Intelligence","The reComputer Super J3011 is the Intelligent Edge AI system, based on the NVIDIA Jetson Orin Nano 8GB platform, delivering up to 67 TOPS in Super mode. It supports a wide range of operating temperature from -20℃ to 65℃. Built for fast development and production, it features Wi-Fi/BT/LTE wireless communication capability and Ethernet, ensuring seamless integration, ideal for video analysis, multimodal perception, and robotics.","","https://www.mmt.com.au/Files/Images/Product Images/2-114110311-recomputer-super-j3010-nano-8g.jpg","https://www.mmt.com.au/Files/Images/Product Images/2-114110311-recomputer-super-j3010-nano-8g.jpg","https://www.mmt.com.au/Files/Images/Product Images/2-114110311-recomputer-super-j3010-nano-8g.jpg","MELBHO","2.2","8*26*19","Order to Order","4","",""
"114110313","114110313","SEEED","41","Seeed Studio reComputer Super J4011 - Advanced Edge AI Computer with NVIDIA Jetson Orin NX 8GB","1865.00","1343","0","IoT Edge Solutions","Artificial Intelligence","The reComputer Super J4011 is the Intelligent Edge AI system, based on the NVIDIA Jetson Orin NX 8GB platform, delivering up to 117 TOPS in Super mode. It supports a wide range of operating temperature from -20℃ to 65℃. Built for fast development and production, it features Wi-Fi/BT/LTE wireless communication capability and Ethernet, ensuring seamless integration, ideal for video analysis, multimodal perception, and robotics.","","https://www.mmt.com.au/Files/Images/Product Images/9-114110311-recomputer-super-j3010_2.jpg","https://www.mmt.com.au/Files/Images/Product Images/9-114110311-recomputer-super-j3010_2.jpg","https://www.mmt.com.au/Files/Images/Product Images/9-114110311-recomputer-super-j3010_2.jpg","MELBHO","2.2","8*26*19","Order to Order","4","",""
"114110314","114110314","SEEED","41","Seeed Studio reComputer Super J4012 - Advanced Edge AI Computer with NVIDIA Jetson Orin NX 16GB","2349.00","1693","0","IoT Edge Solutions","Artificial Intelligence","The reComputer Super J4012 is a compact, high-performance edge AI device, based on the NVIDIA Jetson Orin NX 16GB platform, delivering up to 157 TOPS in Super MAXN mode. It supports a wide range of operating temperature from -20℃ to 65℃. Built for fast development and production, it features Wi-Fi/BT/LTE wireless communication capability and Ethernet with two RJ45 ports, ensuring seamless integration, ideal for video analysis, multimodal perception, and robotics.","","https://www.mmt.com.au/Files/Images/Product Images/2-114110311-recomputer-super-j3010_1.jpg","https://www.mmt.com.au/Files/Images/Product Images/2-114110311-recomputer-super-j3010_1.jpg","https://www.mmt.com.au/Files/Images/Product Images/2-114110311-recomputer-super-j3010_1.jpg","MELBHO","2.2","8*26*19","Order to Order","4","",""
"114110327","114110327","SEEED","41","Seeed Studio reComputer Robotics J401 Carrier Board for Jetson Orin Nano/Orin NX","375.00","271","0","IoT Edge Solutions","Artificial Intelligence","The reComputer Robotics J401 is a compact, high-performance edge AI carrier board designed for advanced robotics. Compatible with NVIDIA Jetson Orin Nano/Orin NX modules in Super/MAXN mode, it delivers up to 157 TOPS of AI performance. Supported  JetPack 6.2 and Linux BSP, it ensures seamless deployment, serving as a powerful robotic brain capable of processing complex data from various sensors.","","https://www.mmt.com.au/Files/Images/Product Images/8-114110327-recomputer-robotics-carrier-board.jpg","https://www.mmt.com.au/Files/Images/Product Images/8-114110327-recomputer-robotics-carrier-board.jpg","https://www.mmt.com.au/Files/Images/Product Images/8-114110327-recomputer-robotics-carrier-board.jpg","MELBHO","2.2","8*26*19","Order to Order","4","",""
"114993486","114993486","SEEED","41","Seeed Studio reComputer J3010B - Edge AI Computer with NVIDIA Jetson Orin Nano 4GB","1049.00","755","0","IoT Edge Solutions","Artificial Intelligence","The reComputer J401B series is an iteration on reComputer Classic series. The reComputer J3010B with NVIDIA Jetson Orin Nano 4GB modules is a powerful and compact edge AI device with rich interfaces: 2x USB 3.2, HDMI, Ethernet, M.2 Key E for Wi-Fi module, M.2 Key M for SSD, mini-PCIe for LTE module, CAN, 40-pin and more.","","https://www.mmt.com.au/Files/Images/Product Images/2-114110311-recomputer-super-j3010-nano-4g.jpg","https://www.mmt.com.au/Files/Images/Product Images/2-114110311-recomputer-super-j3010-nano-4g.jpg","https://www.mmt.com.au/Files/Images/Product Images/2-114110311-recomputer-super-j3010-nano-4g.jpg","MELBHO","2.2","8*26*19","Order to Order","4","",""
"114993488","114993488","SEEED","41","Seeed Studio reComputer J4011B - Edge AI Computer with NVIDIA Jetson Orin NX","1775.00","1275","0","IoT Edge Solutions","Artificial Intelligence","The reComputer J401B series is an iteration on reComputer Classic series. The reComputer J4011B with NVIDIA Jetson Orin NX 8GB modules is a powerful and compact edge AI device with rich interfaces: 2x USB 3.2, HDMI, Ethernet, M.2 Key E for Wi-Fi module, M.2 Key M for SSD, mini-PCIe for LTE module, CAN, 40-pin and more","","https://www.mmt.com.au/Files/Images/Product Images/2-recomputer-j401b-45font_1_1.jpg","https://www.mmt.com.au/Files/Images/Product Images/2-recomputer-j401b-45font_1_1.jpg","https://www.mmt.com.au/Files/Images/Product Images/2-recomputer-j401b-45font_1_1.jpg","MELBHO","2.2","8*26*19","Order to Order","4","",""
"114993551","114993551","SEEED","41","Seeed Studio reComputer Mini J3011 with Extension - Edge Computer with NVIDIA Jetson Orin Nano 8GB","1535.00","1104","0","IoT Edge Solutions","Artificial Intelligence","reComputer Mini J3011 is a tiny AI computer powered by NVIDIA Jetson Orin Nano 8GB module, delivering up to 40 TOPS AI performance. It ‘s equipped with PCIe port at the bottom to provide rich expansion capabilities, including up to 8 USB ports and dual CAN, which also can be customized flexibly. The whole system is designed for embedding into autonomous machines such as drones, patrol robots, delivering robots, etc. It can directly occupy 54V DC input, able to be widely used in battery powered systems.","","https://www.mmt.com.au/Files/Images/Product Images/Screenshot 2026-04-20 165237.jpg","https://www.mmt.com.au/Files/Images/Product Images/Screenshot 2026-04-20 165237.jpg","https://www.mmt.com.au/Files/Images/Product Images/Screenshot 2026-04-20 165237.jpg","MELBHO","2.2","8*26*19","Order to Order","4","",""
"114993553","114993553","SEEED","41","Seeed Studio reComputer Mini J4012 wiith Intelligent Edge AI NVIDIA Jetson Orin NX 16GB","2199.00","1583","0","IoT Edge Solutions","Artificial Intelligence","reComputer Mini J4012 with extension is a tiny AI computer powered by NVIDIA Jetson Orin NX 16GB module,delivering up to 100 TOPS AI performance. It‘s equipped with PCIe port at the bottom to provide rich expansion capabilities, including up to 8 USB ports and dual CAN, which also can be customized flexibly. The whole system is designed for embedding into autonomous machines such as drones, patrol robots, delivering robots, etc. It can directly occupy 54V DC input, able to be widely used in battery powered systems.","","https://www.mmt.com.au/Files/Images/Product Images/10-recomputer-j401b-size_2_2.jpg","https://www.mmt.com.au/Files/Images/Product Images/10-recomputer-j401b-size_2_2.jpg","https://www.mmt.com.au/Files/Images/Product Images/10-recomputer-j401b-size_2_2.jpg","MELBHO","2.2","8*26*19","Order to Order","4","",""
"114993592","114993592","SEEED","41","Seeed Studio reComputer Mini Carrier Board for Jetson Orin Nano/Orin NX","165.00","116","0","IoT Edge Solutions","Artificial Intelligence","reComputer Mini is an 80g mission carrier board compatible with NVIDIA Jetson Orin Nano/Orin NX, built for UAV and UGV applications. It delivers up to 100 TOPS of AI performance for autonomous navigation, obstacle avoidance, and object detection. Supporting a wide range of sensors - RGB, infrared, LiDAR, 3D, and more— it combines extension board to connect with flight controllers via UART, Ethernet, and CAN. With 4S–14S battery input and external 5G/4G module, it enables real-time, responsive deployment in the field","","https://www.mmt.com.au/Files/Images/Product Images/6-114993592-recomputer-mini-carrier-board.jpg","https://www.mmt.com.au/Files/Images/Product Images/6-114993592-recomputer-mini-carrier-board.jpg","https://www.mmt.com.au/Files/Images/Product Images/6-114993592-recomputer-mini-carrier-board.jpg","MELBHO","2.2","8*26*19","Order to Order","4","",""
"114993593","114993593","SEEED","41","Seeed Studio reComputer Mini Extension Board for Jetson Orin Nano/Orin NX","109.00","77","0","IoT Edge Solutions","Artificial Intelligence","reComputer Mini Extension Board is designed to be connected to reComputer Mini Carrier board, and has a JST board attached to it. It provides IO extensions (Ethernet, IIC, CAN etc) that are widely used on autonomous machines such as drones, patrol robots, delivering robots, etc. It is attached to the bottom of reComputer Mini Carrier Board and needs to be used along with the reComputer Mini Carrier Board.","","https://www.mmt.com.au/Files/Images/Product Images/1-114993593-recomputer-mini-extension-board.jpg","https://www.mmt.com.au/Files/Images/Product Images/1-114993593-recomputer-mini-extension-board.jpg","https://www.mmt.com.au/Files/Images/Product Images/1-114993593-recomputer-mini-extension-board.jpg","MELBHO","2.2","8*26*19","Order to Order","4","",""
"120N-A01-T01-1","120N-A01-T01-1","Havis","15LP","Havis 120W DC Power Supply for Dell","4328.00","2249","0","Computers","Laptop Power & Charging Accessories","120W DC Power Supply For Use With Dell Compatible Havis Docking Station, With Straight Threaded Connector","120W DC Power Supply
Compatible Havis Docks: DS-DELL-430, DS-DELL-900, & DS-DELL-1100 Series
Compatible computers: Dell Rugged (when docked)
Twist-to-Lock DC Power Connectors, LED Power Indicator, Covered Fuse, and Integrated Mounting","https://www.mmt.com.au/Files/Product assets/Images/15LP/120N-A01-T01-1.jpg","https://www.mmt.com.au/Files/Product assets/Images/15LP/120N-A01-T01-1.jpg","https://www.mmt.com.au/Files/Product assets/Images/15LP/120N-A01-T01-1.jpg","MELBHO","1","0*0*0","Order to Order","4","",""
"120N-B01-R03-1","120N-B01-R03-1","Havis","15LP","Havis 120W DC Power Supply All Toughbook","4328.00","2249","0","Computers","Laptop Power & Charging Accessories","Power Supply , 120W, 15.6VDC, OUT, 12-16VDC, IN, RT,","120W DC Power Supply
Compatible Havis Docks: DS-PAN-700, DS-PAN-720, DS-PAN-1110, DS-PAN-1200, DS-PAN-1210, and DS-PAN-1500
Power supply includes: detachable 72"" output power cable with 90° Right Angle Yellow-Tip Panasonic connector, detachable 72""Bare-Wire Input Cable
Additional Features: Twist-to-Lock DC Power Connectors, LED Power Indicator, Covered Fuse, and Integrated Mounting
Compatible with ALL Panasonic TOUGHBOOK computers","https://www.mmt.com.au/Files/Product assets/Images/15LP/120N-B01-R03-1.jpg","https://www.mmt.com.au/Files/Product assets/Images/15LP/120N-B01-R03-1.jpg","https://www.mmt.com.au/Files/Product assets/Images/15LP/120N-B01-R03-1.jpg","MELBHO","1","0*0*0","Order to Order","4","",""
"120N-B01-S03-1","120N-B01-S03-1","Havis","15LP","Havis 120W DC Power Supply All Toughbook","286.00","97","0","Computers","Laptop Power & Charging Accessories","Power Supply, 120W, 15.6, VDC, OUT, 12-16, VDC, IN, STRT","120W DC Power Supply
Compatible Havis Docks: DS-PAN-113, DS-PAN-213, DS-PAN-300, DS-PAN-430, DS-PAN-900, DS-PAN-1010, and DS-PAN-1400 Series
Power supply includes: detachable 72"" output power cable with straight Yellow-Tip Panasonic connector, detachable 72""Bare-Wire Input Cable
Twist-to-Lock DC Power Connectors, LED Power Indicator, Covered Fuse, and Integrated Mounting
Compatible computers: ALL Panasonic Toughbook","https://www.mmt.com.au/Files/Product assets/Images/15LP/120N-B01-S03-1.jpg","https://www.mmt.com.au/Files/Product assets/Images/15LP/120N-B01-S03-1.jpg","https://www.mmt.com.au/Files/Product assets/Images/15LP/120N-B01-S03-1.jpg","MELBHO","1","0*0*0","Order to Order","4","",""
"12JQS09S00","12JQS09S00","Lenovo","19","Lenovo ThinkCentre M90A Pro AIO i5-3500 VPRO, 16GB ,512GB SSD, 27"" QHD, W11P, 3Y OS","2199.00","1599","2","Computers","Desktop Computers","","","https://www.mmt.com.au/Files/Uploads/image_1775784177179.jpg","https://www.mmt.com.au/Files/Uploads/image_1775784177179.jpg","https://www.mmt.com.au/Files/Uploads/image_1775784177179.jpg","MELBHO","8","22.75*34.41*53.96","EOL","2","","199273108572"
"12LN0037AU","12LN0037AU","Lenovo","19","Lenovo ThinkCentre Neo 50Q G4 Tiny i3-1215U, 8GB, 256GB, WIFI+BT, KB+MSE, W11P, 1Y OS","1569.00","719","5","Computers","Desktop Computers","Whether you need to connect securely with remote devices or transfer data safely and quickly across the globe, the ThinkCentre neo 50q Tiny has the answer. It can also handle complex, volume-heavy tasks with ease, and supports up to WiFi 6. So connecting with teams and clients, wherever they are based, is both seamless and hassle-free.","Intel Core i3-1215U, 6C (2P + 4E) / 8T, P-core 1.2 / 4.4GHz, E-core 0.9 / 3.3GHz, 10MB
1x 8GB SO-DIMM DDR4-3200, 256GB SSD M.2 2280 PCIe 4.0x4 NVMe Opal 2.0
1x USB-C 3.2 Gen 2 (support data transfer and 5V@0.9A charging) 1x USB 3.2 Gen 2 (Always On and 5V@2.1A charging) 1x headphone / microphone combo jack (3.5mm)
2x USB 2.0 2x USB 3.2 Gen 2 1x HDMI 2.1 TMDS 1x DisplayPort 1.4 1x Ethernet (RJ-45)
Windows 11 Pro, English","https://www.mmt.com.au/Files/Product assets/Images/19/12LN0037AU.jpg","https://www.mmt.com.au/Files/Product assets/Images/19/12LN0037AU.jpg","https://www.mmt.com.au/Files/Product assets/Images/19/12LN0037AU.jpg","MELBHO","4","25*13*49","Clearance","3","","197528250427"
"12LN007LAU","12LN007LAU","Lenovo","19","Lenovo ThinkCentre Neo 50Q G4 Tiny i5-13420H, 16GB, 256GB, W11P, WIFI+BT, KB+MSE, 3Y OS","1629.00","999","4","Computers","Desktop Computers","Whether you need to connect securely with remote devices or transfer data safely and quickly across the globe, the ThinkCentre neo 50q Tiny has the answer. It can also handle complex, volume-heavy tasks with ease, and supports up to WiFi 6. So connecting with teams and clients, wherever they are based, is both seamless and hassle-free.","Intel Core i5-13420H, 8C (4P + 4E) / 12T, P-core 2.1 / 4.6GHz, E-core 1.5 / 3.4GHz, 12MB
2x 8GB SO-DIMM DDR4-3200, 256GB SSD M.2 2280 PCIe 4.0x4 NVMe Opal 2.0
1x USB-C 3.2 Gen 2 (support data transfer and 5V@0.9A charging) 1x USB 3.2 Gen 2 (Always On and 5V@2.1A charging) 1x headphone / microphone combo jack (3.5mm)
2x USB 2.0 2x USB 3.2 Gen 2 1x HDMI 2.1 TMDS 1x DisplayPort 1.4 1x Ethernet (RJ-45)
Windows 11 Pro, English","https://www.mmt.com.au/Files/Product assets/Images/19/12LN007LAU.jpg","https://www.mmt.com.au/Files/Product assets/Images/19/12LN007LAU.jpg","https://www.mmt.com.au/Files/Product assets/Images/19/12LN007LAU.jpg","MELBHO","3.98","13*25*49","EOL","2","","198154296599"
"12LN007PAU","12LN007PAU","Lenovo","19","Lenovo ThinkCentre Neo 50Q G4 Tiny I5-13420H, 16GB, 512GB, WIFI+BT, KB+MSE, W11P, 3YR OS","1669.00","1099","4","Computers","Desktop Computers","Whether you need to connect securely with remote devices or transfer data safely and quickly across the globe, the ThinkCentre neo 50q Tiny has the answer. It can also handle complex, volume-heavy tasks with ease, and supports up to WiFi 6. So connecting with teams and clients, wherever they are based, is both seamless and hassle-free.","Intel Core i5-13420H, 8C (4P + 4E) / 12T, P-core 2.1 / 4.6GHz, E-core 1.5 / 3.4GHz, 12MB
2x 8GB SO-DIMM DDR4-3200, 512GB SSD M.2 2280 PCIe 4.0x4 NVMe Opal 2.0
1x USB-C 3.2 Gen 2 (support data transfer and 5V@0.9A charging) 1x USB 3.2 Gen 2 (Always On and 5V@2.1A charging) 1x headphone / microphone combo jack (3.5mm)
2x USB 2.0 2x USB 3.2 Gen 2 1x HDMI 2.1 TMDS 1x DisplayPort 1.4 1x Ethernet (RJ-45)
Windows 11 Pro, English","https://www.mmt.com.au/Files/Product assets/Images/19/12LN007PAU.jpg","https://www.mmt.com.au/Files/Product assets/Images/19/12LN007PAU.jpg","https://www.mmt.com.au/Files/Product assets/Images/19/12LN007PAU.jpg","MELBHO","4","25*13*49","EOL","2","","198154492083"
"12NAGAR1AU","12NAGAR1AU","Lenovo","13L","Lenovo ThinkCentre Tiny-in-One 23.8"" WLED IPS FHD (16:9) HDMI, DP, USB, H/ADJ, SPKR, WCAM, 3YR","459.00","289","12","Display","Monitors","The ThinkCentre Tiny-In-One (TIO) 24 Gen 5 features a 23.8"" borderless Full HD IPS display with 99% sRGB for clear, accurate visuals. It pairs seamlessly with Lenovo ThinkCentre and ThinkStation Tiny PCs, which fit into a rear slot for a clean, cable-free desk. Designed for remote work, it includes a 1080p webcam, noise-cancelling microphone, user-facing speakers, VoIP controls, and a Smart Traffic Light indicator. ThinkShutter enhances privacy, while Natural Low Blue Light technology reduces eye strain during long hours. With multiple connectivity options, eco-friendly design, and easy customization, it boosts productivity and collaboration.","23.8"" FHD (1920x1080) IPS display, Anti-glare 16:9
Extreme mode 4 ms response time
60 Hz refresh rate
250nits, 1000:1, 99% sRGB, 8-bit
-5° to +23.5° tilt, left & right 45 swivel, -5° to +90° pivot, up to 155mm lift stand","https://www.mmt.com.au/Files/Uploads/ThinkCentre_Tiny_In_One_24_Gen_5 (1).jpg","https://www.mmt.com.au/Files/Uploads/ThinkCentre_Tiny_In_One_24_Gen_5 (1).jpg","https://www.mmt.com.au/Files/Uploads/ThinkCentre_Tiny_In_One_24_Gen_5 (1).jpg","MELBHO","12.57","42*19*63","Current Stock","1","","196804349756"
"12NBGAR1AU","12NBGAR1AU","Lenovo","13L","Lenovo ThinkCentre Tiny-in-One 23.8"" WLED IPS FHD (16:9) TOUCH,HDMI, DP, USB, H/ADJ, SPKR, WCAM, 3YR","510.00","419","10","Display","Monitors","","23.8"" FHD (1920x1080) IPS display, Anti-glare 16:9
Extreme mode 4 ms response time
(Optional) 10-point Capacitive Touch
1000:1, 99% sRGB, 8-bit
-5° to +23.5° tilt, left & right 45 swivel, -5° to +90° pivot, up to 155mm lift stand
Case color - Black
3-year limited warranty","https://www.mmt.com.au/Files/Images/Product Images/ThinkCentre_Tiny_In_One_24_Gen_5_CT2_01.png","https://www.mmt.com.au/Files/Images/Product Images/ThinkCentre_Tiny_In_One_24_Gen_5_CT2_01.png","https://www.mmt.com.au/Files/Images/Product Images/ThinkCentre_Tiny_In_One_24_Gen_5_CT2_01.png","MELBHO","6","54*21*54","Current Stock","1","","196804349381"
"12SD001RAU+R","12SD001RAU-RFB","Lenovo","19","Lenovo REFURB ThinkCentre Neo i5-13420H, 16GB, 256GB, 23.8"" FHD NON TOUCH, W11P, 12M MMT WTY","1649.00","879","0","Computers","Desktop Computers","Refurbished products are items which have been returned to an authorized repair facility for testing, inspection, or which have been repaired by certified technicians. Products may have minor cosmetic blemishes, scratches or slight signs of wear. Products may not come with original packaging materials. For warranty or DOA please contact MMT.","Intel Core i5-13420H, 8C (4P + 4E) / 12T, P-core 2.1 / 4.6GHz, E-core 1.5 / 3.4GHz, 12MB
2x 8GB SO-DIMM DDR5-5200, 256GB SSD M.2 2280 PCIe 4.0x4 NVMe Opal 2.0
23.8"" FHD (1920x1080) IPS Anti-glare 250nits, 99% sRGB
1x USB-A (USB 10Gbps / USB 3.2 Gen 2) 2x USB-A (Hi-Speed USB / USB 2.0) 1x HDMI-in 1.4 1x HDMI-out 2.1 TMDS 1x Ethernet (RJ-45) 1x power connector
1x USB-C USB 10Gbps / USB 3.2 Gen 2), data transfer only 1x headphone / microphone combo jack (3.5mm)
Windows 11 Pro, English","https://www.mmt.com.au/Files/Product assets/Images/19/12SD001RAU_R.jpg","https://www.mmt.com.au/Files/Product assets/Images/19/12SD001RAU_R.jpg","https://www.mmt.com.au/Files/Product assets/Images/19/12SD001RAU_R.jpg","MELBHO","20.49","54*23*66","EOL","2","","197530708534"
"12TD0029AU","12TD0029AU","Lenovo","19","Lenovo ThinkCentre M70Q G5 Tiny i5-14400T, 16GB, 256GB, WIFI+BT, KB+MSE, W11P, 3Y OS","1929.00","1229","0","Computers","Desktop Computers","Tiny in name but not in nature, M Series Tiny desktops deliver big-business performance with impressive processing power and platform stability. Both durable and energy efficient, they require very little space, too.","Intel Core i5-14400T, 10C (6P + 4E) / 16T, P-core 1.5 / 4.5GHz, E-core 1.1 / 3.2GHz, 20MB
2x 8GB SO-DIMM DDR5-4800 , 256GB SSD M.2 2280 PCIe 4.0x4 NVMe Opal
1x USB-C (USB 5Gbps / USB 3.2 Gen 1), with 5V@0.9A charging 1x USB-A (USB 10Gbps / USB 3.2 Gen 2), with Always On and 5V@2.1A charging 1x USB-A (USB 10Gbps / USB 3.2 Gen 2) 1x headphone / microphone
1x USB-A (Hi-Speed USB / USB 2.0) 1x USB-A (USB 5Gbps / USB 3.2 Gen 1) 2x USB-A (USB 10Gbps / USB 3.2 Gen 2) 1x HDMI® 2.1 TMDS 1x DisplayPort 1.4a (HBR2, DSC) 1x Ethernet (RJ-45)
Windows 11 Pro, English","https://www.mmt.com.au/Files/Product assets/Images/19/12TD0029AU.jpg","https://www.mmt.com.au/Files/Product assets/Images/19/12TD0029AU.jpg","https://www.mmt.com.au/Files/Product assets/Images/19/12TD0029AU.jpg","MELBHO","4","25*13*49","Current Stock","1","","198154365400"
"12TD002BAU","12TD002BAU","Lenovo","19","Lenovo ThinkCentre M70Q G5 Tiny i5-14400T, 16GB, 512GB, WIFI+BT, KB+MSE, W11P, 3Y OS","1969.00","1279","33","Computers","Desktop Computers","Tiny in name but not in nature, M Series Tiny desktops deliver big-business performance with impressive processing power and platform stability. Both durable and energy efficient, they require very little space, too.","Intel Core i5-14400T, 10C (6P + 4E) / 16T, P-core 1.5 / 4.5GHz, E-core 1.1 / 3.2GHz, 20MB
2x 8GB SO-DIMM DDR5-4800, 512GB SSD M.2 2280 PCIe 4.0x4 NVMe Opal
1x USB-C (USB 5Gbps / USB 3.2 Gen 1), with 5V@0.9A charging 1x USB-A (USB 10Gbps / USB 3.2 Gen 2), with Always On and 5V@2.1A charging 1x USB-A (USB 10Gbps / USB 3.2 Gen 2) 1x headphone / microphone
1x USB-A (Hi-Speed USB / USB 2.0) 1x USB-A (USB 5Gbps / USB 3.2 Gen 1) 2x USB-A (USB 10Gbps / USB 3.2 Gen 2) 1x HDMI® 2.1 TMDS 1x DisplayPort 1.4a (HBR2, DSC) 1x Ethernet (RJ-45)
Windows 11 Pro","https://www.mmt.com.au/Files/Product assets/Images/19/12TD002BAU.jpg","https://www.mmt.com.au/Files/Product assets/Images/19/12TD002BAU.jpg","https://www.mmt.com.au/Files/Product assets/Images/19/12TD002BAU.jpg","MELBHO","3.75","25*12*50","EOL","2","","198154365417"
"12TD002EAU","12TD002EAU","Lenovo","19","Lenovo ThinkCentre M70Q G5 Tiny i7-14700T, 32GB, 1TB, WIFI+BT, KB+MSE, W11P, 3Y OS","3134.00","1899","5","Computers","Desktop Computers","Tiny in name but not in nature, M Series Tiny desktops deliver big-business performance with impressive processing power and platform stability. Both durable and energy efficient, they require very little space, too.","Intel Core i7-14700T, 20C (8P + 12E) / 28T, Max Turbo up to 5.2GHz, P-core 1.3 / 5.0GHz, E-core 0.9 / 3.7GHz, 33MB
2x 16GB SO-DIMM DDR5-5600, 1TB SSD M.2 2280 PCIe 4.0x4 NVMe Opal
1x USB-C (USB 5Gbps / USB 3.2 Gen 1), with 5V@0.9A charging 1x USB-A (USB 10Gbps / USB 3.2 Gen 2), with Always On and 5V@2.1A charging 1x USB-A (USB 10Gbps / USB 3.2 Gen 2) 1x headphone / microphone
1x USB-A (Hi-Speed USB / USB 2.0) 1x USB-A (USB 5Gbps / USB 3.2 Gen 1) 2x USB-A (USB 10Gbps / USB 3.2 Gen 2) 1x HDMI 2.1 TMDS 1x DisplayPort 1.4a (HBR2, DSC) 1x Ethernet (RJ-45)
Windows 11 Pro, English","https://www.mmt.com.au/Files/Product assets/Images/19/12TD002EAU.jpg","https://www.mmt.com.au/Files/Product assets/Images/19/12TD002EAU.jpg","https://www.mmt.com.au/Files/Product assets/Images/19/12TD002EAU.jpg","MELBHO","3.98","13*25*49","Current Stock","1","","198154365370"
"12U30016AU","12U30016AU","Lenovo","19","Lenovo ThinkCentre M70S G5 SFF  i5-14400, 16GB, 512GB, WIFI+BT, W11P, 3Y OS","2039.00","1199","6","Computers","Desktop Computers","Whether you run a small business or the IT department of a massive enterprise, you can have confidence in these desktop PCs' reliability, ease of use and productivity - not to mention their green appeal. Choose from multiple form factors, then let these tools of business do the rest","Intel Core i5-14400, 10C (6P + 4E) / 16T, P-core 2.5 / 4.7GHz, E-core 1.8 / 3.5GHz, 20MB
2x 8GB UDIMM DDR5-4800, 512GB SSD M.2 2280 PCIe 4.0x4 NVMe Opal 2.0
1x USB-C (USB 5Gbps / USB 3.2 Gen 1), with 15W charging 4x USB-A (USB 5Gbps / USB 3.2 Gen 1) 1x headphone / microphone combo jack (3.5mm) 1x microphone (3.5mm)
4x USB-A (Hi-Speed USB / USB 2.0) 1x HDMI 2.1 TMDS 1x DisplayPort 1.4a (HBR2, DSC) 1x Ethernet (RJ-45)
Windows 11 Pro, English","https://www.mmt.com.au/Files/Product assets/Images/19/12U30016AU.jpg","https://www.mmt.com.au/Files/Product assets/Images/19/12U30016AU.jpg","https://www.mmt.com.au/Files/Product assets/Images/19/12U30016AU.jpg","MELBHO","11","53*20*39","Current Stock","1","","198154493103"
"12U30018AU","12U30018AU","Lenovo","19","Lenovo ThinkCentre M70S G5 SFF i7-14700, 16GB, 512GB, WIFI+BT, W11P, 3Y OS","2039.00","1499","0","Computers","Desktop Computers","Whether you run a small business or the IT department of a massive enterprise, you can have confidence in these desktop PCs' reliability, ease of use and productivity - not to mention their green appeal. Choose from multiple form factors, then let these tools of business do the rest","Intel Core i7-14700, 20C (8P + 12E) / 28T, Max Turbo up to 5.4GHz, P-core 2.1 / 5.3GHz, E-core 1.5 / 4.2GHz, 33MB
1x USB-C (USB 5Gbps / USB 3.2 Gen 1), with 15W charging 4x USB-A (USB 5Gbps / USB 3.2 Gen 1) 1x headphone / microphone combo jack (3.5mm) 1x microphone (3.5mm)
2x 8GB UDIMM DDR5-5600, 512GB SSD M.2 2280 PCIe 4.0x4 NVMe Opal 2.0
4x USB-A (Hi-Speed USB / USB 2.0) 1x HDMI 2.1 TMDS 1x DisplayPort 1.4a (HBR2, DSC) 1x Ethernet (RJ-45)
Windows 11 Pro, English","https://www.mmt.com.au/Files/Product assets/Images/19/12U30018AU.jpg","https://www.mmt.com.au/Files/Product assets/Images/19/12U30018AU.jpg","https://www.mmt.com.au/Files/Product assets/Images/19/12U30018AU.jpg","MELBHO","10.34","53*20*39","EOL","2","","198154493110"
"12XF0019AU","12XF0019AU","Lenovo","19","Lenovo ThinkCentre Neo 50S G5 SFF i5-13400, 16GB, 512GB, W11P, 3Y OS","1449.00","1049","15","Computers","Desktop Computers","Classic meets modern with these powerful, smart, and stylish desktop and all-in-one PCs. Easy to manage and energy efficient, they're ideal for the modern workplace, wherever that may be. Made with eco-friendly technology and materials, including recycled plastic packaging, they're everything a forward-looking business needs.","Intel Core i5-13400, 10C (6P + 4E) / 16T, P-core 2.5 / 4.6GHz, E-core 1.8 / 3.3GHz, 20MB
2x 8GB UDIMM DDR5-4800, 512GB SSD M.2 2280 PCIe 4.0x4 NVMe Opal 2.0
1x USB-C (USB 5Gbps / USB 3.2 Gen 1), with 15W charging 2x USB-A (USB 5Gbps / USB 3.2 Gen 1) 1x headphone / microphone combo jack (3.5mm) 1x microphone (3.5mm)
4x USB-A (Hi-Speed USB / USB 2.0), one supports Smart Power On 1x HDMI® 2.1 TMDS 1x DisplayPort 1.4 1x VGA 1x Ethernet (RJ-45) 1x line-out (3.5mm)
Windows 11 Pro, English","https://www.mmt.com.au/Files/Product assets/Images/19/12XF0019AU.jpg","https://www.mmt.com.au/Files/Product assets/Images/19/12XF0019AU.jpg","https://www.mmt.com.au/Files/Product assets/Images/19/12XF0019AU.jpg","MELBHO","9.63","52*19*39","EOL","2","","198156512635"
"12XF001BAU","12XF001BAU","Lenovo","19","Lenovo ThinkCentre Neo 50S G5 SFF i7-13700, 16GB, 512GB, W11P,  3Y OS","1569.00","1349","11","Computers","Desktop Computers","Classic meets modern with these powerful, smart, and stylish desktop and all-in-one PCs. Easy to manage and energy efficient, they're ideal for the modern workplace, wherever that may be. Made with eco-friendly technology and materials, including recycled plastic packaging, they're everything a forward-looking business needs.","Intel Core i7-13700, 16C (8P + 8E) / 24T, Max Turbo up to 5.2GHz, P-core 2.1 / 5.1GHz, E-core 1.5 / 4.1GHz, 30MB
2x 8GB UDIMM DDR5-4800, 512GB SSD M.2 2280 PCIe 4.0x4 NVMe Opal 2.0
1x USB-C (USB 5Gbps / USB 3.2 Gen 1), with 15W charging 2x USB-A (USB 5Gbps / USB 3.2 Gen 1) 1x headphone / microphone combo jack (3.5mm) 1x microphone (3.5mm)
4x USB-A (Hi-Speed USB / USB 2.0), one supports Smart Power On 1x HDMI® 2.1 TMDS 1x DisplayPort 1.4 1x VGA 1x Ethernet (RJ-45) 1x line-out (3.5mm)
Windows 11 Pro, English","https://www.mmt.com.au/Files/Product assets/Images/19/12XF001BAU.jpg","https://www.mmt.com.au/Files/Product assets/Images/19/12XF001BAU.jpg","https://www.mmt.com.au/Files/Product assets/Images/19/12XF001BAU.jpg","MELBHO","10","54*19*39","Current Stock","1","","198156512611"
"12XF003KAU","12XF003KAU","Lenovo","19","Lenovo ThinkCentre Neo 50S G5 SFF i5-14400, 16GB, 512GB, W11P, 1Y OS","1599.00","999","9","Computers","Desktop Computers","The Lenovo ThinkCentre Neo 50s Gen 5 Desktop is a compact and efficient desktop designed to provide reliable performance for professional and everyday computing tasks. Built with Lenovo’s commitment to quality and durability, the Neo 50s Gen 5 combines a small form factor with robust functionality, making it ideal for office environments, home offices, and workspaces with limited space.","Intel Core i5-14400, 10C (6P + 4E) / 16T, P-core 2.5 / 4.7GHz, E-core 1.8 / 3.5GHz, 20MB
2x 8GB UDIMM DDR5-5600, 512GB SSD M.2 2280 PCIe 4.0x4 NVMe Opal 2.0
1x USB-C (USB 5Gbps / USB 3.2 Gen 1), with 15W charging 2x USB-A (USB 5Gbps / USB 3.2 Gen 1) 1x headphone / microphone combo jack (3.5mm) 1x microphone (3.5mm)
4x USB-A (Hi-Speed USB / USB 2.0), one supports Smart Power On 1x HDMI 2.1 TMDS 1x DisplayPort 1.4 1x VGA 1x Ethernet (RJ-45) 1x line-out (3.5mm)
Windows 11 Pro, English","https://www.mmt.com.au/Files/Product assets/Images/19/12XF003KAU.jpg","https://www.mmt.com.au/Files/Product assets/Images/19/12XF003KAU.jpg","https://www.mmt.com.au/Files/Product assets/Images/19/12XF003KAU.jpg","MELBHO","9.82","53*19*39","EOL","2","","199273172696"
"12XF003LAU","12XF003LAU","Lenovo","19","Lenovo ThinkCentre Neo 50S G5 SFF i7-14700, 16GB, 512GB, W11P, 1Y OS","1638.00","1359","0","Computers","Desktop Computers","Lenovo ThinkCentre Neo 50s The Lenovo ThinkCentre Neo 50s Gen 5 Desktop is a compact and efficient desktop designed to provide reliable performance for professional and everyday computing tasks. Built with Lenovo’s commitment to quality and durability, the Neo 50s Gen 5 combines a small form factor with robust functionality, making it ideal for office environments, home offices, and workspaces with limited space.","Intel Core i7-14700, 20C (8P + 12E) / 28T, Max Turbo up to 5.4GHz, P-core 2.1 / 5.3GHz, E-core 1.5 / 4.2GHz, 33MB
2x 8GB UDIMM DDR5-5600, 512GB SSD M.2 2280 PCIe 4.0x4 NVMe Opal 2.0
1x USB-C (USB 5Gbps / USB 3.2 Gen 1), with 15W charging 2x USB-A (USB 5Gbps / USB 3.2 Gen 1) 1x headphone / microphone combo jack (3.5mm) 1x microphone (3.5mm)
4x USB-A (Hi-Speed USB / USB 2.0), one supports Smart Power On 1x HDMI 2.1 TMDS 1x DisplayPort 1.4 1x VGA 1x Ethernet (RJ-45) 1x line-out (3.5mm)
Windows 11 Pro, English","https://www.mmt.com.au/Files/Product assets/Images/19/12XF003LAU.jpg","https://www.mmt.com.au/Files/Product assets/Images/19/12XF003LAU.jpg","https://www.mmt.com.au/Files/Product assets/Images/19/12XF003LAU.jpg","MELBHO","9.82","53*19*39","Current Stock","1","01/07/2026",""
"12YK000FAU","12YK000FAU","Lenovo","19","Lenovo ThinkCentre M70S G6 SFF U5-225, 16GB, 512GB, WIFI+BT, W11P, 3Y OS","1819.00","1499","6","Computers","Desktop Computers","Whether you run a small business or the IT department of a massive enterprise, you can have confidence in these desktop PCs' reliability, ease of use and productivity - not to mention their green appeal. Choose from multiple form factors, then let these tools of business do the rest.","Intel Core Ultra 5 225, 10C (6P + 4E) / 10T, Max Turbo up to 4.9GHz, 20MB
2x 8GB UDIMM DDR5-5600, 512GB SSD M.2 2280 PCIe 4.0x4 NVMe Opal 2.0
1x USB-C (USB 5Gbps / USB 3.2 Gen 1), with 15W charging 2x USB-A (USB 5Gbps / USB 3.2 Gen 1) 2x USB-A (USB 10Gbps / USB 3.2 Gen 2) 1x headphone / microphone combo jack (3.5mm)
4x USB-A (USB 5Gbps / USB 3.2 Gen 1) 1x HDMI 2.1 TMDS 2x DisplayPort 1.4a (HBR2, DSC) 1x Ethernet (RJ-45) 1x line-out (3.5mm)
Windows 11 Pro, English","https://www.mmt.com.au/Files/Product assets/Images/19/12YK000FAU.jpg","https://www.mmt.com.au/Files/Product assets/Images/19/12YK000FAU.jpg","https://www.mmt.com.au/Files/Product assets/Images/19/12YK000FAU.jpg","MELBHO","10.34","53*20*39","Current Stock","1","","198157744387"
"12YK000GAU","12YK000GAU","Lenovo","19","Lenovo ThinkCentre M70S G6 SFF U7-265, 16GB, 512GB, WIFI+BT, W11P, 3Y OS","2683.00","1899","7","Computers","Desktop Computers","Whether you run a small business or the IT department of a massive enterprise, you can have confidence in these desktop PCs' reliability, ease of use and productivity - not to mention their green appeal. Choose from multiple form factors, then let these tools of business do the rest.","Intel Core Ultra 7 265, 20C (8P + 12E) / 20T, Max Turbo up to 5.3GHz, 30MB
2x 8GB UDIMM DDR5-5600, 512GB SSD M.2 2280 PCIe 4.0x4 NVMe Opal 2.0
1x USB-C (USB 5Gbps / USB 3.2 Gen 1), with 15W charging 2x USB-A (USB 5Gbps / USB 3.2 Gen 1) 2x USB-A (USB 10Gbps / USB 3.2 Gen 2) 1x headphone / microphone combo jack (3.5mm)
4x USB-A (USB 5Gbps / USB 3.2 Gen 1) 1x HDMI 2.1 TMDS 2x DisplayPort 1.4a (HBR2, DSC) 1x Ethernet (RJ-45) 1x line-out (3.5mm)
Windows 11 Pro, English","https://www.mmt.com.au/Files/Product assets/Images/19/12YK000GAU.jpg","https://www.mmt.com.au/Files/Product assets/Images/19/12YK000GAU.jpg","https://www.mmt.com.au/Files/Product assets/Images/19/12YK000GAU.jpg","MELBHO","10.34","53*20*39","Current Stock","1","","198157744394"
"13A40008AU","13A40008AU","Lenovo","19","Lenovo ThinkCentre M70Q G6 Tiny U5-225T, 16GB, 512GB, WIFI+BT, W11P, 3Y OS","1699.00","1599","0","Computers","Desktop Computers","This Lenovo M70Q G6 TINY Desktop is compact powerhouse combines an Intel U5-225T CPU and 16GB RAM for smooth performance. Its 1L size maximizes workspace efficiency, while the 512GB SSD offers fast storage. With Windows 11 Pro, easy upgrades, and 3-year onsite support, it’s ideal for businesses seeking reliable, space-saving computing.","Intel Core Ultra 5 225T, 10C (6P + 4E) / 10T, Max Turbo up to 4.9GHz, 20MB
2x 8GB SO-DIMM DDR5-5600, 512GB SSD M.2 2280 PCIe 4.0x4 NVMe Opal
1x USB-C (USB 10Gbps / USB 3.2 Gen 2), data transfer only 2x USB-A (USB 10Gbps / USB 3.2 Gen 2), one supports Always On and 5V@2.1A charging 1x headphone / microphone combo jack (3.5mm)
2x USB-A (USB 10Gbps / USB 3.2 Gen 2) 2x USB-A (USB 5Gbps / USB 3.2 Gen 1), one supports Smart Power On 1x HDMI 2.1 TMDS 1x DisplayPort 1.4a (HBR2) 1x Ethernet (GbE RJ-45)
Windows 11 Pro, English","https://www.mmt.com.au/Files/Product assets/Images/19/13A40008AU.jpg","https://www.mmt.com.au/Files/Product assets/Images/19/13A40008AU.jpg","https://www.mmt.com.au/Files/Product assets/Images/19/13A40008AU.jpg","MELBHO","3.98","13*25*49","Current Stock","1","03/07/2026","198157873346"
"13A4000BAU","13A4000BAU","Lenovo","19","Lenovo ThinkCentre M70Q G6 Tiny U7-265T, 32GB, 512GB, WIFI+BT, KB+MSE, W11P, 3Y OS","2183.00","2099","4","Computers","Desktop Computers","The Lenovo ThinkCentre M70q Gen 6 Tiny PC is a compact (Tiny) business desktop designed for productivity, manageability, and modern office workflows. It balances enterprise-level performance, security, and manageability with a small 1-litre form factor that can sit on a desk, be mounted behind a monitor (VESA), or deployed in tight spaces.","Intel® Core Ultra 7 265T, 20C (8P + 12E) / 20T, Max Turbo up to 5.3GHz, 30MB Intel Smart Cache
2x 16GB SODIMM DDR5-5600, 512GB SSD M.2 2280 PCIe® 4.0x4 NVMe® Opal
Front Ports: 1x USB-C® (USB 10Gbps / USB 3.2 Gen 2), data transfer only, 2x USB-A (USB 10Gbps / USB 3.2 Gen 2), one supports Always On and 5V@2.1A charging, 1x headphone / microphone combo jack (3.5mm)
Rear ports: 2x USB-A (USB 10Gbps / USB 3.2 Gen 2) (models with Intel® Q870 Chipset), 2x USB-A (USB 5Gbps / USB 3.2 Gen 1), one supports Smart Power On, 1x HDMI® 2.1 TMDS, 1x DisplayPort™ 1.4a (HBR2), 1x Ethernet (GbE RJ-45)
Windows® 11 Pro, English","https://www.mmt.com.au/Files/Uploads/ThinkCentre_M70q_Gen_6_CT2_02.jpg","https://www.mmt.com.au/Files/Uploads/ThinkCentre_M70q_Gen_6_CT2_02.jpg","https://www.mmt.com.au/Files/Uploads/ThinkCentre_M70q_Gen_6_CT2_02.jpg","MELBHO","3.4","12.5*25*49","Current Stock","1","","198157873353"
"13A4000CAU","13A4000CAU","Lenovo","19","Lenovo ThinkCentre M70Q G6 Tiny U7-265T VPRO, 32GB, 1TB, WIFI+BT, W11P, 3Y OS","3309.00","2627","0","Computers","Desktop Computers","This Lenovo M70Q G6 TINY Desktop is miniature powerhouse combines an Intel U7-265T CPU with 32GB RAM and 1TB SSD for intensive workloads. Its 1L design revolutionizes workspace efficiency while supporting triple 4K outputs. With enterprise-grade security, whisper-quiet operation, and 3-year onsite coverage, it's the ultimate compact solution for data analysts, healthcare IT, and control room applications.","Intel Core Ultra 7 265T, 20C (8P + 12E) / 20T, Max Turbo up to 5.3GHz, 30MB
2x 16GB SO-DIMM DDR5-5600, 1TB SSD M.2 2280 PCIe 4.0x4 NVMe Opal
1x USB-C (USB 10Gbps / USB 3.2 Gen 2), data transfer only 2x USB-A (USB 10Gbps / USB 3.2 Gen 2), one supports Always On and 5V@2.1A charging 1x headphone / microphone combo jack (3.5mm)
2x USB-A (USB 10Gbps / USB 3.2 Gen 2) 2x USB-A (USB 5Gbps / USB 3.2 Gen 1), one supports Smart Power On 1x HDMI 2.1 TMDS 1x DisplayPort 1.4a (HBR2) 1x Ethernet (GbE RJ-45)
Windows 11 Pro, English","https://www.mmt.com.au/Files/Product assets/Images/19/13A4000CAU.jpg","https://www.mmt.com.au/Files/Product assets/Images/19/13A4000CAU.jpg","https://www.mmt.com.au/Files/Product assets/Images/19/13A4000CAU.jpg","MELBHO","3.98","25*13*49","Current Stock","1","",""
"13B9001XAU","13B9001XAU","Lenovo","19","Lenovo ThinkCentre Neo 50Q G5 Tiny I5-210H, 16GB, 512GB SSD, WIFI+BT, W11P, 1YR OS","1399.00","1069","6","Computers","Desktop Computers","Fueled by Intel Core processor, the ThinkCentre Neo 50q Gen 5 Tiny PC manages business reliably. With workload optimization, it delivers peak performance. Moreover, it enhances your creative output and productivity with vast memory and storage run resource-heavy software while switching between tasks with zero lag.","Intel Core 5 210H, 8C (4P + 4E) / 12T, P-core 2.2 / 4.8GHz, E-core 1.6 / 3.6GHz, 12MB
2x 8GB SO-DIMM DDR5-5600, 512GB SSD M.2 2280 PCIe 4.0x4 NVMe Opal 2.0
1x USB-C (USB 10Gbps / USB 3.2 Gen 2), with data transfer and 5V@3A charging 1x USB-A (USB 10Gbps / USB 3.2 Gen 2), with Always On and 5V@2.1A charging 1x headphone / microphone combo jack (3.5mm)
2x USB-A (Hi-Speed USB / USB 2.0), one supports Smart Power On 2x USB-A (USB 10Gbps / USB 3.2 Gen 2) 1x HDMI 2.1 TMDS 1x DisplayPort 1.4b 1x Ethernet (GbE RJ-45) 1x Power connector
Windows 11 Pro, English","https://www.mmt.com.au/Files/Product assets/Images/19/13B9001XAU.jpg","https://www.mmt.com.au/Files/Product assets/Images/19/13B9001XAU.jpg","https://www.mmt.com.au/Files/Product assets/Images/19/13B9001XAU.jpg","MELBHO","3.98","13*25*49","Current Stock","1","","198158727242"
"13B9005DAU","13B9005DAU","Lenovo","19","Lenovo ThinkCentre Neo 50Q G5 Tiny i5-13420H, 16GB, 256GB, WIFI+BT, KB+MSE, W11P, 1Y OS","1199.00","1194","0","Computers","Desktop Computers","Whether you need to connect securely with remote devices or transfer data safely and quickly across the globe, the ThinkCentre neo 50q Tiny has the answer. It can also handle complex, volume-heavy tasks with ease, and supports up to WiFi 6. So connecting with teams and clients, wherever they are based, is both seamless and hassle-free.","Intel Core i5-13420H, 8C (4P + 4E) / 12T, P-core 2.1 / 4.6GHz, E-core 1.5 / 3.4GHz, 12MB
2x 8GB SO-DIMM DDR5-5600, 256GB SSD M.2 2280 PCIe 4.0x4 NVMe Opal 2.0
1x USB-C 3.2 Gen 2 (support data transfer and 5V@0.9A charging) 1x USB 3.2 Gen 2 (Always On and 5V@2.1A charging) 1x headphone / microphone combo jack (3.5mm)
2x USB 2.0 2x USB 3.2 Gen 2 1x HDMI 2.1 TMDS 1x DisplayPort 1.4 1x Ethernet (RJ-45)
Windows 11 Pro, English","https://www.mmt.com.au/Files/Product assets/Images/19/13B9005DAU.jpg","https://www.mmt.com.au/Files/Product assets/Images/19/13B9005DAU.jpg","https://www.mmt.com.au/Files/Product assets/Images/19/13B9005DAU.jpg","MELBHO","3","13*25*49","Order to Order","4","",""
"13B9005EAU","13B9005EAU","Lenovo","19","Lenovo ThinkCentre Neo 50Q G5 Tiny i5-13420H, 16GB, 512GB, W11P, 1Y OS","1539.00","949","0","Computers","Desktop Computers","Whether you need to connect securely with remote devices or transfer data safely and quickly across the globe, the ThinkCentre neo 50q Tiny has the answer. It can also handle complex, volume-heavy tasks with ease, and supports up to WiFi 6. So connecting with teams and clients, wherever they are based, is both seamless and hassle-free.","Intel Core i5-13420H, 8C (4P + 4E) / 12T, P-core 2.1 / 4.6GHz, E-core 1.5 / 3.4GHz, 12MB
2x 8GB SO-DIMM DDR5-5600, 512GB SSD M.2 2280 PCIe 4.0x4 NVMe Opal 2.0
1x USB-C 3.2 Gen 2 (support data transfer and 5V@0.9A charging) 1x USB 3.2 Gen 2 (Always On and 5V@2.1A charging) 1x headphone / microphone combo jack (3.5mm)
2x USB 2.0 2x USB 3.2 Gen 2 1x HDMI 2.1 TMDS 1x DisplayPort 1.4 1x Ethernet (RJ-45)
Windows 11 Pro, English","https://www.mmt.com.au/Files/Product assets/Images/19/13B9005EAU.jpg","https://www.mmt.com.au/Files/Product assets/Images/19/13B9005EAU.jpg","https://www.mmt.com.au/Files/Product assets/Images/19/13B9005EAU.jpg","MELBHO","3","13*25*49","Current Stock","1","","199272548324"
"13B9005EAU-3YR","13B9005EAU-3YR","Lenovo","19","Lenovo ThinkCentre Neo 50Q G5 Tiny i5-13420H, 16GB, 512GB, W11P, 3Y OS","1177.00","949","0","Computers","Desktop Computers","Whether you need to connect securely with remote devices or transfer data safely and quickly across the globe, the ThinkCentre neo 50q Tiny has the answer. It can also handle complex, volume-heavy tasks with ease, and supports up to WiFi 6. So connecting with teams and clients, wherever they are based, is both seamless and hassle-free.","","https://www.mmt.com.au/Files/Uploads/ThinkCentre_neo_50q_Gen_5_CT1_02.jpg","https://www.mmt.com.au/Files/Uploads/ThinkCentre_neo_50q_Gen_5_CT1_02.jpg","https://www.mmt.com.au/Files/Uploads/ThinkCentre_neo_50q_Gen_5_CT1_02.jpg","MELBHO","3.98","13*25*49","Current Stock","1","","199272548324"
"13HR002FAU","13HR002FAU","Lenovo","15","Lenovo ThinkCentre Neo 50q G6 Tiny U5-226V, 16GB (Soldered), 512GB, W11P, 1Y OS","1379.00","1199","15","Computers","Notebooks","","Intel Core Ultra 5 226V, 8C (4P + 4LPE) / 8T, Max Turbo up to 4.5GHz, 8MB Intel Smart Cache
16GB Soldered LPDDR5X-8533, MoP Memory
512GB SSD M.2 2280 PCIe 4.0x4 NVMe Opal 2.0
Integrated Intel Arc Graphics 130V
Windows 11 Pro, English
Case color - Black
1-year, Onsite","https://www.mmt.com.au/Files/Images/Product Images/ThinkCentre_neo_50q_Gen_6_CT1_02.png","https://www.mmt.com.au/Files/Images/Product Images/ThinkCentre_neo_50q_Gen_6_CT1_02.png","https://www.mmt.com.au/Files/Images/Product Images/ThinkCentre_neo_50q_Gen_6_CT1_02.png","MELBHO","3.2","12.9*25*49","Current Stock","1","",""
"1430B","1430B","Pelican","15B","Pelican 1430 Top Loader Case Black","329.95","210","0","Computers","Bags, Cases & Covers","Sensitive equipment needs protection and since 1976 the answer has been the Pelican Protector Case. These cases are designed rugged and travel the harshest environments on earth. Against the extreme cold of the arctic or the heat of battle, Pelican cases have survived. Made in the USA, these tough cases are designed with an automatic purge valve that equalizes air pressure, a watertight silicone O-ring lid, over-molded rubber handles and stainless steel hardware.","Unique top loading design
Open cell core with solid wall design - strong, light weight
Comfortable rubber over-molded handle
3 level Pick N Pluck with convoluted lid foam
Easy open Double Throw latches
Stainless steel hardware and padlock protectors
Automatic Pressure Equalization Valve - balances interior pressure, keeps water out
O-ring seal
Optional shoulder strap available
Lifetime Guarantee of Excellence
Dimensions: Interior (L x W x D) 13.56"" x 5.76"" x 11.70"" (34.4 x 14.6 x 29.7 cm)
Dimensions: Exterior (L x W x D) 16.40"" x 8.71"" x 13.15"" (41.7 x 22.1 x 33.4 cm)","https://www.mmt.com.au/Files/Product assets/Images/15B/1430B.jpg","https://www.mmt.com.au/Files/Product assets/Images/15B/1430B.jpg","https://www.mmt.com.au/Files/Product assets/Images/15B/1430B.jpg","MELBHO","8.2","34*23*42","Order to Order","4","","19428048211"
"1470B","1470B","Pelican","15B","Pelican 1470 Laptop Case Black","439.95","260","0","Computers","Bags, Cases & Covers","Sensitive equipment needs protection and since 1976 the answer has been the Pelican Protector Case. These cases are designed rugged and travel the harshest environments on earth. Against the extreme cold of the arctic or the heat of battle, Pelican cases have survived. Made in the USA, these tough cases are designed with an automatic purge valve that equalizes air pressure, a watertight silicone O-ring lid, over-molded rubber handles and stainless steel hardware.","Double safety locking latches with keys
Pick N Pluck with convoluted lid foam
Open cell core with solid wall design - strong, light weight
Comfortable rubber over-molded handle
Automatic Pressure Equalization Valve - balances interior pressure, keeps water out
O-ring seal
Stainless steel hardware
Lifetime Guarantee of Excellence
Dimensions: Interior (L x W x D) 15.70"" x 10.70"" x 3.87"" (39.9 x 27.2 x 9.8 cm)
Dimensions: Exterior (L x W x D) 16.88"" x 13.23"" x 4.47"" (42.9 x 33.6 x 11.4 cm)","https://www.mmt.com.au/Files/Product assets/Images/15B/1470B.jpg","https://www.mmt.com.au/Files/Product assets/Images/15B/1470B.jpg","https://www.mmt.com.au/Files/Product assets/Images/15B/1470B.jpg","MELBHO","4.4","12*34*43","Order to Order","4","","19428008857"
"1490B","1490-000-110","Pelican","15B","Pelican 1490 Laptop Case Black","519.95","335.01","0","Computers","Bags, Cases & Covers","Sensitive equipment needs protection and since 1976 the answer has been the Pelican Protector Case. These cases are designed rugged and travel the harshest environments on earth. Against the extreme cold of the arctic or the heat of battle, Pelican cases have survived. Made in the USA, these tough cases are designed with an automatic purge valve that equalizes air pressure, a watertight silicone O-ring lid, over-molded rubber handles and stainless steel hardware.","Fits notebook computers up to 17.3"" L x 11.0"" W x 3.3"" D (43.94 x 27.94 x 8.38 cm)
Double safety locking latches with keys
Pick N Pluck with convoluted lid foam
Open cell core with solid wall design - strong, light weight
Comfortable rubber over-molded handle
Automatic Pressure Equalization Valve - balances interior pressure, keeps water out
O-ring seal
Stainless steel hardware
Lifetime Guarantee of Excellence
Dimensions: Interior (L x W x D) 17.75"" x 11.37"" x 4.12"" (45.1 x 28.9 x 10.5 cm)
Dimensions: Exterior (L x W x D) 19.87"" x 13.93"" x 4.68"" (50.5 x 35.4 x 11.9 cm)","https://www.mmt.com.au/Files/Product assets/Images/15B/1490B.jpg","https://www.mmt.com.au/Files/Product assets/Images/15B/1490B.jpg","https://www.mmt.com.au/Files/Product assets/Images/15B/1490B.jpg","MELBHO","6.2","13*37*51","Order to Order","4","","19428006969"
"1490BCC","1490BCC","Pelican","15B","Pelican 1490 Laptop Case Black Deluxe","729.95","435","0","Computers","Bags, Cases & Covers","Fits notebook computers up to 14.0"" L x 10.8"" W x 2.5"" D (43.9 x 24.9 x 8.3 cm). Lid organizer, fitted shock absorbing tray, shoulder strap. Double safety locking latches with keys. Open cell core with solid wall design - strong, light weight. Double Throw Latches. Lifetime Guarantee of Excellence","","https://www.mmt.com.au/Files/Product assets/Images/15B/1490BCC.jpg","https://www.mmt.com.au/Files/Product assets/Images/15B/1490BCC.jpg","https://www.mmt.com.au/Files/Product assets/Images/15B/1490BCC.jpg","MELBHO","5.85","13*36*50","Order to Order","4","","19428020347"
"1495B+Q","1495-000-110","Pelican","19A","Pelican 1495 Laptop Case P&P Black (Box Damaged)","574.95","370.47","1","Computers","Computer Accessories","Sensitive equipment needs protection, and since 1976 the answer has been the Peli Protector Case. These cases are designed rugged, and travel the harshest environments on earth. Against the extreme cold of the arctic or the heat of battle, Peli cases have survived. Made in the USA, these tough cases are designed with an automatic purge valve, that equalizes air pressure, a watertight silicone O-ring lid, over-molded rubber handles and stainless steel hardware.","Fits up to 17"" laptops
Pick N Pluck™ with convoluted lid foam
3 dial combination lock included
Watertight, crushproof, and dustproof
Padded shoulder strap
Fold down over-molded handle
Easy open double-throw latches
Stainless steel padlock protectors
Automatic pressure equalization valve - balances interior pressure, keeps water out
Peli's legendary lifetime guarantee**
* Where applicable by law","https://www.mmt.com.au/Files/Uploads/1495B+Q1 (1).png","https://www.mmt.com.au/Files/Uploads/1495B+Q1 (1).png","https://www.mmt.com.au/Files/Uploads/1495B+Q1 (1).png","MELBHO","0","0*0*0","Clearance","3","",""
"1600B","1600B","Pelican","15B","Pelican 1600 Large Protector Case Black","644.95","390","0","Computers","Bags, Cases & Covers","Sensitive equipment needs protection and since 1976 the answer has been the Pelican Protector Case. These cases are designed rugged and travel the harshest environments on earth. Against the extreme cold of the arctic or the heat of battle, Pelican cases have survived. Made in the USA, these tough cases are designed with an automatic purge valve that equalizes air pressure, a watertight silicone O-ring lid, over-molded rubber handles and stainless steel hardware.","Watertight, crushproof and dustproof
2 level Pick N Pluck with convoluted lid foam
Open cell core with solid wall design - strong, light weight
Comfortable rubber over-molded handle
Stainless steel hardware and padlock protectors
Automatic Pressure Equalization Valve - balances interior pressure, keeps water out
O-ring seal
Lifetime Guarantee of Excellence
Dimensions: Interior (L x W x D) 21.51"" x 16.54"" x 7.99"" (54.6 x 42 x 20.3 cm)
Dimensions: Exterior (L x W x D) 24.39"" x 19.36"" x 8.79"" (62 x 49.2 x 22.3 cm)","https://www.mmt.com.au/Files/Product assets/Images/15B/1600B.jpg","https://www.mmt.com.au/Files/Product assets/Images/15B/1600B.jpg","https://www.mmt.com.au/Files/Product assets/Images/15B/1600B.jpg","MELBHO","18","23*48*63","Order to Order","4","","19428020170"
"1600TPB","1600TPB","Pelican","15B","Pelican 1600 Large Protector Case","939.95","600","0","Computers","Bags, Cases & Covers","Sensitive equipment needs protection and since 1976 the answer has been the Pelican Protector Case. These cases are designed rugged and travel the harshest environments on earth. Against the extreme cold of the arctic or the heat of battle, Pelican cases have survived. Made in the USA, these tough cases are designed with an automatic purge valve that equalizes air pressure, a watertight silicone O-ring lid, over-molded rubber handles and stainless steel hardware.","Watertight, crushproof and dustproof
2 level Pick N Pluck with convoluted lid foam
Open cell core with solid wall design - strong, light weight
Comfortable rubber over-molded handle
Stainless steel hardware and padlock protectors
Automatic Pressure Equalization Valve - balances interior pressure, keeps water out
O-ring seal
Lifetime Guarantee of Excellence
Dimensions: Interior (L x W x D) 21.51"" x 16.54"" x 7.99"" (54.6 x 42 x 20.3 cm)
Dimensions: Exterior (L x W x D) 24.39"" x 19.36"" x 8.79"" (62 x 49.2 x 22.3 cm)","https://www.mmt.com.au/Files/Product assets/Images/15B/1600TPB.jpg","https://www.mmt.com.au/Files/Product assets/Images/15B/1600TPB.jpg","https://www.mmt.com.au/Files/Product assets/Images/15B/1600TPB.jpg","MELBHO","5","22*62*49","Order to Order","4","","19428020170"
"1610AB","1610AB","Pelican","15B","Pelican 1610AB Large Case With Foam","829.95","520","0","Computers","Bags, Cases & Covers","Sensitive equipment needs protection and since 1976 the answer has been the Pelican Protector Case. These cases are designed rugged and travel the harshest environments on earth. Against the extreme cold of the arctic or the heat of battle, Pelican cases have survived. Made in the USA, these tough cases are designed with an automatic purge valve that equalizes air pressure, a watertight silicone O-ring lid, over-molded rubber handles and stainless steel hardware.","Watertight, crushproof and dustproof
Strong polyurethane wheels with stainless steel bearings
3 level Pick N Pluck with convoluted lid foam
Open cell core with solid wall design - strong, light weight
Retractable extension handle
Fold down handles
Automatic Pressure Equalization Valve - balances interior pressure, keeps water out
Easy open Double Throw latches
Stainless steel hardware and padlock protectors
O-ring seal
Lifetime Guarantee of Excellence
Dimensions: Interior (L x W x D) 21.78"" x 16.69"" x 10.62"" (55.3 x 42.4 x 27 cm)
Dimensions: Exterior (L x W x D) 24.83"" x 19.69"" x 11.88"" (63.1 x 50 x 30.2 cm)","https://www.mmt.com.au/Files/Product assets/Images/15B/1610AB.jpg","https://www.mmt.com.au/Files/Product assets/Images/15B/1610AB.jpg","https://www.mmt.com.au/Files/Product assets/Images/15B/1610AB.jpg","MELBHO","27","31*50*63","Order to Order","4","","19428086817"
"1611","1611","Pelican","15B","Pelican 1611 Full replacement Foam Kit","294.95","190","0","Computers","Bags, Cases & Covers","The foam set is an easy do it yourself system for cutomizing the interior of your case. Layers of foam are pre-scored in tiny cubes. Simply lay your equipment on the foam, tape or chalk to mark the foam and pluck away. Always allow at least one inch of foam between your equipment and the wall of the case.","1 x 5.1cm Polyurethane Convolute lid foam
3 x 6cm Polyurethane Pick N Pluck (.50"" x .50"" squares) base foam
1 x 3.8cm Polyurethane Pad base foam","https://www.mmt.com.au/Files/Product assets/Images/15B/1611.jpg","https://www.mmt.com.au/Files/Product assets/Images/15B/1611.jpg","https://www.mmt.com.au/Files/Product assets/Images/15B/1611.jpg","MELBHO","26","31*51*65","Order to Order","4","","019428007966"
"1615AIRBTREKG2","1615AIRBTREKG2","Pelican","15B","Pelican AIR 1615 Black TrekPak Divider","1199.95","700","0","Computers","Bags, Cases & Covers","Pelican Air cases are the first in a series of remarkable innovations engineered by Pelican, the pioneers of protective cases. For over 40 years Pelican has desgined and crafted the most influential protective cases in the world and we're just getting started. With the launch of the Pelican Air line of cases, we're redefining the future of protection with a remarkable union of light and tough.","Super light proprietary HPX² Polymer
Quiet Rolling Stainless Steel Bearing Wheels
Business card holder
Retractable extension handle
Automatic Purge Valve - Keeps water and dust out while balancing air pressure","https://www.mmt.com.au/Files/Product assets/Images/15B/1615AIRBTREKG2.jpg","https://www.mmt.com.au/Files/Product assets/Images/15B/1615AIRBTREKG2.jpg","https://www.mmt.com.au/Files/Product assets/Images/15B/1615AIRBTREKG2.jpg","MELBHO","31","30*48*85","Order to Order","4","","019428175986"
"1630B","1630B","Pelican","15B","Pelican 1630 Transport Case Black","1314.95","708.5","0","Computers","Bags, Cases & Covers","Sensitive equipment needs protection and since 1976 the answer has been the Pelican Protector Case. These cases are designed rugged and travel the harshest environments on earth. Against the extreme cold of the arctic or the heat of battle, Pelican cases have survived. Made in the USA, these tough cases are designed with an automatic purge valve that equalizes air pressure, a watertight silicone O-ring lid, over-molded rubber handles and stainless steel hardware.","4 strong polyurethane wheels with stainless steel bearings (wheel diameter is 5.3cm)
Stackable
Watertight, crushproof and dustproof
Reinforced corners
Open cell core with solid wall design - strong, light weight
Retractable extension handle
3 level Pick N Pluck with convoluted lid foam
Fold down handles
Easy open Double Throw latches
Stainless steel padlock protectors
Automatic Pressure Equalization Valve - balances interior pressure, keeps water out
O-ring seal
Lifetime Guarantee of Excellence
Dimensions: Interior (L x W x D) 27.70"" x 20.98"" x 15.50"" (70.4 x 53.3 x 39.4 cm)
Dimensions: Exterior (L x W x D) 31.28"" x 24.21"" x 17.48"" (79.5 x 61.5 x 44.4 cm)","https://www.mmt.com.au/Files/Product assets/Images/15B/1630B.jpg","https://www.mmt.com.au/Files/Product assets/Images/15B/1630B.jpg","https://www.mmt.com.au/Files/Product assets/Images/15B/1630B.jpg","MELBHO","56","45*62*80","Order to Order","4","","19428059286"
"1630BNF","1630BNF","Pelican","15B","Pelican 1630 Transport Case Black","1154.95","680","0","Computers","Bags, Cases & Covers","Sensitive equipment needs protection and since 1976 the answer has been the Pelican Protector Case. These cases are designed rugged and travel the harshest environments on earth. Against the extreme cold of the arctic or the heat of battle, Pelican cases have survived. Made in the USA, these tough cases are designed with an automatic purge valve that equalizes air pressure, a watertight silicone O-ring lid, over-molded rubber handles and stainless steel hardware.","4 strong polyurethane wheels with stainless steel bearings (wheel diameter is 5.3cm)
Stackable
Watertight, crushproof and dustproof
Reinforced corners
Open cell core with solid wall design - strong, light weight
Retractable extension handle
3 level Pick N Pluck with convoluted lid foam
Fold down handles
Easy open Double Throw latches
Stainless steel padlock protectors
Automatic Pressure Equalization Valve - balances interior pressure, keeps water out
O-ring seal
Lifetime Guarantee of Excellence
Dimensions: Interior (L x W x D) 27.70"" x 20.98"" x 15.50"" (70.4 x 53.3 x 39.4 cm)
Dimensions: Exterior (L x W x D) 31.28"" x 24.21 x 17.48"" (79.5 x 61.5 x 44.4 cm)","https://www.mmt.com.au/Files/Product assets/Images/15B/1630BNF.jpg","https://www.mmt.com.au/Files/Product assets/Images/15B/1630BNF.jpg","https://www.mmt.com.au/Files/Product assets/Images/15B/1630BNF.jpg","MELBHO","14.1","44*80*62","Order to Order","4","","19428059286"
"1650AB","1650AB","Pelican","15B","Pelican 1650 Case Black","934.95","595","0","Computers","Bags, Cases & Covers","Sensitive equipment needs protection and since 1976 the answer has been the Pelican Protector Case. These cases are designed rugged and travel the harshest enviroments of earth. Against the extreme cold of the arctic or the heat of battle, Pelican cases have survived. Made in the USA, these tough cases are designed with an automatic purge valve that equalizes air pressure, a watertight silicone O-ring lid, over-molded rubber handles and stainless steel hardware.","4 strong polyurethane wheels with stainless steel bearings
Watertight, crushproof and dustproof
2 level Pick N Pluck with convoluted lid foam
Open cell core with solid wall design - strong, light weight
Retractable extension handle
Fold down handles
Easy open Double Throw latches
Stainless steel hardware and padlock protectors
Automatic Pressure Equalization Valve - balances interior pressure, keeps water out
O-ring seal
Lifetime Guarantee of Excellence
Dimensions: Interior (L x W x D) 28.57"" x 17.52"" x 10.65"" (72.6 x 44.5 x 27.1 cm)
Dimensions: Exterior (L x W x D) 31.59"" x 20.47"" x 12.45"" (80.2 x 52 x 31.6 cm)","https://www.mmt.com.au/Files/Product assets/Images/15B/1650AB.jpg","https://www.mmt.com.au/Files/Product assets/Images/15B/1650AB.jpg","https://www.mmt.com.au/Files/Product assets/Images/15B/1650AB.jpg","MELBHO","36.1","32*55*82","Order to Order","4","","019428010805"
"169L0AA","169L0AA","HP","13L","HP E24mv G4 23.8"" FHD IPS Monitor","599.00","346","71","Display","Monitors","Make a great impression on video calls on this 23.8-inch full HD conferencing monitor. The integrated, 5MP tilt-adjustable pop-up webcam displays a sharp, detailed picture  even in low light  and the built-in speakers and mic produce clear, life-like sound. Everything you need to present your best self on every call.","Work effortlessly with 4-way ergonomics that help keep your neck, shoulders, and back comfortable throughout the day.
HP Eye Ease with TÜV Rheinland Hardware Low Blue Light Certification helps keep you comfortable
5MP webcam with 25 degrees of tilt adjustability for perfect angles, pop-up action for privacy, and improved Windows Hello support.","https://www.mmt.com.au/Files/Product assets/Images/13L/169L0AA.jpg","https://www.mmt.com.au/Files/Product assets/Images/13L/169L0AA.jpg","https://www.mmt.com.au/Files/Product assets/Images/13L/169L0AA.jpg","MELBHO","15","42*23*61","EOL","2","","195122021788"
"16B1P3320","16B1P3320","Philips","13L","Philips 16B1P3320 16"" Portable Monitor","299.00","203.17","10","Display","Monitors","This monitor is portable, lightweight, and perfectly suited for improving workflow productivity when traveling. While on the road, the Dual USB-C feature facilitates sharing and presenting material or running a multi-screen setup.","Continuous tilt stand to fit your viewing needs
Lightweight and foldable design for portability
IPS LED wide view technology for image and color accuracy
SmartImage presets for easy optimized image settings
16:9 Full HD display for crisp detailed images
High Dynamic Range (HDR) for more lifelike colorful visuals
Dual USB-C: For ultimate connectivity
EasyRead mode for a paper-like reading experience
LowBlue mode and Flicker-free easy-on-the eyes viewing","https://www.mmt.com.au/Files/Product assets/Images/13L/16B1P3320.jpg","https://www.mmt.com.au/Files/Product assets/Images/13L/16B1P3320.jpg","https://www.mmt.com.au/Files/Product assets/Images/13L/16B1P3320.jpg","MELBHO","2.87","28*10*41","Current Stock","1","","8721038004540"
"1730B","1730B","Pelican","15B","Pelican 730 Transport Case Black","1200.00","945","0","Computers","Bags, Cases & Covers","Sensitive equipment needs protection and since 1976 the answer has been the Pelican Protector Case. These cases are designed rugged and travel the harshest environments on earth. Against the extreme cold of the arctic or the heat of battle, Pelican cases have survived. Made in the USA, these tough cases are designed with an automatic purge valve that equalizes air pressure, a watertight silicone O-ring lid, over-molded rubber handles and stainless steel hardware.","Watertight, crushproof and dustproof
5-piece foam set
Easy open Double Throw latches
Fold down handles
Open cell core with solid wall design - strong, light weight
Stainless steel hardware and padlock protectors
Automatic Pressure Equalization Valve - balances interior pressure, keeps water out
O-ring seal
Optional Humidity gauge changes colour above 40%
Optional Manual Pressure Equalization Valve
Dimensions: Interior (L x W x D) 34.00"" x 24.00"" x 12.50"" (86.4 x 61 x 31.8 cm)
Dimensions: Exterior (L x W x D) 37.50"" x 27.13"" x 14.37"" (95.3 x 68.9 x 36. cm)","https://www.mmt.com.au/Files/Product assets/Images/15B/1730B.jpg","https://www.mmt.com.au/Files/Product assets/Images/15B/1730B.jpg","https://www.mmt.com.au/Files/Product assets/Images/15B/1730B.jpg","MELBHO","66","39*70*96","Order to Order","4","","19428071431"
"1D0K8AA","1D0K8AA","HP","14M","HP 935 Creator Wireless Mouse 1D0K8AA","127.00","59","120","Components","Mice","Enable seamless creativity by customizing 1 commands on several apps 2 with 7 programmable buttons and hyper-fast scroll wheel with tili-click function. Replace complex keystrokes for frequently used tasks that fit your work style.Enjoy the freedom and flexibility to connect to multiple devices you want to create on. Pair with up to 3 devices with either a USB-A Nano-dongle or through Bluetooth®.Work seamlessly by dragging and dropping across devices using one mouse. Moves with you even between Windows® and MacOS® operating systems.","Compatible with PCs with available USB Type-A and Bluetooth® technology.
Compatible Operating Systems Windows 11; Windows 10; macOS
Minimum dimensions (W x D x H) 7.9 x 4.67 x 12.07 cm
Package dimensions (W x D x H) 11.8 x 7.38 x 16.4 cm
Weight 0.13 kg
Package weight 0.39 kg
What's in the box HP 935 Creator Wireless Mouse; Nano dongle
Manufacturer Warranty One-year limited warranty.","https://www.mmt.com.au/Files/Product assets/Images/14M/1D0K8AA.jpg","https://www.mmt.com.au/Files/Product assets/Images/14M/1D0K8AA.jpg","https://www.mmt.com.au/Files/Product assets/Images/14M/1D0K8AA.jpg","MELBHO","0.42","8*12*17","EOL","2","","4580511270858"
"1E7D6UT","1E7D6UT","HP","15B","HP Prelude 15.6 Backpack (Replaces","31.90","21","115","Computers","Bags, Cases & Covers","Carry your bag comfortably with adjustable padded shoulder straps, or lift it easily with the top handle. Plus a convenient luggage pass-through that allows you to slide your backpack onto a rolling suitcase when you are on the go.","Stay organized with a top zip closure, a dedicated compartment for your notebook up to 15.6"" diagonal, and easy-access internal and external pockets for your cables, adapters, pens and Phone
Use the adjustable padded backpack straps to keep your hands free, or carry by the top handle.
Get the reassurance of a one-year limited warranty.","https://www.mmt.com.au/Files/Product assets/Images/15B/1E7D6UT.jpg","https://www.mmt.com.au/Files/Product assets/Images/15B/1E7D6UT.jpg","https://www.mmt.com.au/Files/Product assets/Images/15B/1E7D6UT.jpg","MELBHO","3.1","6*43*48","Current Stock","1","","195122283681"
"1E7D7AA","1E7D7AA","HP","15B","HP Prelude Topload Bag","28.00","20","3","Computers","Bags, Cases & Covers","Transport your work gear with a stylish and durable laptop bag thoughtfully designed with nylon fabric and a padded compartment for your laptop. The HP Prelude Topload comes with convenient handles or a crossbody strap that helps you carry it the way you want. A pop of color on the zipper is sure to brighten your day every time you open the bag.","Protect your laptop from bumps and scrapes while you hustle through your day, with a durable nylon exterior and a 15.6 inch diagonal padded compartment.
Carry your laptop bag how you want to. With double handles or hands free cross body strap, plus a convenient luggage pass-through that allows you to slide your topload onto a rolling suitcase.
Body materials: 300D Cross-dyed woven; 180G Air mesh; Poly mesh lining: 100% Poly (210D)
Colour Gray","https://www.mmt.com.au/Files/Product assets/Images/15B/1E7D7AA.jpg","https://www.mmt.com.au/Files/Product assets/Images/15B/1E7D7AA.jpg","https://www.mmt.com.au/Files/Product assets/Images/15B/1E7D7AA.jpg","MELBHO","1.5","5*28*43","EOL","2","","195122282776"
"1X644AA","1X644AA","HP","15B","HP Prelude Pro Recycle 15.6"" Backpack","49.50","34","86","Computers","Bags, Cases & Covers","Commute with a stylish and durable backpack thoughtfully designed with the environment in mind and made with recycled fabric. The HP Prelude Pro Recycled Backpack comes with safety features for your peace of mind when you carry your devices from work to home and beyond.","Protect your laptop and belongings with the lockable zippers when in a crowded area. Designed with reflective accents for visibility in limited daylight.
Made with 95% recycled external fabric and finished with water-resistant coating, this backpack combines a lightweight and stylish design to encourage innovators and achievers to be their best selves
The shoulder strap is adjustable and padded so you can hustle without restraints as you wade through a busy workday.
Protect your laptop from bumps and scrapes with a 15.6"" diagonal padded compartment. Zippered pockets designed to keep your belongings organized and give you easy access.","https://www.mmt.com.au/Files/Product assets/Images/15B/1X644AA_1.jpg","https://www.mmt.com.au/Files/Product assets/Images/15B/1X644AA_1.jpg","https://www.mmt.com.au/Files/Product assets/Images/15B/1X644AA_1.jpg","MELBHO","4.001","8*38*47","Current Stock","1","","194850442308"
"1X645AA","1X645AA","HP","15B","HP Prelude Pro Recycle 15.6"" Top Load","39.00","26","271","Computers","Bags, Cases & Covers","Commute with a stylish and durable top load thoughtfully designed with the environment in mind and made with recycled fabric. The HP Prelude Pro Recycled Topload comes with safety features for your peace of mind when you carry your devices from work to home and beyond.","","https://www.mmt.com.au/Files/Product assets/Images/15B/1X645AA.jpg","https://www.mmt.com.au/Files/Product assets/Images/15B/1X645AA.jpg","https://www.mmt.com.au/Files/Product assets/Images/15B/1X645AA.jpg","MELBHO","2.5","7*31*45","Current Stock","1","","194850442315"
"1Y4D0UT","1Y4D0UT","HP","14KM","HP 235 Wireless Mouse and Keyboard","50.40","36","0","Components","Keyboards & Mice","Extend your input capabilities with keyboards and mice from HP.","Compatible/Used for - refer HP QuickSpecs for compatibility informations
Product Type - Keyboard & Mouse Bundle
Warranty - 1 Year Limited Warranty (Return to HP/Dealer - Standard Bench Repair & Phone-in Assistance","https://www.mmt.com.au/Files/Product assets/Images/14KM/1Y4D0UT.jpg","https://www.mmt.com.au/Files/Product assets/Images/14KM/1Y4D0UT.jpg","https://www.mmt.com.au/Files/Product assets/Images/14KM/1Y4D0UT.jpg","MELBHO","1.3","5*46*23","Current Stock","1","","198122958986"
"2.5DISKHOLDER-TYPEC","2.5DISKHOLDER-TYPEC","Synology","29A","Synology 2.5"" Type C Disk Holder","21.00","15","16","Networking","NAS - Accessories","Synology 2.5"" Type C Disk Holder provides an easy way for users to deploy 2.5"" HDDs or SSDs on their Synology NAS. When 2.5"" HDDs are installed, Synology NAS can provide further library quietness, power savings, and higher reliability when compared to 3.5"" HDD counterparts.","Converts 3.5"" bays to 2.5"" for SSD and HDD drives
Type C Connection","https://www.mmt.com.au/Files/Product assets/Images/29A/2.5DISKHOLDER-TYPEC.jpg","https://www.mmt.com.au/Files/Product assets/Images/29A/2.5DISKHOLDER-TYPEC.jpg","https://www.mmt.com.au/Files/Product assets/Images/29A/2.5DISKHOLDER-TYPEC.jpg","MELBHO","0.14","2*12*15","Current Stock","1","","4711174720514"
"20B","1520B","Pelican","15B","Pelican 1520 Case - Black WITH FOAM","494.95","305","0","Computers","Bags, Cases & Covers","Sensitive equipment needs protection and since 1976 the answer has been the Pelican Protector Case. These cases are designed rugged and travel the harshest environments on earth. Against the extreme cold of the arctic or the heat of battle, Pelican cases have survived. Made in the USA, these tough cases are designed with an automatic purge valve that equalizes air pressure, a watertight silicone O-ring lid, over-molded rubber handles and stainless steel hardware.","Pick N Pluck with convoluted lid foam
Watertight, crushproof and dustproof
Open cell core with solid wall design - strong, light weight
Comfortable rubber over-molded handle
Easy open Double Throw latches
Stainless steel hardware and padlock protectors
Automatic Pressure Equalization Valve - balances interior pressure, keeps water out
O-ring seal
Lifetime Guarantee of Excellence
Dimensions: Interior (L x W x D) 18.06"" x 12.89"" x 6.72"" (45.9 x 32.7 x 17.1 cm)
Dimensions: Exterior (L x W x D) 19.78"" x 15.77"" x 7.41"" (50.2 x 40.1 x 18.8 cm)","https://www.mmt.com.au/Files/Product assets/Images/15B/20B.jpg","https://www.mmt.com.au/Files/Product assets/Images/15B/20B.jpg","https://www.mmt.com.au/Files/Product assets/Images/15B/20B.jpg","MELBHO","10.5","41*20*51","Order to Order","4","","19428004002"
"20O","1520O","Pelican","15B","Pelican 1520 Case ORange","494.95","295","0","Computers","Bags, Cases & Covers","Sensitive equipment needs protection and since 1976 the answer has been the Pelican Protector Case. These cases are designed rugged and travel the harshest environments on earth. Against the extreme cold of the arctic or the heat of battle, Pelican cases have survived. Made in the USA, these tough cases are designed with an automatic purge valve that equalizes air pressure, a watertight silicone O-ring lid, over-molded rubber handles and stainless steel hardware.","Pick N Pluck with convoluted lid foam
Watertight, crushproof and dustproof
Open cell core with solid wall design - strong, light weight
Comfortable rubber over-molded handle
Easy open Double Throw latches
Stainless steel hardware and padlock protectors
Automatic Pressure Equalization Valve - balances interior pressure, keeps water out
O-ring seal
Lifetime Guarantee of Excellence
Dimensions: Interior (L x W x D) 18.06"" x 12.89"" x 6.72"" (45.9 x 32.7 x 17.1 cm)
Dimensions: Exterior (L x W x D) 19.78"" x 15.77"" x 7.41"" (50.2 x 40.1 x 18.8 cm)","https://www.mmt.com.au/Files/Product assets/Images/15B/20O.jpg","https://www.mmt.com.au/Files/Product assets/Images/15B/20O.jpg","https://www.mmt.com.au/Files/Product assets/Images/15B/20O.jpg","MELBHO","10.25","20*41*50","Order to Order","4","","19428004002"
"20XX-SBWY00-RFB","20XX-SBWY00-RFB","Lenovo","15","REFURB Lenovo X1 Carbon G9 i7-1185G7, 32GB RAM, 512GB SSD, 14"" FHD, W11P, 12M MMT WTY","1699.00","1299","29","Computers","Notebooks","Refurbished products are items which have been returned to an authorized repair facility for testing, inspection, or which have been repaired by certified technicians. Products may have minor cosmetic blemishes, scratches or slight signs of wear. Products may not come with original packaging materials. For warranty or DOA please contact MMT.","","https://www.mmt.com.au/Files/Images/Product Images/RFB 1.jpg","https://www.mmt.com.au/Files/Images/Product Images/RFB 1.jpg","https://www.mmt.com.au/Files/Images/Product Images/RFB 1.jpg","MELBHO","1.13","1.49*31.45*22.16","EOL","2","",""
"210-BRMB","210-BRMB","DELL","15AD","Dell Pro Dock WD25 210-BRMB, 100W Power Delivery","319.20","225","92","Computers","Docking Stations","","Power Delivery 100W (Dell systems), 96W (non-Dell systems)
2 x DP1.4, 1 x HDMI 2.1, 1 x USB-C 3.2 Gen 2 Multi-function DisplayPort 1.4, 4 x USB-A 3.2 Gen 2 (10 Gbps), 1 x USB-C 3.2 Gen 2 (10 Gbps), RJ45 Ethernet port 2.5GbE
OS Windows 10, Windows 11, Ubuntu, Red Hat Enterprise Linux, ChromeOS
Up to 4 supported displays
3-Year Limited Hardware Warranty","https://www.mmt.com.au/Files/Uploads/dell-wd25.jpg","https://www.mmt.com.au/Files/Uploads/dell-wd25.jpg","https://www.mmt.com.au/Files/Uploads/dell-wd25.jpg","MELBHO","1.3","7*24*30","EOL","2","","5397184961742"
"21KS002XAU","21KS002XAU","Lenovo","15","Lenovo ThinkPad P16S G3 U7-155H, 32GB, 1TB, 16"" WUXGA, RTX500 4GB Ada, W11P, 3Y OS","4319.00","3199","1","Computers","Notebooks","Experience the power and portability of the Lenovo ThinkPad P16S G3. This mobile workstation is ideal for professionals who need a reliable and high-performance device. Enjoy the stunning display, fast performance, and the ability to handle demanding tasks with ease. Benefit from the included professional software and the 3-year Premier Warranty for added peace of mind.","Intel Core Ultra 7 155H, 16C (6P + 8E + 2LPE) / 22T, Max Turbo up to 4.8GHz, 24MB
1x 32GB SO-DIMM DDR5-5600 Non-ECC, 1TB SSD M.2 2280 PCIe 4.0x4 NVMe Opal 2.0
16"" WUXGA (1920x1200) IPS 300nits Anti-glare, 45% NTSC
1x USB-A (USB 5Gbps / USB 3.2 Gen 1) 1x USB-A (USB 5Gbps / USB 3.2 Gen 1), Always On 2x USB-C (Thunderbolt 4 / USB4 40Gbps), with USB PD 3.0 and DisplayPort 2.1 1x HDMI 2.1, up to 4K/60Hz
1x Headphone / microphone combo jack (3.5mm) 1x Ethernet (RJ-45) 1x Security keyhole
Windows 11 Pro, English","https://www.mmt.com.au/Files/Product assets/Images/15/21KS002XAU.jpg","https://www.mmt.com.au/Files/Product assets/Images/15/21KS002XAU.jpg","https://www.mmt.com.au/Files/Product assets/Images/15/21KS002XAU.jpg","MELBHO","3.53","9*32*49","EOL","2","","198154729141"
"21LW001RAU","21LW001RAU","Lenovo","15","Lenovo ThinkPad X13 2-IN-1 G5 U7-155U, 16GB, 512GB, 13.3"" WUXGA TOUCH, W11P, 3Y OS","3349.00","2549","4","Computers","Notebooks","The way we compute. The way we do business. The way we live our lives. Every time business has gone somewhere new, discovered something different, or done something revolutionary, chances are, ThinkPad was there. We stem from a long tradition of firsts.","Intel® Core Ultra 7 155U, 12C (2P + 8E + 2LPE) / 14T, Max Turbo up to 4.8GHz, 12MB Intel Smart Cache
16GB Soldered LPDDR5x-6400, 512GB SSD M.2 2280 PCIe® 4.0x4 NVMe® Opal 2.0
13.3"" WUXGA (1920x1200) IPS 300nits Anti-reflection / Anti-smudge, 100% sRGB, Touch
1x USB-A (USB 5Gbps / USB 3.2 Gen 1), 1x USB-A (USB 5Gbps / USB 3.2 Gen 1), Always On; 2x USB-C® (Thunderbolt™ 4 / USB4® 40Gbps), with USB PD 3.0 and DisplayPort™ 2.1; 1x HDMI® 2.1, up to 4K/60Hz; 1x Headphone / microphone combo jack (3.5mm)
Windows® 11 Pro, English","https://www.mmt.com.au/Files/Uploads/ThinkPad_X13_2_in_1_Gen_5_CT2_01.jpg","https://www.mmt.com.au/Files/Uploads/ThinkPad_X13_2_in_1_Gen_5_CT2_01.jpg","https://www.mmt.com.au/Files/Uploads/ThinkPad_X13_2_in_1_Gen_5_CT2_01.jpg","MELBHO","2.5","9.1*33.2*36.5","Current Stock","1","",""
"21MN0010AU","21MN0010AU","Lenovo","15","Lenovo ThinkPad T16 G3 U7-155U, 16GB, 512GB, 16"" WUXGA AG, W11P, 3Y OS","3099.00","2299","1","Computers","Notebooks","Explore Lenovo's ThinkPad T16 Gen 3 with AI-enhanced productivity, top-notch repairability, and superior security features. Designed for sustainability and accessibility.","Intel Core Ultra 7 155U, 12C (2P + 8E + 2LPE) / 14T, Max Turbo up to 4.8GHz, 12MB
2x 8GB SO-DIMM DDR5-5600, 512GB SSD M.2 2280 PCIe 4.0x4 NVMe Opal 2.0
16"" WUXGA (1920x1200) IPS 300nits Anti-glare, 45% NTSC
1x USB-A (USB 5Gbps / USB 3.2 Gen 1) 1x USB-A (USB 5Gbps / USB 3.2 Gen 1), Always On 2x USB-C (Thunderbolt 4 / USB4 40Gbps), with USB PD 3.0 and DisplayPort 2.1
1x HDMI 2.1, up to 4K/60Hz 1x Headphone / microphone combo jack (3.5mm) 1x Ethernet (RJ-45)
Windows 11 Pro, English","https://www.mmt.com.au/Files/Product assets/Images/15/21MN0010AU.jpg","https://www.mmt.com.au/Files/Product assets/Images/15/21MN0010AU.jpg","https://www.mmt.com.au/Files/Product assets/Images/15/21MN0010AU.jpg","MELBHO","3.23","8*33*49","EOL","2","","197530664083"
"21MN0012AU","21MN0012AU","Lenovo","15","Lenovo ThinkPad T16 G3 U7-155U, 16GB, 512GB, 16"" WUXGA TOUCH, 5G LTE, W11P, 3Y OS","3499.00","2549","1","Computers","Notebooks","Explore Lenovo's ThinkPad T16 Gen 3 with AI-enhanced productivity, top-notch repairability, and superior security features. Designed for sustainability and accessibility.","Intel Core Ultra 7 155U, 12C (2P + 8E + 2LPE) / 14T, Max Turbo up to 4.8GHz, 12MB
2x 8GB SO-DIMM DDR5-5600, 512GB SSD M.2 2280 PCIe 4.0x4 NVMe Opal 2.0
16"" WUXGA (1920x1200) IPS 300nits Anti-glare, 45% NTSC
1x USB-A (USB 5Gbps / USB 3.2 Gen 1) 1x USB-A (USB 5Gbps / USB 3.2 Gen 1), Always On 2x USB-C (Thunderbolt 4 / USB4 40Gbps), with USB PD 3.0 and DisplayPort 2.1
1x HDMI 2.1, up to 4K/60Hz 1x Headphone / microphone combo jack (3.5mm) 1x Ethernet (RJ-45)
Windows 11 Pro, English","https://www.mmt.com.au/Files/Product assets/Images/15/21MN0012AU.jpg","https://www.mmt.com.au/Files/Product assets/Images/15/21MN0012AU.jpg","https://www.mmt.com.au/Files/Product assets/Images/15/21MN0012AU.jpg","MELBHO","3.75","9*34*49","EOL","2","","197530664120"
"21MV008YAU","21MV008YAU","Lenovo","15","Lenovo ThinkBook 14 G7 R5-7535HS, 16GB, 512GB, 14"" WUXGA, WIFI+BT, W11P, 1Y OS","1599.00","1159","19","Computers","Notebooks","The Lenovo ThinkBook 14 G7 is a sleek business laptop powered by an AMD Ryzen 5 7535HS processor, 16GB RAM, and 512GB SSD, delivering fast, efficient performance for professionals. Its 14-inch WUXGA (1920x1200) display offers sharp visuals, while Windows 11 Pro ensures productivity and security. Built for durability and portability, it features military-grade certification (MIL-STD-810H) and a thin, lightweight design. With WiFi 6E, USB-C, and HDMI connectivity, it’s ideal for hybrid work. Backed by a 1-year onsite warranty, it’s a reliable choice for business users.","AMD Ryzen 5 7535HS (6C / 12T, 3.3 / 4.55GHz, 3MB L2 / 16MB L3)
1x 16GB SO-DIMM DDR5-4800, 512GB SSD M.2 2242 PCIe 4.0x4 NVMe
14"" WUXGA (1920x1200) IPS 300nits Anti-glare, 45% NTSC
1x USB-A (USB 5Gbps / USB 3.2 Gen 1) 1x USB-A (USB 5Gbps / USB 3.2 Gen 1), Always On 1x USB-C (USB 10Gbps / USB 3.2 Gen 2), with USB PD 3.0 and DisplayPort 1.4
1x USB-C (USB4 40Gbps), with USB PD 3.0 and DisplayPort 1.4 1x HDMI 2.1, up to 4K/60Hz 1x Headphone / microphone combo jack (3.5mm) 1x Ethernet (RJ-45) 1x SD card reader
Windows 11 Pro, English","https://www.mmt.com.au/Files/Product assets/Images/15/21MV008YAU.jpg","https://www.mmt.com.au/Files/Product assets/Images/15/21MV008YAU.jpg","https://www.mmt.com.au/Files/Product assets/Images/15/21MV008YAU.jpg","MELBHO","2.28","7*29*45","EOL","2","","198158449229"
"21MV0091AU","21MV0091AU","Lenovo","15","Lenovo ThinkBook 14 G7 R7-7735HS, 16GB, 512GB, 14"" WUXGA, WIFI+BT, W11P, 1Y OS","1469.00","1199","0","Computers","Notebooks","The Lenovo ThinkBook 14 G7 is a sleek business laptop powered by an AMD Ryzen 7 7735HS processor, 16GB RAM, and 512GB SSD, delivering fast, efficient performance for professionals. Its 14-inch WUXGA (1920x1200) display offers sharp visuals, while Windows 11 Pro ensures productivity and security. Built for durability and portability, it features military-grade certification (MIL-STD-810H) and a thin, lightweight design. With WiFi 6E, USB-C, and HDMI connectivity, it’s ideal for hybrid work. Backed by a 1-year onsite warranty, it’s a reliable choice for business users.","AMD Ryzen 7 7735HS (8C / 16T, 3.2 / 4.75GHz, 4MB L2 / 16MB L3)
1x 16GB SO-DIMM DDR5-4800, 512GB SSD M.2 2242 PCIe 4.0x4 NVMe
14"" WUXGA (1920x1200) IPS 300nits Anti-glare, 45% NTSC
1x USB-A (USB 5Gbps / USB 3.2 Gen 1) 1x USB-A (USB 5Gbps / USB 3.2 Gen 1), Always On 1x USB-C (USB 10Gbps / USB 3.2 Gen 2), with USB PD 3.0 and DisplayPort 1.4
1x USB-C (USB4 40Gbps), with USB PD 3.0 and DisplayPort 1.4 1x HDMI 2.1, up to 4K/60Hz 1x Headphone / microphone combo jack (3.5mm) 1x Ethernet (RJ-45) 1x SD card reader
Windows 11 Pro, English","https://www.mmt.com.au/Files/Product assets/Images/15/21MV0091AU.jpg","https://www.mmt.com.au/Files/Product assets/Images/15/21MV0091AU.jpg","https://www.mmt.com.au/Files/Product assets/Images/15/21MV0091AU.jpg","MELBHO","2.33","29*7*46","EOL","2","","198158449205"
"21NS00FAAU","21NS00FAAU","Lenovo","15","Lenovo ThinkPad X1 Carbon G13 U7-258V, 32GB, 1TB, 14"" 2.8K OLED, 5G LTE, W11P, 3Y OS","4959.00","3920","0","Computers","Notebooks","The Lenovo ThinkPad X1 Carbon G13 is an ultra-premium business laptop designed for discerning professionals who demand the ultimate in performance and portability. Powered by the latest Intel Core U7-258V processor, it delivers exceptional power and efficiency in a sleek and lightweight package.","Intel Core Ultra 7 258V, 8C (4P + 4LPE) / 8T, Max Turbo up to 4.8GHz, 12MB
32GB Soldered LPDDR5x-8533, MoP Memory, 1TB SSD M.2 2280 PCIe 4.0x4 NVMe Opal 2.0
14"" 2.8K (2880x1800) OLED 500nits Anti-glare / Anti-reflection / Anti-smudge, 100% DCI-P3, 120Hz VRR, DisplayHDR True Black 500, Dolby Vision
1x USB-A (USB 5Gbps / USB 3.2 Gen 1) 1x USB-A (USB 5Gbps / USB 3.2 Gen 1), Always On 2x USB-C (Thunderbolt 4 / USB4 40Gbps), with USB PD 3.0 and DisplayPort 2.1
1x HDMI 2.1, up to 4K/60Hz 1x Headphone / microphone combo jack (3.5mm)
Windows 11 Pro, English (US) / English (UK)","https://www.mmt.com.au/Files/Product assets/Images/15/21NS00FAAU.jpg","https://www.mmt.com.au/Files/Product assets/Images/15/21NS00FAAU.jpg","https://www.mmt.com.au/Files/Product assets/Images/15/21NS00FAAU.jpg","MELBHO","3","30*8*46","Current Stock","1","02/07/2026","198158677578"
"21NX0020AU","21NX0020AU","Lenovo","15","Lenovo ThinkPad X1 Carbon G13 U5-225U, 16GB, 512GB, 14"" WUXGA, W11P, 3Y OS","3783.00","2849","1","Computers","Notebooks","The Lenovo ThinkPad X1 Carbon Gen 13 is a premium business ultraportable featuring Intel’s Core U5-225U processor and 16GB RAM, delivering reliable performance for professional use. The 14"" WUXGA (1920x1200) anti-glare display offers excellent clarity with reduced eye strain, while the 512GB SSD provides fast and responsive storage. Running Windows 11 Pro (AI-optimized), it includes intelligent performance and security enhancements. Built to MIL-STD-810H standards, it ensures durability in a sleek, professional design. Backed by a 3-year Premier warranty, this laptop is ideal for executives and professionals who value performance, security, and premium build quality.","Intel Core Ultra 5 225U, 12C (2P + 8E + 2LPE) / 14T, Max Turbo up to 4.8GHz, 12MB
16GB Soldered LPDDR5x-8400, 512GB SSD M.2 2280 PCIe 4.0x4 NVMe Opal 2.0
14"" WUXGA (1920x1200) IPS 500nits Anti-glare, 100% sRGB, 60Hz, Low Power
1x USB-A (USB 5Gbps / USB 3.2 Gen 1) 1x USB-A (USB 5Gbps / USB 3.2 Gen 1), Always On 2x USB-C (Thunderbolt 4 / USB4 40Gbps), with USB PD 3.0 and DisplayPort 2.1
1x HDMI 2.1, up to 4K/60Hz 1x Headphone / microphone combo jack (3.5mm)
Windows 11 Pro, English (US) / English (UK)","https://www.mmt.com.au/Files/Product assets/Images/15/21NX0020AU.jpg","https://www.mmt.com.au/Files/Product assets/Images/15/21NX0020AU.jpg","https://www.mmt.com.au/Files/Product assets/Images/15/21NX0020AU.jpg","MELBHO","3","30*8*46","EOL","2","","198157276062"
"21NX0028AU","21NX0028AU","Lenovo","15","Lenovo ThinkPad X1 Carbon G13 U5-225U, 32GB, 512GB, 14"" WUXGA, W11P, 3Y OS","4269.00","3199","6","Computers","Notebooks","The Lenovo ThinkPad X1 Carbon Gen 13 is a premium business ultraportable featuring Intel’s Core U5-225U processor and 16GB RAM, delivering reliable performance for professional use. The 14"" WUXGA (1920x1200) anti-glare display offers excellent clarity with reduced eye strain, while the 512GB SSD provides fast and responsive storage. Running Windows 11 Pro (AI-optimized), it includes intelligent performance and security enhancements. Built to MIL-STD-810H standards, it ensures durability in a sleek, professional design. Backed by a 3-year Premier warranty, this laptop is ideal for executives and professionals who value performance, security, and premium build quality.","Intel Core Ultra 5 225H, 14C (4P + 8E + 2LPE) / 14T, Max Turbo up to 4.9GHz, 18MB
32GB Soldered LPDDR5x-8400, 512GB SSD M.2 2280 PCIe 4.0x4 NVMe Opal 2.0
14"" WUXGA (1920x1200) IPS 500nits Anti-glare, 100% sRGB, 60Hz, Low Power
1x USB-A (USB 5Gbps / USB 3.2 Gen 1) 1x USB-A (USB 5Gbps / USB 3.2 Gen 1), Always On 2x USB-C (Thunderbolt 4 / USB4 40Gbps), with USB PD 3.0 and DisplayPort 2.1
1x HDMI 2.1, up to 4K/60Hz 1x Headphone / microphone combo jack (3.5mm)
Windows 11 Pro, English (US) / English (UK)","https://www.mmt.com.au/Files/Product assets/Images/15/21NX0028AU.jpg","https://www.mmt.com.au/Files/Product assets/Images/15/21NX0028AU.jpg","https://www.mmt.com.au/Files/Product assets/Images/15/21NX0028AU.jpg","MELBHO","3","30*8*46","EOL","2","","198157276123"
"21QE0020AU","21QE0020AU","Lenovo","15","Lenovo ThinkPad T16 G4 U5-225H, 16GB, 512GB, 16"" WUXGA, W11P, 3Y OS","2409.00","2249","8","Computers","Notebooks","The way we compute. The way we do business. The way we live our lives. Every time business has gone somewhere new, discovered something different, or done something revolutionary, chances are, ThinkPad was there. We stem from a long tradition of firsts.","Intel Core Ultra 5 225H, 14C (4P + 8E + 2LPE) / 14T, Max Turbo up to 4.9GHz, 18MB
2x 8GB SODIMM DDR5-5600, 512GB SSD M.2 2280 PCIe 4.0x4 NVMe Opal 2.0
16"" WUXGA (1920x1200) IPS 400nits Anti-glare, 45% NTSC
1x USB-A (USB 5Gbps / USB 3.2 Gen 1) 1x USB-A (USB 5Gbps / USB 3.2 Gen 1), Always On 2x USB-C (Thunderbolt 4 / USB4 40Gbps), with USB PD 3.0 and DisplayPort 2.1
1x HDMI 2.1, up to 4K/60Hz 1x Headphone / microphone combo jack (3.5mm) 1x Ethernet (RJ-45)
Windows 11 Pro, English (US) / English (UK)","https://www.mmt.com.au/Files/Product assets/Images/15/21QE0020AU.jpg","https://www.mmt.com.au/Files/Product assets/Images/15/21QE0020AU.jpg","https://www.mmt.com.au/Files/Product assets/Images/15/21QE0020AU.jpg","MELBHO","3.23","33*8*49","Current Stock","1","","198157741522"
"21QE0022AU","21QE0022AU","Lenovo","15","Lenovo ThinkPad T16 G4 U5-225H, 32GB, 512GB, 16"" WUXGA, W11P, 3Y OS","2699.00","2299","4","Computers","Notebooks","The Lenovo ThinkPad T16 G3 is an excellent choice for business professionals who require a powerful and reliable laptop for demanding workloads. Its combination of performance, durability, and AI-enhanced features makes it an ideal investment for those who need to stay productive and efficient in the modern business environment","Intel Core Ultra 5 225H, 14C (4P + 8E + 2LPE) / 14T, Max Turbo up to 4.9GHz, 18MB
2x 16GB SO-DIMM DDR5-5600, 512GB SSD M.2 2280 PCIe 4.0x4 NVMe Opal 2.0
16"" WUXGA (1920x1200) IPS 400nits Anti-glare, 45% NTSC
1x USB-A (USB 5Gbps / USB 3.2 Gen 1) 1x USB-A (USB 5Gbps / USB 3.2 Gen 1), Always On 2x USB-C (Thunderbolt 4 / USB4 40Gbps), with USB PD 3.0 and DisplayPort 2.1
1x HDMI 2.1, up to 4K/60Hz 1x Headphone / microphone combo jack (3.5mm) 1x Ethernet (RJ-45)
Windows 11 Pro, English","https://www.mmt.com.au/Files/Product assets/Images/15/21QE0022AU.jpg","https://www.mmt.com.au/Files/Product assets/Images/15/21QE0022AU.jpg","https://www.mmt.com.au/Files/Product assets/Images/15/21QE0022AU.jpg","MELBHO","3.8","34*9*49","Current Stock","1","","198157741492"
"21QE0023AU","21QE0023AU","Lenovo","15","Lenovo ThinkPad T16 G4 U7-255H, 32GB, 512GB, 16"" WUXGA, W11P, 3Y OS","3199.00","2649","5","Computers","Notebooks","The Lenovo ThinkPad T16 G3 is an excellent choice for business professionals who require a powerful and reliable laptop for demanding workloads. Its combination of performance, durability, and AI-enhanced features makes it an ideal investment for those who need to stay productive and efficient in the modern business environment","Intel Core Ultra 7 255H, 16C (6P + 8E + 2LPE) / 16T, Max Turbo up to 5.1GHz, 24MB
2x 16GB SO-DIMM DDR5-5600, 512GB SSD M.2 2280 PCIe 4.0x4 NVMe Opal 2.0
16"" WUXGA (1920x1200) IPS 300nits Anti-glare, 45% NTSC
1x USB-A (USB 5Gbps / USB 3.2 Gen 1) 1x USB-A (USB 5Gbps / USB 3.2 Gen 1), Always On 2x USB-C (Thunderbolt 4 / USB4 40Gbps), with USB PD 3.0 and DisplayPort 2.1
1x HDMI 2.1, up to 4K/60Hz 1x Headphone / microphone combo jack (3.5mm) 1x Ethernet (RJ-45)
Windows 11 Pro, English","https://www.mmt.com.au/Files/Product assets/Images/15/21QE0023AU.jpg","https://www.mmt.com.au/Files/Product assets/Images/15/21QE0023AU.jpg","https://www.mmt.com.au/Files/Product assets/Images/15/21QE0023AU.jpg","MELBHO","3.8","34*9*49","EOL","2","","198157741553"
"21QE0024AU","21QE0024AU","Lenovo","15","Lenovo ThinkPad T16 G4 U7-255H, 32GB, 512GB, 16"" WUXGA TOUCH, 4G LTE, W11P, 3Y OS","3699.00","3199","2","Computers","Notebooks","The Lenovo ThinkPad T16 G3 is an excellent choice for business professionals who require a powerful and reliable laptop for demanding workloads. Its combination of performance, durability, and AI-enhanced features makes it an ideal investment for those who need to stay productive and efficient in the modern business environment","Intel Core Ultra 7 255H, 16C (6P + 8E + 2LPE) / 16T, Max Turbo up to 5.1GHz, 24MB
2x 16GB SO-DIMM DDR5-5600, 512GB SSD M.2 2280 PCIe 4.0x4 NVMe Opal 2.0
16"" WUXGA (1920x1200) IPS 400nits Anti-glare, 45% NTSC, Touch
1x USB-A (USB 5Gbps / USB 3.2 Gen 1) 1x USB-A (USB 5Gbps / USB 3.2 Gen 1), Always On 2x USB-C (Thunderbolt 4 / USB4 40Gbps), with USB PD 3.0 and DisplayPort 2.1
1x HDMI 2.1, up to 4K/60Hz 1x Headphone / microphone combo jack (3.5mm) 1x Ethernet (RJ-45)
Windows 11 Pro, English","https://www.mmt.com.au/Files/Product assets/Images/15/21QE0024AU.jpg","https://www.mmt.com.au/Files/Product assets/Images/15/21QE0024AU.jpg","https://www.mmt.com.au/Files/Product assets/Images/15/21QE0024AU.jpg","MELBHO","3.8","34*9*49","EOL","2","","198157741539"
"21QG004KAU","21QG004KAU","Lenovo","15","Lenovo ThinkPad T14 G6 U5-228V, 32GB, 512GB, 14"" WUXGA, W11P, 3Y PREM","3149.00","2419","0","Computers","Notebooks","The Lenovo ThinkPad T14 Gen 6 is a 14-inch business laptop powered by the latest Intel Core Ultra or AMD Ryzen AI PRO processors, with support for up to 64GB DDR5 memory and fast PCIe Gen4 SSD storage for efficient multitasking. It features integrated AI capabilities, enterprise-grade security, durable MIL-STD-810H construction, and a lightweight design suitable for professionals working in any environment.","Intel Core Ultra 5 228V, 8C (4P + 4LPE) / 8T, Max Turbo up to 4.5GHz, 8MB Intel Smart Cache
32GB Soldered LPDDR5X-8533, MoP Memory
512GB SSD M.2 2280 PCIe 4.0x4 NVMe Opal 2.0
Integrated Intel Arc Graphics 130V
1x USB-A (USB 5Gbps / USB 3.2 Gen 1), 1x USB-A (USB 5Gbps / USB 3.2 Gen 1), Always On, 2x USB-C® (Thunderbolt™ 4 / USB4® 40Gbps), with USB PD 3.0 and DisplayPort™ 2.1, 1x HDMI® 2.1, up to 4K/60Hz, 1x Headphone / microphone combo jack (3.5mm), 1x Ethernet (RJ-45)
Windows 11 Pro, English (US) / English (UK)","https://www.mmt.com.au/Files/Uploads/image_1775540927808.jpg","https://www.mmt.com.au/Files/Uploads/image_1775540927808.jpg","https://www.mmt.com.au/Files/Uploads/image_1775540927808.jpg","MELBHO","3","30*8*46","Current Stock","1","","199273615599"
"21QG004LAU","21QG004LAU","Lenovo","15","Lenovo ThinkPad T14 G6 U7-258V, 32GB, 512GB, 14"" WUXGA, W11P, 3Y PREM","3289.00","2599","1","Computers","Notebooks","The Lenovo ThinkPad T14 Gen 6 is a 14-inch business laptop powered by the latest Intel Core Ultra or AMD Ryzen AI PRO processors, with support for up to 64GB DDR5 memory and fast PCIe Gen4 SSD storage for efficient multitasking. It features integrated AI capabilities, enterprise-grade security, durable MIL-STD-810H construction, and a lightweight design suitable for professionals working in any environment.","Intel Core Ultra 7 258V, 8C (4P + 4LPE) / 8T, Max Turbo up to 4.8GHz, 12MB Intel Smart Cache
32GB Soldered LPDDR5X-8533, MoP Memory
512GB SSD M.2 2280 PCIe 4.0x4 NVMe Opal 2.0
14"" WUXGA (1920x1200) IPS 400nits Anti-glare, 45% NTSC, 60Hz, DBEF5
1x USB-A (USB 5Gbps / USB 3.2 Gen 1), 1x USB-A (USB 5Gbps / USB 3.2 Gen 1), Always On, 2x USB-C® (Thunderbolt™ 4 / USB4® 40Gbps), with USB PD 3.0 and DisplayPort™ 2.1, 1x HDMI® 2.1, up to 4K/60Hz, 1x Headphone / microphone combo jack (3.5mm), 1x Ethernet (RJ-45)
Windows 11 Pro, English (US) / English (UK)","https://www.mmt.com.au/Files/Uploads/image_1775540845979.jpg","https://www.mmt.com.au/Files/Uploads/image_1775540845979.jpg","https://www.mmt.com.au/Files/Uploads/image_1775540845979.jpg","MELBHO","2.36","7.1*30.4*45.6","Current Stock","1","","199273615629"
"21QG004NAU","21QG004NAU","Lenovo","15","Lenovo ThinkPad T14 G6 U7-268V vPro, 32GB, 512GB, 14"" WUXGA TOUCH, W11P, 3Y PREM","3595.00","2699","1","Computers","Notebooks","The Lenovo ThinkPad T14 Gen 6 is a 14-inch business laptop powered by the latest Intel Core Ultra or AMD Ryzen AI PRO processors, with support for up to 64GB DDR5 memory and fast PCIe Gen4 SSD storage for efficient multitasking. It features integrated AI capabilities, enterprise-grade security, durable MIL-STD-810H construction, and a lightweight design suitable for professionals working in any environment.","Intel Core Ultra 7 268V, 8C (4P + 4LPE) / 8T, Max Turbo up to 5.0GHz, 12MB Intel Smart Cache
32GB Soldered LPDDR5X-8533, MoP Memory
512GB SSD M.2 2280 PCIe 4.0x4 NVMe Opal 2.0
Integrated Intel Arc Graphics 140V
1x USB-A (USB 5Gbps / USB 3.2 Gen 1), 1x USB-A (USB 5Gbps / USB 3.2 Gen 1), Always On, 2x USB-C® (Thunderbolt™ 4 / USB4® 40Gbps), with USB PD 3.0 and DisplayPort™ 2.1, 1x HDMI® 2.1, up to 4K/60Hz, 1x Headphone / microphone combo jack (3.5mm), 1x Ethernet (RJ-45)
Windows 11 Pro, English (US) / English (UK)","https://www.mmt.com.au/Files/Uploads/image_1775540927808.jpg","https://www.mmt.com.au/Files/Uploads/image_1775540927808.jpg","https://www.mmt.com.au/Files/Uploads/image_1775540927808.jpg","MELBHO","2.35","7.1*30.4*45.6","EOL","2","",""
"21QG004PAU","21QG004PAU","Lenovo","15","Lenovo ThinkPad T14 G6 U5-226V, 16GB, 512GB, 14"" WUXGA, W11P, 3Y PREM","3199.00","2249","24","Computers","Notebooks","The Lenovo ThinkPad T14 Gen 6 is a 14-inch business laptop powered by the latest Intel Core Ultra or AMD Ryzen AI PRO processors, with support for up to 64GB DDR5 memory and fast PCIe Gen4 SSD storage for efficient multitasking. It features integrated AI capabilities, enterprise-grade security, durable MIL-STD-810H construction, and a lightweight design suitable for professionals working in any environment.","Intel Core Ultra 5 226V, 8C (4P + 4LPE) / 8T, Max Turbo up to 4.5GHz, 8MB Intel Smart Cache
16GB Soldered LPDDR5X-8533, MoP Memory
512GB SSD M.2 2280 PCIe 4.0x4 NVMe Opal 2.0
Integrated Intel Arc Graphics 130V
1x USB-A (USB 5Gbps / USB 3.2 Gen 1), 1x USB-A (USB 5Gbps / USB 3.2 Gen 1), Always On, 2x USB-C® (Thunderbolt™ 4 / USB4® 40Gbps), with USB PD 3.0 and DisplayPort™ 2.1, 1x HDMI® 2.1, up to 4K/60Hz, 1x Headphone / microphone combo jack (3.5mm), 1x Ethernet (RJ-45)
Windows 11 Pro, English (US) / English (UK)","https://www.mmt.com.au/Files/Uploads/image_1775540927808.jpg","https://www.mmt.com.au/Files/Uploads/image_1775540927808.jpg","https://www.mmt.com.au/Files/Uploads/image_1775540927808.jpg","MELBHO","2.34","7*31*45.5","Current Stock","1","","199273657452"
"21QL001KAU","21QL001KAU","Lenovo","15","Lenovo ThinkPad P14S G6 R7-350 AI PRO, 32GB, 1TB, 14"" WUXGA TOUCH, W11P, 3Y OS","4299.00","3299","2","Computers","Notebooks","The Lenovo ThinkPad P14s Gen 6 (AMD) is a lightweight 14-inch mobile workstation with AMD Ryzen AI PRO performance, 32GB RAM, and 1TB SSD, designed for professional productivity, advanced security, and high-speed connectivity on the go.","AMD Ryzen AI 7 PRO 350 (8C / 16T, 2.0 / 5.0GHz, 8MB L2 / 16MB L3)
1x 32GB SODIMM DDR5-5600 Non-ECC
1TB SSD M.2 2280 PCIe 4.0x4 Performance NVMe Opal 2.0
Integrated AMD Radeon 860M Graphics
Windows 11 Pro, English (US) / English (UK)","https://www.mmt.com.au/Files/Uploads/image_1776232496939.jpg","https://www.mmt.com.au/Files/Uploads/image_1776232496939.jpg","https://www.mmt.com.au/Files/Uploads/image_1776232496939.jpg","MELBHO","2.88","8*30*48","EOL","2","","198157869387"
"21QT003VAU","21QT003VAU","Lenovo","15","Lenovo ThinkPad P14s G6 U7-255H, 32GB, 512GB, 14.5"" WUXGA Touch, W11P, 3Y PS","3699.00","3049","3","Computers","Notebooks","The Lenovo ThinkPad P14s Gen 6 is a powerful AI-ready mobile workstation that combines Intel Core Ultra processing, professional-grade graphics, ISV-certified performance, and all-day mobility in a compact 14.5-inch design for demanding professional workflows.","Intel Core™ Ultra 7 255H, 16C (6P + 8E + 2LPE) / 16T, Max Turbo up to 5.1GHz, 24MB Intel® Smart Cache
1x 32GB SODIMM DDR5-5600 Non-ECC, 512GB SSD M.2 2280 PCIe® 4.0x4 NVMe® Opal 2.0
14.5"" WUXGA (1920x1200) IPS 400nits Anti-glare, 45% NTSC, 60Hz, Eyesafe®, TÜV Low Blue Light, Touch
1x USB-A (USB 5Gbps / USB 3.2 Gen 1), 1x USB-A (USB 5Gbps / USB 3.2 Gen 1), Always On, 2x Thunderbolt™ 4, with USB PD 3.0, 1x HDMI® 2.1, up to 4K/60Hz, 1x Headphone / microphone combo jack (3.5mm), 1x Ethernet (GbE RJ-45), 1x Kensington Nano Security Slot™
Windows® 11 Pro, English (US) / English (UK)","https://www.mmt.com.au/Files/Images/Product Images/21QT003VAU 1.jpg","https://www.mmt.com.au/Files/Images/Product Images/21QT003VAU 1.jpg","https://www.mmt.com.au/Files/Images/Product Images/21QT003VAU 1.jpg","MELBHO","2.88","8*30*48","Current Stock","1","","199272953623"
"21QT0044AU","21QT0044AU","Lenovo","15","Lenovo ThinkPad P14s G6 U7-255H, 32GB, 1TB, RTX 500, 14.5"" WUXGA Touch, W11P, 3Y PS","4669.00","3999","5","Computers","Notebooks","The ThinkPad P14s Gen 6 (Intel) delivers workstation-level performance in a lightweight 14.5-inch design, powered by the latest Intel Core Ultra processors and professional-grade graphics options. Built for creators, engineers, and business professionals, it combines AI-enhanced productivity, vibrant high-resolution displays, and legendary ThinkPad durability for demanding workflows anywhere.","Intel Core Ultra 7 255H, 16C (6P + 8E + 2LPE) / 16T, Max Turbo up to 5.1GHz, 24MB Intel Smart Cache
1x 32GB SODIMM DDR5-5600 Non-ECC, 1TB SSD M.2 2280 PCIe 4.0x4 NVMe Opal 2.0
NVIDIA RTX PRO 500 Blackwell Generation 6GB GDDR7 Laptop GPU
1x USB-A (USB 5Gbps / USB 3.2 Gen 1), 1x USB-A (USB 5Gbps / USB 3.2 Gen 1), Always On, 2x Thunderbolt™ 4, with USB PD 3.0, 1x HDMI® 2.1, up to 4K/60Hz
Windows 11 Pro, English (US) / English (UK)","https://www.mmt.com.au/Files/Uploads/ThinkPad_P14s_Gen_6_Intel_CT1_01.jpg","https://www.mmt.com.au/Files/Uploads/ThinkPad_P14s_Gen_6_Intel_CT1_01.jpg","https://www.mmt.com.au/Files/Uploads/ThinkPad_P14s_Gen_6_Intel_CT1_01.jpg","MELBHO","2.9","8*30*48","Current Stock","1","","199272955955"
"21QX000PAU","21QX000PAU","Lenovo","15","Lenovo ThinkPad T14S G6 U5-228V, 32GB, 512GB, 14"" WUXGA TOUCH, W11P, 3Y OS","2999.00","2713","0","Computers","Notebooks","The way we compute. The way we do business. The way we live our lives. Every time business has gone somewhere new, discovered something different, or done something revolutionary, chances are, ThinkPad was there. We stem from a long tradition of firsts.","Intel Core Ultra 5 228V, 8C (4P + 4LPE) / 8T, Max Turbo up to 4.5GHz, 8MB
32GB Soldered LPDDR5x-8533, MoP Memory, 512GB SSD M.2 2280 PCIe 4.0x4 NVMe Opal 2.0
14"" WUXGA (1920x1200) IPS 400nits Anti-glare, 45% NTSC, 60Hz, DBEF5, Touch
1x USB-A (USB 5Gbps / USB 3.2 Gen 1) 1x USB-A (USB 5Gbps / USB 3.2 Gen 1), Always On 2x USB-C (Thunderbolt 4 / USB4 40Gbps), with USB PD 3.0 and DisplayPort 2.1
1x HDMI 2.1, up to 4K/60Hz 1x Headphone / microphone combo jack (3.5mm)
Windows 11 Pro, English (US) / English (UK)","https://www.mmt.com.au/Files/Product assets/Images/15/21QX000PAU.jpg","https://www.mmt.com.au/Files/Product assets/Images/15/21QX000PAU.jpg","https://www.mmt.com.au/Files/Product assets/Images/15/21QX000PAU.jpg","MELBHO","2.5","7*31*46","Order to Order","4","","198156928023"
"21R1002KAU","21R1002KAU","Lenovo","15","Lenovo ThinkPad T14S G6 U7-255H, 32GB, 512GB, 14"" WUXGA, W11P, 3YR PREM","3049.00","2999","20","Computers","Notebooks","","Intel Core Ultra 7 255H, 16C (6P + 8E + 2LPE) / 16T, Max Turbo up to 5.1GHz, 24MB Intel Smart Cache
32GB Soldered LPDDR5X-7467, 512GB SSD M.2 2280 PCIe 4.0x4 NVMe Opal 2.0
14"" WUXGA (1920x1200) IPS 400nits Anti-glare, 45% NTSC, 60Hz, DBEF5
1x USB-A (USB 5Gbps / USB 3.2 Gen 1) 1x USB-A (USB 5Gbps / USB 3.2 Gen 1), Always On 2x USB-C® (Thunderbolt™ 4 / USB4® 40Gbps), with USB PD 15-65W and DisplayPort™ 2.1 1x HDMI® 2.1, up to 4K/60Hz 1x Headphone / microphone combo jack (3.5mm)
Integrated Intel Arc 140T GPU
Windows 11 Pro, English (US) / English (UK)","https://www.mmt.com.au/Files/Images/Product Images/ThinkPad_T14s_Gen_6_Intel_CT1_10.png","https://www.mmt.com.au/Files/Images/Product Images/ThinkPad_T14s_Gen_6_Intel_CT1_10.png","https://www.mmt.com.au/Files/Images/Product Images/ThinkPad_T14s_Gen_6_Intel_CT1_10.png","MELBHO","2.22","7*30.5*45.5","Current Stock","1","","198158437349"
"21R1002LAU","21R1002LAU","Lenovo","15","Lenovo ThinkPad T14S G6 U5-225U, 16GB, 512GB, 14"" WUXGA, W11P, 3Y OS","3049.00","2549","10","Computers","Notebooks","The Lenovo ThinkPad T14s Gen 6 is designed for professionals who demand reliability and performance on the go. Featuring a 14-inch widescreen display with a 16:10 image aspect ratio, it offers ample space for multitasking and productivity. High-definition audio paired with stereo speakers delivers exceptional sound quality for both meetings and multimedia.","Intel Core Ultra 5 225U, 12C (2P + 8E + 2LPE) / 14T, Max Turbo up to 4.8GHz, 12MB Intel Smart Cache
16GB Soldered LPDDR5X-7467, 512GB SSD M.2 2280 PCIe 4.0x4 NVMe Opal 2.0
14"" WUXGA (1920x1200) IPS 400nits Anti-glare, 45% NTSC, 60Hz, DBEF5
1x USB-A (USB 5Gbps / USB 3.2 Gen 1) 1x USB-A (USB 5Gbps / USB 3.2 Gen 1), Always On 2x USB-C (Thunderbolt 4 / USB4 40Gbps), with USB PD 15-65W and DisplayPort 2.1 1x HDMI 2.1, up to 4K/60Hz 1x Headphone / microphone combo jack (3.5mm)
Integrated Intel Graphics
Windows 11 Pro, English (US) / English (UK)","https://www.mmt.com.au/Files/Images/Product Images/ThinkPad_T14s_Gen_6_Intel_CT1_10.png","https://www.mmt.com.au/Files/Images/Product Images/ThinkPad_T14s_Gen_6_Intel_CT1_10.png","https://www.mmt.com.au/Files/Images/Product Images/ThinkPad_T14s_Gen_6_Intel_CT1_10.png","MELBHO","2.5","9*32*46.5","Current Stock","1","",""
"21R30008AU","21R30008AU","Lenovo","15","Lenovo ThinkPad T14S 2-in-1 G1 U5-225U, 16GB, 512GB, 14"" WUXGA TOUCH, W11P(AI), 3YR PREM","3299.00","2429","10","Computers","Notebooks","","Intel Core Ultra 5 225U, 12C (2P + 8E + 2LPE) / 14T, Max Turbo up to 4.8GHz, 12MB Intel Smart Cache
16GB Soldered LPDDR5X-7467
512GB SSD M.2 2280 PCIe 4.0x4 NVMe Opal 2.0
Integrated Intel Graphics
Windows 11 Pro, English (US) / English (UK)
Case color - Black
3Y Premier Support Upgrade from 1Y Courier/Carry-in, CO2 Offset 0.5 ton (2nd Generation Carbon Offset Projects)","https://www.mmt.com.au/Files/Images/Product Images/ThinkPad_T14s_2_in_1_Gen_1_CT1_07.png","https://www.mmt.com.au/Files/Images/Product Images/ThinkPad_T14s_2_in_1_Gen_1_CT1_07.png","https://www.mmt.com.au/Files/Images/Product Images/ThinkPad_T14s_2_in_1_Gen_1_CT1_07.png","MELBHO","2.38","7*30.5*45.5","Current Stock","1","",""
"21R30009AU","21R30009AU","Lenovo","15","Lenovo ThinkPad T14S 2-in-1 G1 U7-255H, 32GB 7467MHz, 512GB, 14"" WUXGA TOUCH, W11P(AI), 3Y OS","3269.00","2899","7","Computers","Notebooks","The Lenovo ThinkPad T14s 2-in-1 Gen 1 provides a versatile computing experience with its 360° flip design, allowing users to switch seamlessly between laptop and tablet modes. Equipped with a 14-inch IPS touchscreen display featuring a native resolution of 1920 x 1200, this device offers vibrant visuals suited for work and entertainment.","Intel Core Ultra 7 255H, 16C (6P + 8E + 2LPE) / 16T, Max Turbo up to 5.1GHz, 24MB Intel Smart Cache
32GB Soldered LPDDR5X-7467, 512GB SSD M.2 2280 PCIe 4.0x4 NVMe Opal 2.0
14"" WUXGA (1920x1200) IPS 400nits Anti-reflection / Anti-smudge, 45% NTSC, DBEF5, Touch
1x USB-A (USB 5Gbps / USB 3.2 Gen 1) 1x USB-A (USB 5Gbps / USB 3.2 Gen 1), Always On 2x USB-C® (Thunderbolt™ 4 / USB4® 40Gbps), with USB PD 15-65W and DisplayPort™ 2.1 1x HDMI® 2.1, up to 4K/60Hz 1x Headphone / microphone combo jack (3.5mm)
Integrated Intel Arc 140T GPU
Windows 11 Pro, English (US) / English (UK)","https://www.mmt.com.au/Files/Images/Product Images/ThinkPad_T14s_2_in_1_Gen_1_CT1_07.png","https://www.mmt.com.au/Files/Images/Product Images/ThinkPad_T14s_2_in_1_Gen_1_CT1_07.png","https://www.mmt.com.au/Files/Images/Product Images/ThinkPad_T14s_2_in_1_Gen_1_CT1_07.png","MELBHO","2.36","7*30*46","Current Stock","1","",""
"21R7001JAU","21R7001JAU","Lenovo","15","Lenovo ThinkPad L13 2-in-1 G6 U5-225U, 16GB, 512GB, 13.3"" WUXGA TOUCH, PEN, W11P(AI), 3Y OS","2719.00","2479","7","Computers","Notebooks","The ThinkPad L13 2-in-1 Gen 6 laptop is your all-in-one productivity powerhouse. Seamlessly switch between laptop, tablet, and presentation modes to tackle every task like a breeze. Its lightweight, flexible design ensures you’re always ready, offering the perfect mix of form, function, and mobility in a single, powerful device.","Intel Core Ultra 5 225U, 12C (2P + 8E + 2LPE) / 14T, Max Turbo up to 4.8GHz, 12MB
16GB Soldered LPDDR5x-7467, 512GB SSD M.2 2242 PCIe 4.0x4 NVMe Opal 2.0
13.3"" WUXGA (1920x1200) IPS 400nits Anti-reflection / Anti-smudge, 100% sRGB, Touch
1x USB-A (USB 5Gbps / USB 3.2 Gen 1) 1x USB-A (USB 5Gbps / USB 3.2 Gen 1), Always On 2x USB-C (Thunderbolt 4 / USB4 40Gbps), with USB PD 3.1 and DisplayPort 2.1
1x HDMI 2.1, up to 4K/60Hz 1x Headphone / microphone combo jack (3.5mm)
Windows 11 Pro, English (US) / English (UK)","https://www.mmt.com.au/Files/Product assets/Images/15/21R7001JAU.jpg","https://www.mmt.com.au/Files/Product assets/Images/15/21R7001JAU.jpg","https://www.mmt.com.au/Files/Product assets/Images/15/21R7001JAU.jpg","MELBHO","2.1","27*7*44","Current Stock","1","","198158593090"
"21S6000SAU","21S6000SAU","Lenovo","15","Lenovo ThinkPad L14 G6 Intel U5 225U, 16GB, 512GB SSD, 14"" WUXGA IPS, W11P, 3Y OS","2409.00","2096","0","Computers","Notebooks","","","https://www.mmt.com.au/Files/Uploads/21s6000sau_media-00.jpg","https://www.mmt.com.au/Files/Uploads/21s6000sau_media-00.jpg","https://www.mmt.com.au/Files/Uploads/21s6000sau_media-00.jpg","MELBHO","2.4","8.5*29.5*46","Current Stock","1","","198157528420"
"21SH000LAU","21SH000LAU","Lenovo","15","Lenovo ThinkBook 16 G8 C5-210H, 16GB, 512GB, 16"" WUXGA, W11P, 1Y OS","2165.00","1149","28","Computers","Notebooks","The Lenovo ThinkBook 16 G8 is a business-oriented laptop designed for productivity and everyday tasks. Featuring a powerful Intel Core processor, ample storage, and a comfortable keyboard, it's a reliable and efficient workhorse for professionals on the go.","Intel Core 5 210H, 8C (4P + 4E) / 12T, P-core 2.2 / 4.8GHz, E-core 1.6 / 3.6GHz, 12MB
2x 8GB SO-DIMM DDR5-5600, 512GB SSD M.2 2242 PCIe 4.0x4 NVMe
16"" WUXGA (1920x1200) IPS 300nits Anti-glare, 45% NTSC, 60Hz
1x USB-A (USB 5Gbps / USB 3.2 Gen 1) 1x USB-A (USB 5Gbps / USB 3.2 Gen 1), Always On 1x USB-C (USB 10Gbps / USB 3.2 Gen 2), with USB PD 3.0 and DisplayPort 1.4
1x USB-C (Thunderbolt 4 / USB4 40Gbps), with USB PD 3.0 and DisplayPort 2.1 1x HDMI 2.1, up to 4K/60Hz 1x Headphone / microphone combo jack (3.5mm) 1x Ethernet (RJ-45) 1x SD card reader
Windows 11 Pro, English","https://www.mmt.com.au/Files/Product assets/Images/15/21SH000LAU.jpg","https://www.mmt.com.au/Files/Product assets/Images/15/21SH000LAU.jpg","https://www.mmt.com.au/Files/Product assets/Images/15/21SH000LAU.jpg","MELBHO","3.2","8*32*50","EOL","2","","198155886836"
"21SJ006RAU","21SJ006RAU","Lenovo","15","Lenovo ThinkBook 14 G8 U5-225U, 16GB, 512GB, 14"" WUXGA, W11P, 1Y OS","1569.00","1349","1","Computers","Notebooks","The Lenovo ThinkBook 14 G8 is a business-oriented laptop designed for productivity and everyday tasks. Featuring a powerful Intel Core processor, ample storage, and a comfortable keyboard, it's a reliable and efficient workhorse for professionals on the go.","Intel Core Ultra 5 225U, 12C (2P + 8E + 2LPE) / 14T, Max Turbo up to 4.8GHz, 12MB
2x 8GB SO-DIMM DDR5-5600, 512GB SSD M.2 2242 PCIe 4.0x4 NVMe
14"" WUXGA (1920x1200) IPS 300nits Anti-glare, 45% NTSC, 60Hz
1x USB-A (USB 5Gbps / USB 3.2 Gen 1) 1x USB-A (USB 5Gbps / USB 3.2 Gen 1), Always On 1x USB-C (USB 10Gbps / USB 3.2 Gen 2), with USB PD 3.0 and DisplayPort 1.4
1x USB-C (Thunderbolt 4 / USB4 40Gbps), with USB PD 3.0 and DisplayPort 2.1 1x HDMI 2.1, up to 4K/60Hz 1x Headphone / microphone combo jack (3.5mm) 1x Ethernet (RJ-45) 1x SD card reader
Windows 11 Pro, English","https://www.mmt.com.au/Files/Product assets/Images/15/21SJ006RAU.jpg","https://www.mmt.com.au/Files/Product assets/Images/15/21SJ006RAU.jpg","https://www.mmt.com.au/Files/Product assets/Images/15/21SJ006RAU.jpg","MELBHO","2.7","8*30*45","Current Stock","1","","198156273505"
"21SJ006TAU","21SJ006TAU","Lenovo","15","Lenovo ThinkBook 14 G8 U7-255H, 32GB, 512GB, 14"" WUXGA, W11P, 1Y OS","2199.00","1849","11","Computers","Notebooks","The Lenovo ThinkBook 14 G8 is a business-oriented laptop designed for productivity and everyday tasks. Featuring a powerful Intel Core processor, ample storage, and a comfortable keyboard, it's a reliable and efficient workhorse for professionals on the go.","Intel Core Ultra 7 255H, 16C (6P + 8E + 2LPE) / 16T, Max Turbo up to 5.1GHz, 24MB
2x 16GB SO-DIMM DDR5-5600, 512GB SSD M.2 2242 PCIe 4.0x4 NVMe
14"" WUXGA (1920x1200) IPS 300nits Anti-glare, 45% NTSC, 60Hz
1x USB-A (USB 5Gbps / USB 3.2 Gen 1) 1x USB-A (USB 5Gbps / USB 3.2 Gen 1), Always On 1x USB-C (USB 10Gbps / USB 3.2 Gen 2), with USB PD 3.0 and DisplayPort 1.4
1x USB-C (Thunderbolt 4 / USB4 40Gbps), with USB PD 3.0 and DisplayPort 2.1 1x HDMI 2.1, up to 4K/60Hz 1x Headphone / microphone combo jack (3.5mm) 1x Ethernet (RJ-45) 1x SD card reader
Windows 11 Pro, English","https://www.mmt.com.au/Files/Product assets/Images/15/21SJ006TAU.jpg","https://www.mmt.com.au/Files/Product assets/Images/15/21SJ006TAU.jpg","https://www.mmt.com.au/Files/Product assets/Images/15/21SJ006TAU.jpg","MELBHO","2.76","8*30*46","Current Stock","1","","198156273512"
"21SJ0074AU","21SJ0074AU","Lenovo","15","Lenovo ThinkBook 14 G8 U5-225U, 32GB, 512GB, 14"" WUXGA, W11P, 1Y OS","2397.00","1529","14","Computers","Notebooks","The Lenovo ThinkBook 14 G8 is a business-oriented laptop designed for productivity and everyday tasks. Featuring a powerful Intel Core processor, ample storage, and a comfortable keyboard, it's a reliable and efficient workhorse for professionals on the go.","Intel Core Ultra 5 225U, 12C (2P + 8E + 2LPE) / 14T, Max Turbo up to 4.8GHz, 12MB
2x 16GB SO-DIMM DDR5-5600, 512GB SSD M.2 2242 PCIe 4.0x4 NVMe
14"" WUXGA (1920x1200) IPS 300nits Anti-glare, 45% NTSC, 60Hz
1x USB-A (USB 5Gbps / USB 3.2 Gen 1) 1x USB-A (USB 5Gbps / USB 3.2 Gen 1), Always On 1x USB-C (USB 10Gbps / USB 3.2 Gen 2), with USB PD 3.0 and DisplayPort 1.4
1x USB-C (Thunderbolt 4 / USB4 40Gbps), with USB PD 3.0 and DisplayPort 2.1 1x HDMI 2.1, up to 4K/60Hz 1x Headphone / microphone combo jack (3.5mm) 1x Ethernet (RJ-45) 1x SD card reader
Windows 11 Pro, English","https://www.mmt.com.au/Files/Product assets/Images/15/21SJ0074AU.jpg","https://www.mmt.com.au/Files/Product assets/Images/15/21SJ0074AU.jpg","https://www.mmt.com.au/Files/Product assets/Images/15/21SJ0074AU.jpg","MELBHO","2.76","8*30*46","Current Stock","1","","198156354983"
"21SK006RAU","21SK006RAU","Lenovo","15","Lenovo ThinkBook 16 G8 U5-225U, 16GB, 512GB, 16"" WUXGA, W11P, 1Y OS","2034.00","1309","18","Computers","Notebooks","The Lenovo ThinkBook 16 G8 is a business-oriented laptop designed for productivity and everyday tasks. Featuring a powerful Intel Core processor, ample storage, and a comfortable keyboard, it's a reliable and efficient workhorse for professionals on the go.","Intel Core Ultra 5 225U, 12C (2P + 8E + 2LPE) / 14T, Max Turbo up to 4.8GHz, 12MB
2x 8GB SO-DIMM DDR5-5600, 512GB SSD M.2 2242 PCIe 4.0x4 NVMe
16"" WUXGA (1920x1200) IPS 300nits Anti-glare, 45% NTSC, 60Hz
1x USB-A (USB 5Gbps / USB 3.2 Gen 1) 1x USB-A (USB 5Gbps / USB 3.2 Gen 1), Always On 1x USB-C (USB 10Gbps / USB 3.2 Gen 2), with USB PD 3.0 and DisplayPort 1.4
1x USB-C (Thunderbolt 4 / USB4 40Gbps), with USB PD 3.0 and DisplayPort 2.1 1x HDMI 2.1, up to 4K/60Hz 1x Headphone / microphone combo jack (3.5mm) 1x Ethernet (RJ-45) 1x SD card reader
Windows 11 Pro, English","https://www.mmt.com.au/Files/Product assets/Images/15/21SK006RAU.jpg","https://www.mmt.com.au/Files/Product assets/Images/15/21SK006RAU.jpg","https://www.mmt.com.au/Files/Product assets/Images/15/21SK006RAU.jpg","MELBHO","3.2","8*32*50","Current Stock","1","","198156273550"
"21SK006TAU","21SK006TAU","Lenovo","15","Lenovo ThinkBook 16 G8 U7-255H, 32GB, 512GB, 16"" WUXGA, W11P, 1Y OS","2099.00","1749","0","Computers","Notebooks","The Lenovo ThinkBook 16 G8 is a business-oriented laptop designed for productivity and everyday tasks. Featuring a powerful Intel Core processor, ample storage, and a comfortable keyboard, it's a reliable and efficient workhorse for professionals on the go.","Intel Core Ultra 7 255H, 16C (6P + 8E + 2LPE) / 16T, Max Turbo up to 5.1GHz, 24MB
2x 16GB SO-DIMM DDR5-5600, 512GB SSD M.2 2242 PCIe 4.0x4 NVMe
16"" WUXGA (1920x1200) IPS 300nits Anti-glare, 45% NTSC, 60Hz
1x USB-A (USB 5Gbps / USB 3.2 Gen 1) 1x USB-A (USB 5Gbps / USB 3.2 Gen 1), Always On 1x USB-C (USB 10Gbps / USB 3.2 Gen 2), with USB PD 3.0 and DisplayPort 1.4
1x USB-C (Thunderbolt 4 / USB4 40Gbps), with USB PD 3.0 and DisplayPort 2.1 1x HDMI 2.1, up to 4K/60Hz 1x Headphone / microphone combo jack (3.5mm) 1x Ethernet (RJ-45) 1x SD card reader
Windows 11 Pro, English","https://www.mmt.com.au/Files/Product assets/Images/15/21SK006TAU.jpg","https://www.mmt.com.au/Files/Product assets/Images/15/21SK006TAU.jpg","https://www.mmt.com.au/Files/Product assets/Images/15/21SK006TAU.jpg","MELBHO","3.3","8*33*50","Current Stock","1","","198156273543"
"21SK007JAU","21SK007JAU","Lenovo","15","Lenovo ThinkBook 16 G8 U5-225U, 32GB, 512GB, 16"" WUXGA, W11P, 1Y OS","1519.00","1529","5","Computers","Notebooks","The Lenovo ThinkBook 16 G8 is a business-oriented laptop designed for productivity and everyday tasks. Featuring a powerful Intel Core processor, ample storage, and a comfortable keyboard, it's a reliable and efficient workhorse for professionals on the go.","Intel Core Ultra 5 225U, 12C (2P + 8E + 2LPE) / 14T, Max Turbo up to 4.8GHz, 12MB
2x 16GB SO-DIMM DDR5-5600, 512GB SSD M.2 2242 PCIe 4.0x4 NVMe
16"" WUXGA (1920x1200) IPS 300nits Anti-glare, 45% NTSC, 60Hz
1x USB-A (USB 5Gbps / USB 3.2 Gen 1) 1x USB-A (USB 5Gbps / USB 3.2 Gen 1), Always On 1x USB-C (USB 10Gbps / USB 3.2 Gen 2), with USB PD 3.0 and DisplayPort 1.4
1x USB-C (Thunderbolt 4 / USB4 40Gbps), with USB PD 3.0 and DisplayPort 2.1 1x HDMI 2.1, up to 4K/60Hz 1x Headphone / microphone combo jack (3.5mm) 1x Ethernet (RJ-45) 1x SD card reader
Windows 11 Pro, English","https://www.mmt.com.au/Files/Product assets/Images/15/21SK007JAU.jpg","https://www.mmt.com.au/Files/Product assets/Images/15/21SK007JAU.jpg","https://www.mmt.com.au/Files/Product assets/Images/15/21SK007JAU.jpg","MELBHO","3.2","32*8*50","Current Stock","1","","198156354990"
"21SQ0003AU","21SQ0003AU","Lenovo","15","Lenovo ThinkBook 14 2-in-1 G5 U5-225U, 16GB, 512GB, 14"" WUXGA TOUCH, W11P, 1Y OS","2242.00","1569","16","Computers","Notebooks","The Lenovo ThinkBook 14 2-in-1 G5 is a sleek and versatile convertible laptop designed for professionals. It features an Intel Core U5-225U processor, 16GB RAM, and a 512GB SSD for efficient multitasking and storage. The 14"" WUXGA touchscreen display enhances productivity and creativity, while Windows 11 Pro ensures a modern and secure operating system. With a 1-year onsite warranty, it offers reliability and performance for business users. Its compact design and robust features make it ideal for professionals seeking flexibility and power.","Intel Core Ultra 5 225U, 12C (2P + 8E + 2LPE) / 14T, Max Turbo up to 4.8GHz, 12MB
2x 8GB SO-DIMM DDR5-5600, 512GB SSD M.2 2242 PCIe 4.0x4 NVMe
14"" WUXGA (1920x1200) IPS 300nits Glossy / Anti-fingerprint, 100% sRGB, Corning Gorilla Glass, Touch
1x USB-A (USB 5Gbps / USB 3.2 Gen 1) 1x USB-A (USB 5Gbps / USB 3.2 Gen 1), Always On 1x USB-C (USB 10Gbps / USB 3.2 Gen 2), with USB PD 3.0 and DisplayPort 1.4 1x USB-C (Thunderbolt 4 / USB4 40Gbps)
1x HDMI 2.1, up to 4K/60Hz 1x Headphone / microphone combo jack (3.5mm) 1x microSD card reader
Windows 11 Pro, English","https://www.mmt.com.au/Files/Product assets/Images/15/21SQ0003AU.jpg","https://www.mmt.com.au/Files/Product assets/Images/15/21SQ0003AU.jpg","https://www.mmt.com.au/Files/Product assets/Images/15/21SQ0003AU.jpg","MELBHO","2.61","8*29*45","Current Stock","1","","198156354969"
"21SQ0003AU+Q","21SQ0003AU+Q","Lenovo","15","BOX DAMAGE Lenovo ThinkBook 14 2-in-1 G5 U5-225U, 16GB, 512GB, 14"" WUXGA TOUCH, W11P, 1Y OS","2028.00","1439","1","Computers","Notebooks","DAMAGE LIMITED TO THE BOX. UNIT IN NEW CONDITION.","Intel Core Ultra 5 225U, 12C (2P + 8E + 2LPE) / 14T, Max Turbo up to 4.8GHz, 12MB
2x 8GB SO-DIMM DDR5-5600, 512GB SSD M.2 2242 PCIe 4.0x4 NVMe
14"" WUXGA (1920x1200) IPS 300nits Glossy / Anti-fingerprint, 100% sRGB, Corning Gorilla Glass, Touch
1x USB-A (USB 5Gbps / USB 3.2 Gen 1) 1x USB-A (USB 5Gbps / USB 3.2 Gen 1), Always On 1x USB-C (USB 10Gbps / USB 3.2 Gen 2), with USB PD 3.0 and DisplayPort 1.4 1x USB-C (Thunderbolt 4 / USB4 40Gbps)
1x HDMI 2.1, up to 4K/60Hz 1x Headphone / microphone combo jack (3.5mm) 1x microSD card reader
Windows 11 Pro, English","https://www.mmt.com.au/Files/Images/Product Images/21SQ0003AU+Q.jpg","https://www.mmt.com.au/Files/Images/Product Images/21SQ0003AU+Q.jpg","https://www.mmt.com.au/Files/Images/Product Images/21SQ0003AU+Q.jpg","MELBHO","2.61","8*29*45","Clearance","3","",""
"21SQ0004AU","21SQ0004AU","Lenovo","15","Lenovo ThinkBook 14 2-in-1 G5 U5-225U, 32GB, 512GB, 14"" WUXGA TOUCH, W11P, 1Y OS","1959.00","1749","16","Computers","Notebooks","The Lenovo ThinkBook 14 2-in-1 G5 is a sleek and versatile convertible laptop designed for professionals. It features an Intel Core U5-225U processor, 16GB RAM, and a 512GB SSD for efficient multitasking and storage. The 14"" WUXGA touchscreen display enhances productivity and creativity, while Windows 11 Pro ensures a modern and secure operating system. With a 1-year onsite warranty, it offers reliability and performance for business users. Its compact design and robust features make it ideal for professionals seeking flexibility and power.","Intel Core Ultra 5 225U, 12C (2P + 8E + 2LPE) / 14T, Max Turbo up to 4.8GHz, 12MB
2x 16GB SO-DIMM DDR5-5600, 512GB SSD M.2 2242 PCIe 4.0x4 NVMe
14"" WUXGA (1920x1200) IPS 300nits Glossy / Anti-fingerprint, 100% sRGB, Corning Gorilla Glass, Touch
1x USB-A (USB 5Gbps / USB 3.2 Gen 1) 1x USB-A (USB 5Gbps / USB 3.2 Gen 1), Always On 1x USB-C (USB 10Gbps / USB 3.2 Gen 2), with USB PD 3.0 and DisplayPort 1.4 1x USB-C (Thunderbolt 4 / USB4 40Gbps)
1x HDMI 2.1, up to 4K/60Hz 1x Headphone / microphone combo jack (3.5mm) 1x microSD card reader
Windows 11 Pro, English","https://www.mmt.com.au/Files/Product assets/Images/15/21SQ0004AU.jpg","https://www.mmt.com.au/Files/Product assets/Images/15/21SQ0004AU.jpg","https://www.mmt.com.au/Files/Product assets/Images/15/21SQ0004AU.jpg","MELBHO","2.7","30*8*45","Current Stock","1","","198156354976"
"21SQ0005AU","21SQ0005AU","Lenovo","15","Lenovo ThinkBook 14 2-in-1 G5 U7-255U, 32GB, 512GB, 14"" WUXGA TOUCH, W11P, 1Y OS","2925.00","2049","11","Computers","Notebooks","The Lenovo ThinkBook 14 2-in-1 G5 is a sleek and versatile convertible laptop designed for professionals. It features an Intel Core U5-225U processor, 16GB RAM, and a 512GB SSD for efficient multitasking and storage. The 14"" WUXGA touchscreen display enhances productivity and creativity, while Windows 11 Pro ensures a modern and secure operating system. With a 1-year onsite warranty, it offers reliability and performance for business users. Its compact design and robust features make it ideal for professionals seeking flexibility and power.","Intel Core Ultra 7 255U, 12C (2P + 8E + 2LPE) / 14T, Max Turbo up to 5.2GHz, 12MB
2x 16GB SO-DIMM DDR5-5600, 512GB SSD M.2 2242 PCIe 4.0x4 NVMe
14"" WUXGA (1920x1200) IPS 300nits Glossy / Anti-fingerprint, 100% sRGB, Corning Gorilla Glass, Touch
1x USB-A (USB 5Gbps / USB 3.2 Gen 1) 1x USB-A (USB 5Gbps / USB 3.2 Gen 1), Always On 1x USB-C (USB 10Gbps / USB 3.2 Gen 2), with USB PD 3.0 and DisplayPort 1.4 1x USB-C (Thunderbolt 4 / USB4 40Gbps)
1x HDMI 2.1, up to 4K/60Hz 1x Headphone / microphone combo jack (3.5mm) 1x microSD card reader
Windows 11 Pro, English","https://www.mmt.com.au/Files/Product assets/Images/15/21SQ0005AU.jpg","https://www.mmt.com.au/Files/Product assets/Images/15/21SQ0005AU.jpg","https://www.mmt.com.au/Files/Product assets/Images/15/21SQ0005AU.jpg","MELBHO","2.61","8*29*45","Current Stock","1","","198156354952"
"21TD0016AU","21TD0016AU","Lenovo","15","Lenovo ThinkPad T1g G8 U7-255H, 32GB, 1TB, 16"" WUXGA, RTX 5060 8GB, W11P, 3Y PS","5569.00","4599","1","Computers","Notebooks","","","https://www.mmt.com.au/Files/Images/Product Images/21td0016au_media-00.jpg","https://www.mmt.com.au/Files/Images/Product Images/21td0016au_media-00.jpg","https://www.mmt.com.au/Files/Images/Product Images/21td0016au_media-00.jpg","MELBHO","3.08","8*32.9*51.8","Current Stock","1","",""
"21US0012AU","21US0012AU","Lenovo","15","Lenovo ThinkBook 16 G9 C5-210H, 16GB, 512GB, 16"" WUXGA, W11P, 1Y OS","1699.00","1169","28","Computers","Notebooks","The Lenovo ThinkBook 16 G9 is a 16-inch Intel-powered business laptop designed for everyday productivity, combining a bright WUXGA display, responsive performance with Intel® Core™ processors, up to 16 GB of memory and fast SSD storage, modern connectivity (Wi-Fi 6E, Bluetooth), and Windows 11 Pro — ideal for multitasking and professional use.","Intel® Core 5 210H, 8C (4P + 4E) / 12T, P-core 2.2 / 4.8GHz, E-core 1.6 / 3.6GHz, 12MB Intel Smart Cache
2x 8GB SODIMM DDR5-5600; 512GB SSD M.2 2242 PCIe® 4.0x4 NVMe®
16"" WUXGA (1920x1200) IPS 400nits Anti-glare, 45% NTSC, 60Hz
1x USB-A (USB 5Gbps), Always On; 1x USB-A (USB 5Gbps); 1x USB-C® (USB 10Gbps), with USB PD 45-100W and DisplayPort™ 1.4; 1x Thunderbolt™ 4, with USB PD 45-100W and DisplayPort™ 1.4; 1x HDMI® 2.1, up to 4K/60Hz; 1x Headphone / microphone combo jack (3.5mm); 1x Ethernet (RJ-45); 1x SD card reader
Windows® 11 Pro, English (US) / English (UK)","https://www.mmt.com.au/Files/Uploads/ThinkBook_16_G9_IRL_CT1_03.jpg","https://www.mmt.com.au/Files/Uploads/ThinkBook_16_G9_IRL_CT1_03.jpg","https://www.mmt.com.au/Files/Uploads/ThinkBook_16_G9_IRL_CT1_03.jpg","MELBHO","3.2","8*32*50","Current Stock","1","","199272637615"
"21US0013AU","21US0013AU","Lenovo","15","Lenovo ThinkBook 16 G9 C7-240H, 16GB, 512GB, 16"" WUXGA, W11P, 1Y OS","1699.00","1329","20","Computers","Notebooks","The Lenovo ThinkBook 16 G9 is a 16-inch Intel-powered business laptop designed for everyday productivity, combining a bright WUXGA display, responsive performance with Intel® Core™ processors, up to 16 GB of memory and fast SSD storage, modern connectivity (Wi-Fi 6E, Bluetooth), and Windows 11 Pro — ideal for multitasking and professional use.","Intel Core 7 240H, 10C (6P + 4E) / 16T, P-core 2.5 / 5.2GHz, E-core 1.8 / 4.0GHz, 24MB Intel Smart Cache
2x 8GB SODIMM DDR5-5600; 512GB SSD M.2 2242 PCIe 4.0x4 NVMe
16"" WUXGA (1920x1200) IPS 400nits Anti-glare, 45% NTSC, 60Hz
1x USB-A (USB 5Gbps), Always On; 1x USB-A (USB 5Gbps); 1x USB-C (USB 10Gbps), with USB PD 45-100W and DisplayPort 1.4; 1x Thunderbolt 4, with USB PD 45-100W and DisplayPort 1.4; 1x HDMI 2.1, up to 4K/60Hz; 1x Headphone / microphone combo jack (3.5mm); 1x Ethernet (RJ-45); 1x SD card reader
Windows 11 Pro, English (US) / English (UK)","https://www.mmt.com.au/Files/Uploads/ThinkBook_16_G9_IRL_CT1_031.jpg","https://www.mmt.com.au/Files/Uploads/ThinkBook_16_G9_IRL_CT1_031.jpg","https://www.mmt.com.au/Files/Uploads/ThinkBook_16_G9_IRL_CT1_031.jpg","MELBHO","3.2","8*32*50","Current Stock","1","","199272637622"
"21US005BAU","21US005BAU","Lenovo","15","Lenovo ThinkBook 16 G9 C7-240H, 32GB, 512GB, 16"" WUXGA, W11P, 1Y OS","2099.00","1549","12","Computers","Notebooks","","Product
ThinkBook 16 G9 IRL
Model
21US005BAU
PERFORMANCE
Processor
Intel Core™ 7 240H, 10C (6P + 4E) / 16T, P-core 2.5 / 5.2GHz, E-core 1.8 / 4.0GHz, 24MB Intel® Smart Cache
AI PC Category
Non-AI PC
NPU
None
Graphics
Integrated Intel® Graphics
Chipset
Intel® SoC Platform
Memory
2x 16GB SODIMM DDR5-5600
Memory Slots
Two DDR5 SODIMM slots, dual-channel capable
Max Memory
Up to 64GB DDR5-5600
Storage
512GB SSD M.2 2242 PCIe® 4.0x4 NVMe®
Storage Slot
Two M.2 slots
• One M.2 2242 PCIe® 4.0 x4 slot
• One M.2 2280 PCIe® 4.0 x4 slot
Max Storage Support
Up to two drives, 2x M.2 SSD
• M.2 2242 SSD up to 2TB
• M.2 2280 SSD up to 2TB
Card Reader
SD Card Reader
Audio Chip
High Definition (HD) Audio, Realtek® ALC3287 codec
Speakers
Stereo speakers, 2W x2, Dolby Audio™
Microphone
2x, Array
Camera
FHD 1080p + IR Hybrid with Privacy Shutter
Battery
48Wh
Power Adapter
65W USB-C® (3-pin)
Special Features
Modern Standby
DESIGN
Display
16"" WUXGA (1920x1200) IPS 400nits Anti-glare, 45% NTSC, 60Hz
Touchscreen
None
Screen-to-Body Ratio
90%
Pen
Pen Not Supported
Keyboard
Backlit, English
Touchpad
Buttonless Mylar® surface multi-touch touchpad, supports Precision TouchPad (PTP), 75 x 120 mm (2.95 x 4.72 inches)
Dimensions (WxDxH)
356 x 253.5 x 17.5 mm (14.01 x 9.98 x 0.69 inches)
Weight
Starting at 1.7 kg (3.75 lbs)
Case Color
Arctic Grey
Case Material
Aluminium (Top), PC-ABS (Bottom)
Surface Treatment
Anodizing Sandblasting (Top), Texture (Bottom)
SOFTWARE
Operating System
Windows® 11 Pro, English (US) / English (UK)
Bundled Software
Office Trial
CONNECTIVITY
WLAN + Bluetooth
Intel® Wi-Fi® 6E AX211, 802.11ax 2x2 + BT5.3
WWAN
WWAN Not Supported
Ethernet
100/1000M (RJ-45)
Standard Ports
1x USB-A (USB 5Gbps), Always On, 1x USB-A (USB 5Gbps), 1x USB-C® (USB 10Gbps), with USB PD 45-65W and DisplayPort™ 1.4, 1x Thunderbolt™ 4, with USB PD 45-65W and DisplayPort™ 1.4, 1x HDMI® 2.1, up to 4K/60Hz, 1x Headphone / microphone combo jack (3.5mm), 1x Ethernet (RJ-45), 1x SD card reader
SECURITY & PRIVACY
Security Chip
Discrete TPM 2.0 Enabled
Physical Locks
Kensington Nano Security Slot™, 2.5 x 6 mm
Fingerprint Reader
Touch Style, Match-on-Chip, Integrated in Power Button
Other Security
Camera privacy shutter, IR camera for Windows® Hello (facial recognition)
MANAGEABILITY
System Management
Non-vPro®
ACCESSORIES
Bundled Accessories
None
CERTIFICATIONS
Green Certifications
ENERGY STAR® 9.0, EPEAT™ Gold Registered, ErP Lot 6/26, RoHS compliant, TCO Certified, generation 10
Mil-Spec Test
MIL-STD-810G military test passed
Other Certifications
TÜV Rheinland® Low Blue Light (Software Solution)","https://www.mmt.com.au/Files/Images/Product Images/21US005BAU.jpeg","https://www.mmt.com.au/Files/Images/Product Images/21US005BAU.jpeg","https://www.mmt.com.au/Files/Images/Product Images/21US005BAU.jpeg","MELBHO","3.2","8*32*50","Current Stock","1","30/06/2026","199272962960"
"21UY001UAU","21UY001UAU","Lenovo","15","Lenovo ThinkBook 14 G9 C5-210H, 16GB, 512GB, 14"" WUXGA, W11P, 1Y OS","1399.00","1129","38","Computers","Notebooks","Lenovo ThinkBook 14 G9 is a business-oriented 14-inch laptop designed for professionals and small-to-medium business users, offering a blend of performance, connectivity, and security features typical of Lenovo’s ThinkBook series.","Intel® Core 5 210H, 8C (4P + 4E) / 12T, P-core 2.2 / 4.8GHz, E-core 1.6 / 3.6GHz, 12MB Intel Smart Cache
2x 8GB SODIMM DDR5-5600; 512GB SSD M.2 2242 PCIe® 4.0x4 NVMe®
14"" WUXGA (1920x1200) IPS 400nits Anti-glare, 45% NTSC
1x USB-A (USB 5Gbps), Always On, 1x USB-A (USB 5Gbps), 1x USB-C® (USB 10Gbps), with USB PD 45-100W and DisplayPort™ 1.4, 1x Thunderbolt™ 4, with USB PD 45-100W and DisplayPort™ 1.4, 1x HDMI® 2.1, up to 4K/60Hz, 1x Headphone / microphone combo jack (3.5mm), 1x Ethernet (RJ-45), 1x SD card reader
Windows® 11 Pro, English (US) / English (UK)","https://www.mmt.com.au/Files/Uploads/ThinkBook_14_G9_IRL_CT1_03.jpg","https://www.mmt.com.au/Files/Uploads/ThinkBook_14_G9_IRL_CT1_03.jpg","https://www.mmt.com.au/Files/Uploads/ThinkBook_14_G9_IRL_CT1_03.jpg","MELBHO","2.28","7*29*45","Current Stock","1","","199272637646"
"21UY001VAU","21UY001VAU","Lenovo","15","Lenovo ThinkBook 14 G9 C7-240H, 16GB, 512GB, 14"" WUXGA, W11P, 1Y OS","1609.00","1319","14","Computers","Notebooks","Lenovo ThinkBook 14 G9 is a business-oriented 14-inch laptop designed for professionals and small-to-medium business users, offering a blend of performance, connectivity, and security features typical of Lenovo’s ThinkBook series.","Intel® Core 7 240H, 10C (6P + 4E) / 16T, P-core 2.5 / 5.2GHz, E-core 1.8 / 4.0GHz, 24MB Intel Smart Cache
2x 8GB SODIMM DDR5-5600; 512GB SSD M.2 2242 PCIe® 4.0x4 NVMe®
14"" WUXGA (1920x1200) IPS 400nits Anti-glare, 45% NTSC
1x USB-A (USB 5Gbps), Always On, 1x USB-A (USB 5Gbps), 1x USB-C® (USB 10Gbps), with USB PD 45-100W and DisplayPort™ 1.4, 1x Thunderbolt™ 4, with USB PD 45-100W and DisplayPort™ 1.4, 1x HDMI® 2.1, up to 4K/60Hz, 1x Headphone / microphone combo jack (3.5mm), 1x Ethernet (RJ-45), 1x SD card reader
Windows® 11 Pro, English (US) / English (UK)","https://www.mmt.com.au/Files/Uploads/ThinkBook_14_G9_IRL_CT1_03.jpg","https://www.mmt.com.au/Files/Uploads/ThinkBook_14_G9_IRL_CT1_03.jpg","https://www.mmt.com.au/Files/Uploads/ThinkBook_14_G9_IRL_CT1_03.jpg","MELBHO","2.28","7*29*45","Current Stock","1","","199272637639"
"21UY005WAU","21UY005WAU","Lenovo","15","Lenovo ThinkBook 14 G9 C7-240H, 32GB, 512GB, 14"" WUXGA, W11P, 1Y OS","2149.00","1549","5","Computers","Notebooks","","Intel® Core 7 240H, 10C (6P + 4E) / 16T, P-core 2.5 / 5.2GHz, E-core 1.8 / 4.0GHz, 24MB Intel Smart Cache
2x 16GB SODIMM DDR5-5600; 512GB SSD M.2 2242 PCIe® 4.0x4 NVMe®
14"" WUXGA (1920x1200) IPS 400nits Anti-glare, 45% NTSC
1x USB-A (USB 5Gbps), Always On, 1x USB-A (USB 5Gbps), 1x USB-C® (USB 10Gbps), with USB PD 45-100W and DisplayPort™ 1.4, 1x Thunderbolt™ 4, with USB PD 45-100W and DisplayPort™ 1.4, 1x HDMI® 2.1, up to 4K/60Hz, 1x Headphone / microphone combo jack (3.5mm), 1x Ethernet (RJ-45), 1x SD card reader
Windows® 11 Pro, English (US) / English (UK)","https://www.mmt.com.au/Files/Uploads/ThinkBook_14_G9_IRL_CT1_03.jpg","https://www.mmt.com.au/Files/Uploads/ThinkBook_14_G9_IRL_CT1_03.jpg","https://www.mmt.com.au/Files/Uploads/ThinkBook_14_G9_IRL_CT1_03.jpg","MELBHO","2.4","7*29*45","Current Stock","1","02/07/2026","199272962953"
"21WN00AGAU","21WN00AGAU","Lenovo","15","Lenovo ThinkPad T14 G7 U5-325, 16GB, 512GB, 14"" WUXGA, W11P, 3Y PS","3728.00","2809","0","Computers","Notebooks","","Intel Core Ultra 5 325, 8C (4P + 4LPE) / 8T, Max Turbo up to 4.5GHz, 12MB Intel Smart Cache
16GB LPCAMM2 LPDDR5X-6800
512GB SSD M.2 2280 PCIe 4.0x4 NVMe Opal 2.0
Integrated Intel Graphics
Windows 11 Pro, English (US) / English (UK)","https://www.mmt.com.au/Files/Images/Product Images/3 21WN00AGAU.png","https://www.mmt.com.au/Files/Images/Product Images/3 21WN00AGAU.png","https://www.mmt.com.au/Files/Images/Product Images/3 21WN00AGAU.png","MELBHO","2.42","7*30.4*45.6","Order to Order","4","",""
"21WN00AHAU","21WN00AHAU","Lenovo","15","Lenovo ThinkPad T14 G7 U5-325, 32GB, 512GB, 14"" WUXGA, W11P, 3Y PS","3169.00","3169","0","Computers","Notebooks","","Intel Core Ultra 5 325, 8C (4P + 4LPE) / 8T, Max Turbo up to 4.5GHz, 12MB Intel Smart Cache
32GB LPCAMM2 LPDDR5X-6800
512GB SSD M.2 2280 PCIe 4.0x4 NVMe Opal 2.0
Integrated Intel Graphics
Windows 11 Pro, English (US) / English (UK)","https://www.mmt.com.au/Files/Images/Product Images/21wn00ahau_media-00.jpg","https://www.mmt.com.au/Files/Images/Product Images/21wn00ahau_media-00.jpg","https://www.mmt.com.au/Files/Images/Product Images/21wn00ahau_media-00.jpg","MELBHO","2.42","7*30.4*45.6","Order to Order","4","",""
"21WN00AJAU","21WN00AJAU","Lenovo","15","Lenovo ThinkPad T14 G7 U7-355, 32GB, 512GB, 14"" WUXGA, W11P, 3Y PS","3449.00","3098","0","Computers","Notebooks","","Intel Core Ultra 7 355, 8C (4P + 4LPE) / 8T, Max Turbo up to 4.7GHz, 12MB Intel Smart Cache
32GB LPCAMM2 LPDDR5X-6800
512GB SSD M.2 2280 PCIe 4.0x4 NVMe Opal 2.0
Integrated Intel Graphics
Windows 11 Pro, English (US) / English (UK)","https://www.mmt.com.au/Files/Images/Product Images/Lenovo ThinkPad T14  21WN00AJAU 2.jpg","https://www.mmt.com.au/Files/Images/Product Images/Lenovo ThinkPad T14  21WN00AJAU 2.jpg","https://www.mmt.com.au/Files/Images/Product Images/Lenovo ThinkPad T14  21WN00AJAU 2.jpg","MELBHO","2.42","7*30.4*45.6","Order to Order","4","",""
"21WN00AKAU","21WN00AKAU","Lenovo","15","Lenovo ThinkPad T14 G7 U7-355, 32GB, 512GB, 14"" WUXGA Touch, 5G LTE, W11P, 3Y PS","3799.00","3170","0","Computers","Notebooks","","Intel Core Ultra 7 355, 8C (4P + 4LPE) / 8T, Max Turbo up to 4.7GHz, 12MB Intel Smart Cache
32GB LPCAMM2 LPDDR5X-6800
512GB SSD M.2 2280 PCIe 4.0x4 NVMe Opal 2.0
Integrated Intel Graphics
Windows 11 Pro, English (US) / English (UK)","https://www.mmt.com.au/Files/Images/Product Images/Lenovo ThinkPad T14  21WN00AKAU 2.jpg","https://www.mmt.com.au/Files/Images/Product Images/Lenovo ThinkPad T14  21WN00AKAU 2.jpg","https://www.mmt.com.au/Files/Images/Product Images/Lenovo ThinkPad T14  21WN00AKAU 2.jpg","MELBHO","2.42","7*30.4*45.6","Order to Order","4","","199275852275"
"21WT004TAU","21WT004TAU","Lenovo","15","Lenovo ThinkPad T16 G5 U5-325, 16GB, 512GB, 16"" WUXGA, W11P, 3Y PS","2859.00","2859","0","Computers","Notebooks","","Intel Core Ultra 5 325, 8C (4P + 4LPE) / 8T, Max Turbo up to 4.5GHz, 12MB Intel Smart Cache
16GB LPCAMM2 LPDDR5X-6800
512GB SSD M.2 2280 PCIe 4.0x4 NVMe Opal 2.0
Integrated Intel Graphics
Windows 11 Pro, English (US) / English (UK)","https://www.mmt.com.au/Files/Images/Product Images/Lenovo ThinkPad 2 T16 21WT004TAU.png","https://www.mmt.com.au/Files/Images/Product Images/Lenovo ThinkPad 2 T16 21WT004TAU.png","https://www.mmt.com.au/Files/Images/Product Images/Lenovo ThinkPad 2 T16 21WT004TAU.png","MELBHO","1.36","16*32*23","Order to Order","4","",""
"21WT004UAU","21WT004UAU","Lenovo","15","Lenovo ThinkPad T16 G5 U5-325, 32GB, 512GB, 16"" WUXGA, W11P, 3Y PS","3219.00","3219","0","Computers","Notebooks","","Intel Core Ultra 5 325, 8C (4P + 4LPE) / 8T, Max Turbo up to 4.5GHz, 12MB Intel Smart Cache
32GB LPCAMM2 LPDDR5X-6800
512GB SSD M.2 2280 PCIe 4.0x4 NVMe Opal 2.0
Integrated Intel Graphics
Windows 11 Pro, English (US) / English (UK)","https://www.mmt.com.au/Files/Images/Product Images/Lenovo ThinkPad 2 T16 21WT004UAU (2).png","https://www.mmt.com.au/Files/Images/Product Images/Lenovo ThinkPad 2 T16 21WT004UAU (2).png","https://www.mmt.com.au/Files/Images/Product Images/Lenovo ThinkPad 2 T16 21WT004UAU (2).png","MELBHO","1.63","25*36*2","Order to Order","4","",""
"21WT004VAU","21WT004VAU","Lenovo","15","Lenovo ThinkPad T16 G5 U7-355, 32GB, 512GB, 16"" WUXGA, W11P, 3Y PS","3539.00","3539","0","Computers","Notebooks","","Intel Core Ultra 7 355, 8C (4P + 4LPE) / 8T, Max Turbo up to 4.7GHz, 12MB Intel Smart Cache
32GB LPCAMM2 LPDDR5X-6800
512GB SSD M.2 2280 PCIe 4.0x4 NVMe Opal 2.0
Integrated Intel Graphics
Windows 11 Pro, English (US) / English (UK)","https://www.mmt.com.au/Files/Images/Product Images/Lenovo ThinkPad 2 T16 21WT004VAU (2).png","https://www.mmt.com.au/Files/Images/Product Images/Lenovo ThinkPad 2 T16 21WT004VAU (2).png","https://www.mmt.com.au/Files/Images/Product Images/Lenovo ThinkPad 2 T16 21WT004VAU (2).png","MELBHO","1.63","25*36*2","Order to Order","4","",""
"21WT004WAU","21WT004WAU","Lenovo","15","Lenovo ThinkPad T16 G5 U7-355, 32GB, 512GB, 16"" WUXGA Touch, 5G LTE, W11P, 3Y PS","3919.00","3250","0","Computers","Notebooks","","Intel Core Ultra 7 355, 8C (4P + 4LPE) / 8T, Max Turbo up to 4.7GHz, 12MB Intel Smart Cache
32GB LPCAMM2 LPDDR5X-6800
512GB SSD M.2 2280 PCIe 4.0x4 NVMe Opal 2.0
Integrated Intel Graphics
Windows 11 Pro, English (US) / English (UK)","https://www.mmt.com.au/Files/Images/Product Images/Lenovo ThinkPad 2 T16 5 21WT004WAU.png","https://www.mmt.com.au/Files/Images/Product Images/Lenovo ThinkPad 2 T16 5 21WT004WAU.png","https://www.mmt.com.au/Files/Images/Product Images/Lenovo ThinkPad 2 T16 5 21WT004WAU.png","MELBHO","3","34*9*49","Order to Order","4","","199275852367"
"242B1","242B1","Philips","13L","Philips 242B1 24"" 16:9 FHD IPS","229.00","129.81","92","Display","Monitors","Get your best work done with this Philips monitor. IPS screen with crisp FHD gives the clarity to see your work. Loaded with features to improve productivity and sustainability. Eye comfort features with TUV certified to reduce eye fatigue.","Designed for sustainability 
Designed to meet environmental standards
PowerSensor saves up to 70% energy costs
LightSensor for the perfect brightness with minimal power
Excellent performance 
IPS technology for full colors and wide viewing angles
SmartImage presets for easy optimized image settings
Effortlessly smooth action with Adaptive-Sync technology
Designed for the way you work 
TUV Eye Comfort certified to reduce eye fatigue
Less eye fatigue with Flicker-free technology
LowBlue Mode for easy on-the-eyes productivity
EasyRead mode for a paper-like reading experience
SmartErgoBase enables people-friendly ergonomic adjustments
Built-in stereo speakers for multimedia","https://www.mmt.com.au/Files/Uploads/242B1.png","https://www.mmt.com.au/Files/Uploads/242B1.png","https://www.mmt.com.au/Files/Uploads/242B1.png","MELBHO","11.7","45*14*74","Current Stock","1","","8712581777685"
"242B9T","242B9T","Philips","13L","Philips 242B9T 24"" Durable Touch Monitor","549.00","445","0","Display","Monitors","A sturdy, water and dust resistant, anti-glare touch screen monitor for flexible use anywhere, with articulating stand to fit angles you need. Offering simple and intuitive use across applications, greatly boost up productivity.","SmoothTouch display for natural, fluid touch response
Monitor front surface meets IP65 for water & dust resistance
16:9 Full HD display for crisp detailed images
SmartContrast for rich black details
LowBlue Mode for easy on-the-eyes productivity
Less eye fatigue with Flicker-free technology
HDMI ensures universal digital connectivity
DisplayPort connection for maximum visuals
EasyRead mode for a paper-like reading experience
SmartStand with adjustable angles, boosts productivity
Cables Included - VGA, HDMI, USB 3.0
For all Philips warranty claims please contact Philips directly on 1300 360 386","https://www.mmt.com.au/Files/Product assets/Images/13L/242B9T.jpg","https://www.mmt.com.au/Files/Product assets/Images/13L/242B9T.jpg","https://www.mmt.com.au/Files/Product assets/Images/13L/242B9T.jpg","MELBHO","12.2","43*18*63","Current Stock","1","13/07/2026","8712581760465"
"24B1U5301H","24B1U5301H","Philips","13L","Philips 24B1U5301H 24"" Premium Monitor","499.00","375","0","Display","Monitors","This USB-C monitor is for video watching, data transfer and power delivery. The integrated 5MP webcam delivers sharp images, and noise cancelling mic let people hear you fine. Windows Hello Webcam for quick access and strong security.","LCD panel type: IPS technology
Backlight type: W-LED system
Panel Size: 23.8 inch / 60.5 cm
Display Screen Coating: Anti-Glare, 3H, Haze 25%
Effective viewing area: 527.04 (H) x 296.46 (V)
Aspect ratio: 16:9
Maximum resolution: 1920 x 108@75 Hz
Pixel Density: 93 PPI
Response time (typical): 4 ms (Gray to Gray)*
Brightness: 300 cd/m²
Contrast ratio (typical): 1000:1
SmartContrast:50,000,000:1
Pixel pitch: 0.2745 x 0.2745 mm
Viewing angle: 178º (H) / 178º (V), @ C/R > 10
Flicker-free
Picture enhancement: SmartImage
Display colors: 16.7 M (8 bit)
Color gamut (typical): NTSC 88%, sRGB 105%
Scanning Frequency: 30 - 85 kHz (H) / 48 - 75 Hz(V)
sRGB
LowBlue Mode
EasyRead","https://www.mmt.com.au/Files/Product assets/Images/13L/24B1U5301H.jpg","https://www.mmt.com.au/Files/Product assets/Images/13L/24B1U5301H.jpg","https://www.mmt.com.au/Files/Product assets/Images/13L/24B1U5301H.jpg","MELBHO","12.3","20*41*60","Current Stock","1","","8712581801281"
"24B2N3200J","24B2N3200J","Philips","13L","Philips 24B2N3200J 24"" 16:9 FHD","209.00","146.09","0","Display","Monitors","This monitor delivers business efficiency. Not only is it equipped with essential features, but it also has ones that stand out like its 120hz refresh rate, SoftBlue, Flicker-Free, VESA mount, and more.","IPS LED wide view technology for image and color accuracy
16:9 Full HD display for crisp detailed images
120Hz refresh rates for ultra-smooth images
Ultra Slim Bezel: for minimal edges and more screen
SoftBlue Technology: for comfortable viewing
Eyesafe certified blue light protection and color accuracy
SmartErgoBase enables people-friendly ergonomic adjustments
Built-in stereo speakers for multimedia
HDMI ensures universal digital connectivity
EasyRead mode for a paper-like reading experience
VESA mount for convenience","https://www.mmt.com.au/Files/Product assets/Images/13L/24B2N3200J.jpg","https://www.mmt.com.au/Files/Product assets/Images/13L/24B2N3200J.jpg","https://www.mmt.com.au/Files/Product assets/Images/13L/24B2N3200J.jpg","MELBHO","9.1","40*13*70","Current Stock","1","","8721038005783"
"24B2U3301","24B2U3301","Philips","13L","Philips 24B2U3301 24"" 16:9 FHD IPS","329.00","247.59","0","Display","Monitors","This monitor delivers business efficiency. Not only is it equipped with essential features, but it also has ones that stand out like its 120hz refresh rate, SoftBlue, Flicker-Free, VESA mount, and more.","IPS LED wide view technology for image and color accuracy
16:9 Full HD display for crisp detailed images
120Hz refresh rates for ultra-smooth images
SoftBlue Technology: for comfortable viewing
Built-in stereo speakers for multimedia
Less eye fatigue with Flicker-free technology
Eyesafe certified blue light protection and color accuracy
SmartErgoBase enables people-friendly ergonomic adjustments
RJ-45 to USB-C gives easy network connection with security
EasyRead mode for a paper-like reading experience","https://www.mmt.com.au/Files/Product assets/Images/13L/24B2U3301.jpg","https://www.mmt.com.au/Files/Product assets/Images/13L/24B2U3301.jpg","https://www.mmt.com.au/Files/Product assets/Images/13L/24B2U3301.jpg","MELBHO","9.1","40*13*70","Current Stock","1","","8721038006018"
"24E1N1200A","24E1N1200A","Philips","13L","Philips 24E1N1200A 24"" Essential Monitor","149.00","121.43","0","Display","Monitors","Experience productivity in Full HD. This monitor is equipped with essentials for the workplace, such as LowBlue mode to protect the eyes, IPS LED wide view technology for high-quality imagery, and 1ms MPRT for sharp visuals.","IPS LED wide view technology for image and color accuracy
16:9 Full HD display for crisp detailed images
SmartContrast for deep black level details
HDMI ensures universal digital connectivity
DisplayPort connection for maximum visuals
Built-in stereo speakers for multimedia
Effortlessly smooth action with Adaptive-Sync technology
1ms (MPRT) fast response for crisp image and smooth gameplay
100Hz refresh rates for ultra-smooth images
1920 x 1080 FHD Resolution
VESA mount for convenience","https://www.mmt.com.au/Files/Product assets/Images/13L/24E1N1200A.jpg","https://www.mmt.com.au/Files/Product assets/Images/13L/24E1N1200A.jpg","https://www.mmt.com.au/Files/Product assets/Images/13L/24E1N1200A.jpg","MELBHO","7.07","12*38*62","Current Stock","1","","8721038000931"
"24E1N2100D","24E1N2100D","Philips","13L","Philips 24E1N2100D 24"" 16:9 FHD","149.00","105.1","0","Display","Monitors","This monitor is equipped with essentials for the workplace, such as Softblue to protect the eyes, IPS LED wide view technology and 120Hz refresh rate for high-quality imagery, and 1ms MPRT for sharp visuals.","IPS LED wide view technology for image and color accuracy
16:9 Full HD display for crisp detailed images
SmartContrast for deep black level details
120Hz refresh rates for ultra-smooth images
LowBlue mode and Flicker-free easy-on-the eyes viewing
HDMI ensures universal digital connectivity
SoftBlue Technology: for comfortable viewing
Effortlessly smooth action with Adaptive-Sync technology
1ms (MPRT) fast response for crisp image and smooth gameplay
EasyRead mode for a paper-like reading experience","https://www.mmt.com.au/Files/Product assets/Images/13L/24E1N2100D.jpg","https://www.mmt.com.au/Files/Product assets/Images/13L/24E1N2100D.jpg","https://www.mmt.com.au/Files/Product assets/Images/13L/24E1N2100D.jpg","MELBHO","6.77","37*12*61","Current Stock","1","13/07/2026","8721038005462"
"24E1N2300A","24E1N2300A","Philips","13L","Philips 23.8"" IPS FHD 120Hz HDMI USB-C PD65W SPK Monitor - USB-C HOME MODEL","249.00","187.76","0","Display","Monitors","This monitor is equipped with essentials for the workplace, such as Softblue to protect the eyes, IPS LED wide view technology and 120Hz refresh rate for high-quality imagery, and 1ms MPRT for sharp visuals.","IPS LED wide view technology for image and color accuracy
16:9 Full HD display for crisp detailed images
SmartContrast for deep black level details
120Hz refresh rates for ultra-smooth images
HDMI ensures universal digital connectivity
Connect your notebook with one USB-C cable
Built-in stereo speakers for multimedia
SoftBlue Technology: for comfortable viewing
Effortlessly smooth action with Adaptive-Sync technology
1ms (MPRT) fast response for crisp image and smooth gameplay","https://www.mmt.com.au/Files/Product assets/Images/13L/24E1N2300A.jpg","https://www.mmt.com.au/Files/Product assets/Images/13L/24E1N2300A.jpg","https://www.mmt.com.au/Files/Product assets/Images/13L/24E1N2300A.jpg","MELBHO","7.53","38*13*61","Current Stock","1","13/07/2026","8721038005141"
"24M2N3200PF","24M2N3200PF","Philips","13L","Philips 24M2N3200PF 24"" 16:9 FHD IPS","259.00","193.88","87","Display","Monitors","This 24-inch Fast IPS monitor brings sharp visuals to gaming. With its overclockable 260Hz refresh rate and 0.3ms Smart MBR, you can expect clear visuals and a high-quality all-around gaming experience.","Ultra-fast 260Hz refresh rate for virtually lag-free gaming
Low input lag reduces time delay between devices to monitor
0.3 ms ultra-fast speed for crisp image and smooth gameplay
High Dynamic Range (HDR) for more lifelike colorful visuals
16:9 Full HD display for crisp detailed images
SmartContrast for rich black details
LowBlue mode and Flicker-free easy-on-the eyes viewing
SmartImage game mode optimized for gamers
Smart Crosshair: for better aim and more fun
Stark ShadowBoost: for enhancing visibility in dark scenes
Smart MBR Sync: for smooth yet dynamic gameplay
Evnia Precision Center: Maximize Your Gaming Experience","https://www.mmt.com.au/Files/Product assets/Images/13L/24M2N3200PF.jpg","https://www.mmt.com.au/Files/Product assets/Images/13L/24M2N3200PF.jpg","https://www.mmt.com.au/Files/Product assets/Images/13L/24M2N3200PF.jpg","MELBHO","8.69","42*12*69","Current Stock","1","","8721038006124"
"265A9AA","265A9AA","HP","14M","HP 125 -265A9AA- Wired Mouse","19.99","13","405","Components","Mice","","","https://www.mmt.com.au/Files/Uploads/image_1774500526910.jpg","https://www.mmt.com.au/Files/Uploads/image_1774500526910.jpg","https://www.mmt.com.au/Files/Uploads/image_1774500526910.jpg","MELBHO","0.15","5*9*13","Current Stock","1","","195161002472"
"265D9AA","265D9AA","HP","14M","HP 128 Laser Wired Mouse (replaces","29.00","19","5","Components","Mice","Think how much you use your mouse. Designed for Comfort Our design experience and expertise are reflected in the HP 128 Laser Wired Mouse. This mouse includes perfectly positioned left and right buttons and a scroll wheel so you can work in comfort all day. You can even adjust the dot per inch speed of the cursor.","","https://www.mmt.com.au/Files/Product assets/Images/14M/265D9AA.jpg","https://www.mmt.com.au/Files/Product assets/Images/14M/265D9AA.jpg","https://www.mmt.com.au/Files/Product assets/Images/14M/265D9AA.jpg","MELBHO","0.2","5*10*14","Clearance","3","","195161002779"
"272V8A+D","272V8A-EXDEMO","Philips","13L","Philips 272V8A 27'' FHD Monitor","199.00","175","0","Display","Monitors","Philips V line wide-view monitor gives viewing beyond boundaries, great value with essential features. Adaptive-Sync delivers smooth video display. Features like anti-glare, LowBlue mode, and flicker-free for easy-on-the eyes.","","https://www.mmt.com.au/Files/Product assets/Images/13L/272V8A_D.jpg","https://www.mmt.com.au/Files/Product assets/Images/13L/272V8A_D.jpg","https://www.mmt.com.au/Files/Product assets/Images/13L/272V8A_D.jpg","MELBHO","11","13*47*67","Clearance","3","","8712581763770"
"27B1U3900","27B1U3900","Philips","13L","Philips 27B1U3900 27"" 4K UHD Monitor","499.00","399","0","Display","Monitors","This 27-inch monitor showcases beautiful imagery in 4K resolution and a 1.074 billion color gamut. In addition, its USB-C connection allows you to easily connect peripherals during a busy workday.","Connect your notebook with one USB-C cable
IPS technology for full colors and wide viewing angles
UltraClear 4K UHD (3840x2160) resolution for precision
1.074 billion colors for smooth color gradations and detail
SmartImage presets for easy optimized image settings
DisplayPort connection for maximum visuals
HDMI ensures universal digital connectivity
Less eye fatigue with Flicker-free technology
LowBlue Mode for easy on-the-eyes productivity
Built-in stereo speakers for multimedia
MultiView 4K for 4 systems on one screen
SmartErgoBase enables people-friendly ergonomic adjustments
TUV Eye Comfort certified to reduce eye fatigue","https://www.mmt.com.au/Files/Product assets/Images/13L/27B1U3900.jpg","https://www.mmt.com.au/Files/Product assets/Images/13L/27B1U3900.jpg","https://www.mmt.com.au/Files/Product assets/Images/13L/27B1U3900.jpg","MELBHO","16.3","47*19*73","Current Stock","1","","8721038004694"
"27B1U5601H","27B1U5601H","Philips","13L","Philips 27B1U5601H 27"" Premium Monitor","659.00","448.96","24","Display","Monitors","This USB-C monitor is for video watching, data transfer and power delivery. The integrated 5MP webcam delivers sharp images, and noise cancelling mic allows people to hear you fine. The webcam  supports Windows Hello for quick access and strong security.","LCD panel type: IPS technology
Backlight type: W-LED system
Panel Size: 27 inch / 68.5 cm
Display Screen Coating: Anti-Glare, 3H, Haze 25%
Effective viewing area: 596.736 (H) x 335.664 (V)
Aspect ratio: 16:9
Maximum resolution: 2560 x 1440 @ 75 Hz
Pixel Density: 109 PPI
Response time (typical): 4 ms (Gray to Gray)*
Brightness: 350 cd/m²
Contrast ratio (typical): 1000:1
SmartContrast:50,000,000:1
Pixel pitch: 0.2331 x 0.2331 mm
Viewing angle: 178º (H) / 178º (V), @ C/R > 10
Flicker-free
Picture enhancement: SmartImage
Display colors: 16.7 M (8 bit)
Color gamut (typical): NTSC 89%, sRGB 101%
Scanning Frequency: 30 - 114 kHz (H) / 48 - 75 Hz(V)
sRGB
LowBlue Mode
EasyRead","https://www.mmt.com.au/Files/Product assets/Images/13L/27B1U5601H.jpg","https://www.mmt.com.au/Files/Product assets/Images/13L/27B1U5601H.jpg","https://www.mmt.com.au/Files/Product assets/Images/13L/27B1U5601H.jpg","MELBHO","18","20*47*74","Current Stock","1","","8712581801298"
"27B2N3500J","27B2N3500J","Philips","13L","Philips 27B2N3500J 27"" 16:9 QHD IPS","299.00","206.39","0","Display","Monitors","Speed through daily tasks in comfort with this monitor's SoftBlue technology, Quad HD resolution, and 120Hz refresh rate. Not to mention, SmartErgoBase adds an ergonomic touch to the monitor's feature list.","Built-in stereo speakers for multimedia
Smart Link Sync: Matches primary display on second screen
SmartErgoBase enables people-friendly ergonomic adjustments
Eyesafe certified blue light protection and color accuracy
Less eye fatigue with Flicker-free technology
EasyRead mode for a paper-like reading experience
SoftBlue Technology: for comfortable viewing","https://www.mmt.com.au/Files/Product assets/Images/13L/27B2N3500J.jpg","https://www.mmt.com.au/Files/Product assets/Images/13L/27B2N3500J.jpg","https://www.mmt.com.au/Files/Product assets/Images/13L/27B2N3500J.jpg","MELBHO","11.5","45*14*73","Current Stock","1","","8721038006544"
"27B2N4500","27B2N4500","Philips","13L","Philips 27B2N4500 27"" 16:9 QHD","369.00","255.51","111","Display","Monitors","Speed through daily tasks in comfort with this monitor's SoftBlue technology, Quad HD resolution, and 120Hz refresh rate. Not to mention, SmartErgoBase adds an ergonomic touch to the monitor's feature list.","IPS LED wide view technology for image and color accuracy
Crystalclear images with Quad HD 2560 x 1440 pixels
120Hz refresh rates for ultra-smooth images
SoftBlue Technology: for comfortable viewing
Built-in stereo speakers for multimedia
Less eye fatigue with Flicker-free technology
Eyesafe certified blue light protection and color accuracy
SmartErgoBase enables people-friendly ergonomic adjustments
HDMI ensures universal digital connectivity
EasyRead mode for a paper-like reading experience
VESA mount for convenience","https://www.mmt.com.au/Files/Product assets/Images/13L/27B2N4500.jpg","https://www.mmt.com.au/Files/Product assets/Images/13L/27B2N4500.jpg","https://www.mmt.com.au/Files/Product assets/Images/13L/27B2N4500.jpg","MELBHO","11.5","45*14*73","Current Stock","1","","8721038005769"
"27B2U3601","27B2U3601","Philips","13L","Philips 27B2U3601 27"" 16:9 QHD IPS","399.00","299","169","Display","Monitors","Speed through daily tasks in comfort with this monitor's SoftBlue technology, Quad HD resolution, and 120Hz refresh rate. Not to mention, SmartErgoBase adds an ergonomic touch to the monitor's feature list.","IPS technology for full colors and wide viewing angles
Crystalclear images with Quad HD 2560 x 1440 pixels
120Hz refresh rates for ultra-smooth images
SoftBlue Technology: for comfortable viewing
Built-in stereo speakers for multimedia
Less eye fatigue with Flicker-free technology
Eyesafe certified blue light protection and color accuracy
SmartErgoBase enables people-friendly ergonomic adjustments
Smart Link Sync: for uniform daisy-chained displays
RJ-45 to USB-C gives easy network connection with security
EasyRead mode for a paper-like reading experience","https://www.mmt.com.au/Files/Product assets/Images/13L/27B2U3601.jpg","https://www.mmt.com.au/Files/Product assets/Images/13L/27B2U3601.jpg","https://www.mmt.com.au/Files/Product assets/Images/13L/27B2U3601.jpg","MELBHO","11.5","45*14*73","Current Stock","1","","8721038006353"
"27B2U4601","27B2U4601","Philips","13L","Philips 27B2U4601 27"" 16:9 QHD","499.00","365","0","Display","Monitors","This monitor brings all the essentials to the table and more. With a stunning Quad HD resolution, IPS panel, and USB-C connectivity, pictures stay vibrant while the connection provides high-speed data transfer.","IPS LED wide view technology for image and color accuracy
Crystalclear images with Quad HD 2560 x 1440 pixels
120Hz refresh rates for ultra-smooth images
SoftBlue Technology: for comfortable viewing
Built-in stereo speakers for multimedia
Less eye fatigue with Flicker-free technology
Eyesafe certified blue light protection and color accuracy
SmartErgoBase enables people-friendly ergonomic adjustments
RJ-45 to USB-C gives easy network connection with security
EasyRead mode for a paper-like reading experience","https://www.mmt.com.au/Files/Product assets/Images/13L/27B2U4601.jpg","https://www.mmt.com.au/Files/Product assets/Images/13L/27B2U4601.jpg","https://www.mmt.com.au/Files/Product assets/Images/13L/27B2U4601.jpg","MELBHO","11","45*14*74","Current Stock","1","20/07/2026","8721038005622"
"27E1N1200A","27E1N1200A","Philips","13L","Philips 27E1N1200A 27"" Essential Monitor","189.00","145.32","0","Display","Monitors","Experience productivity in Full HD. This monitor is equipped with essentials for the workplace, such as LowBlue mode to protect the eyes, IPS LED wide view technology for high-quality imagery, and 1ms MPRT for sharp visuals.","IPS LED wide view technology for image and color accuracy
16:9 Full HD display for crisp detailed images
SmartContrast for deep black level details
HDMI ensures universal digital connectivity
DisplayPort connection for maximum visuals
Built-in stereo speakers for multimedia
Effortlessly smooth action with Adaptive-Sync technology
1ms (MPRT) fast response for crisp image and smooth gameplay
100Hz refresh rates for ultra-smooth images
VESA mount for convenience","https://www.mmt.com.au/Files/Product assets/Images/13L/27E1N1200A.jpg","https://www.mmt.com.au/Files/Product assets/Images/13L/27E1N1200A.jpg","https://www.mmt.com.au/Files/Product assets/Images/13L/27E1N1200A.jpg","MELBHO","11.11","14*46*69","Current Stock","1","","8721038000979"
"27E1N1800A","27E1N1800A","Philips","13L","Philips 27E1N1800A 27"" 4K UHD Monitor","369.00","274.49","0","Display","Monitors","View all tasks with this monitor in 4K quality, which produces incredibly sharp imagery. In addition, this monitor's IPS panel and HDR-grade visuals make for a great monitor for any and all tasks.","IPS LED wide view technology for image and color accuracy
UltraClear 4K UHD (3840x2160) resolution for precision
Effortlessly smooth action with Adaptive-Sync technology
High Dynamic Range (HDR) for more lifelike colorful visuals
Built-in stereo speakers for multimedia
DisplayPort connection for maximum visuals
HDMI ensures universal digital connectivity
EasySelect menu toggle key for quick on-screen menu access
LowBlue mode and Flicker-free easy-on-the eyes viewing
EasyRead mode for a paper-like reading experience
VESA mount for convenience","https://www.mmt.com.au/Files/Product assets/Images/13L/27E1N1800A.jpg","https://www.mmt.com.au/Files/Product assets/Images/13L/27E1N1800A.jpg","https://www.mmt.com.au/Files/Product assets/Images/13L/27E1N1800A.jpg","MELBHO","11.64","45*15*69","Current Stock","1","","8712581805753"
"27E1N2100D","27E1N2100D","Philips","13L","Philips 27E1N2100D 27"" 16:9 FHD","195.00","114.29","0","Display","Monitors","This monitor is equipped with essentials for the workplace, such as Softblue to protect the eyes, IPS LED wide view technology and 120Hz refresh rate for high-quality imagery, and 1ms MPRT for sharp visuals.","IPS LED wide view technology for image and color accuracy
16:9 Full HD display for crisp detailed images
SmartContrast for deep black level details
120Hz refresh rates for ultra-smooth images
LowBlue mode and Flicker-free easy-on-the eyes viewing
HDMI ensures universal digital connectivity
SoftBlue Technology: for comfortable viewing
Effortlessly smooth action with Adaptive-Sync technology
1ms (MPRT) fast response for crisp image and smooth gameplay
EasyRead mode for a paper-like reading experience","https://www.mmt.com.au/Files/Product assets/Images/13L/27E1N2100D.jpg","https://www.mmt.com.au/Files/Product assets/Images/13L/27E1N2100D.jpg","https://www.mmt.com.au/Files/Product assets/Images/13L/27E1N2100D.jpg","MELBHO","11","46*14*68","Current Stock","1","13/07/2026","8721038005479"
"27E1N2300A","27E1N2300A","Philips","13L","Philips 27E1N2300A 27"" FHD","299.00","227.55","0","Display","Monitors","This monitor is equipped with essentials for the workplace, such as Softblue to protect the eyes, IPS LED wide view technology and 120Hz refresh rate for high-quality imagery, and 1ms MPRT for sharp visuals.","IPS LED wide view technology for image and color accuracy
16:9 Full HD display for crisp detailed images
SmartContrast for deep black level details
120Hz refresh rates for ultra-smooth images
HDMI ensures universal digital connectivity
Connect your notebook with one USB-C cable
Built-in stereo speakers for multimedia
SoftBlue Technology: for comfortable viewing
Effortlessly smooth action with Adaptive-Sync technology
1ms (MPRT) fast response for crisp image and smooth gameplay","https://www.mmt.com.au/Files/Product assets/Images/13L/27E1N2300A.jpg","https://www.mmt.com.au/Files/Product assets/Images/13L/27E1N2300A.jpg","https://www.mmt.com.au/Files/Product assets/Images/13L/27E1N2300A.jpg","MELBHO","11.11","46*14*69","Current Stock","1","13/07/2026","8721038005158"
"27E1N2600A","27E1N2600A","Philips","13L","Philips 27E1N2600A 27"" QHD","369.00","256.04","0","Display","Monitors","This monitor is equipped with essentials for the workplace, such as Softblue to protect the eyes, IPS LED wide view technology and 120Hz refresh rate for high-quality imagery, and 1ms MPRT for sharp visuals.","IPS LED wide view technology for image and color accuracy
Crystalclear images with Quad HD 2560 x 1440 pixels
SmartContrast for deep black level details
120Hz refresh rates for ultra-smooth images
High Dynamic Range (HDR) for more lifelike colorful visuals
HDMI ensures universal digital connectivity
Connect your notebook with one USB-C cable
Built-in stereo speakers for multimedia
SoftBlue Technology: for comfortable viewing
Effortlessly smooth action with Adaptive-Sync technology
1ms (MPRT) fast response for crisp image and smooth gameplay","https://www.mmt.com.au/Files/Product assets/Images/13L/27E1N2600A.jpg","https://www.mmt.com.au/Files/Product assets/Images/13L/27E1N2600A.jpg","https://www.mmt.com.au/Files/Product assets/Images/13L/27E1N2600A.jpg","MELBHO","11.11","46*14*69","Current Stock","1","13/07/2026","8721038005165"
"27E2N1500L","27E2N1500L","Philips","13L","Philips 27E2N1500L 27"" 16:9 QHD","249.00","188.78","0","Display","Monitors","This monitor is packed with features that allow you to work with absolute precision. Its Quad HD resolution, along with HDR and IPS display, this monitor showcases detailed imagery with the utmost color accuracy.","IPS LED wide view technology for image and color accuracy
Crystalclear images with Quad HD 2560 x 1440 pixels
SmartContrast for deep black level details
High Dynamic Range (HDR) for more lifelike colorful visuals
Effortlessly smooth action with Adaptive-Sync technology
LowBlue mode and Flicker-free easy-on-the eyes viewing
HDMI ensures universal digital connectivity
EasyRead mode for a paper-like reading experience
VESA mount for convenience","https://www.mmt.com.au/Files/Product assets/Images/13L/27E2N1500L.jpg","https://www.mmt.com.au/Files/Product assets/Images/13L/27E2N1500L.jpg","https://www.mmt.com.au/Files/Product assets/Images/13L/27E2N1500L.jpg","MELBHO","10.76","48*13*69","Current Stock","1","20/07/2026","8721038005219"
"27M2N3200PF","27M2N3200PF","Philips","13L","Philips 27M2N3200PF 27"" 16:9 FHD IPS","299.00","229.59","68","Display","Monitors","This 27-inch Fast IPS monitor brings sharp visuals to gaming. With its overclockable 260Hz refresh rate and 0.3ms Smart MBR, you can expect clear visuals and a high-quality all-around gaming experience.","Ultra-fast 260Hz refresh rate for virtually lag-free gaming
Low input lag reduces time delay between devices to monitor
0.3 ms ultra-fast speed for crisp image and smooth gameplay
High Dynamic Range (HDR) for more lifelike colorful visuals
16:9 Full HD display for crisp detailed images
SmartContrast for rich black details
LowBlue mode and Flicker-free easy-on-the eyes viewing
SmartImage game mode optimized for gamers
Smart Crosshair: for better aim and more fun
Stark ShadowBoost: for enhancing visibility in dark scenes
Smart MBR Sync: for smooth yet dynamic gameplay
Evnia Precision Center: Maximize Your Gaming Experience","https://www.mmt.com.au/Files/Product assets/Images/13L/27M2N3200PF.jpg","https://www.mmt.com.au/Files/Product assets/Images/13L/27M2N3200PF.jpg","https://www.mmt.com.au/Files/Product assets/Images/13L/27M2N3200PF.jpg","MELBHO","11.59","48*69*14","Current Stock","1","","8721038006162"
"27M2N3500PF","27M2N3500PF","Philips","13L","Philips 27M2N3500PF 27"" 16:9 QHD","399.00","285.71","0","Display","Monitors","This 27-inch Fast IPS monitor brings sharp visuals to gaming. With its overclockable 260Hz refresh rate and 0.3ms Smart MBR, you can expect clear visuals and a high-quality all-around gaming experience.","Ultra-fast 260Hz refresh rate for virtually lag-free gaming
Low input lag reduces time delay between devices to monitor
0.3 ms ultra-fast speed for crisp image and smooth gameplay
Crystalclear images with Quad HD 2560 x 1440 pixels
SmartContrast for rich black details
High Dynamic Range (HDR) for more lifelike colorful visuals
LowBlue mode and Flicker-free easy-on-the eyes viewing
SmartImage game mode optimized for gamers
Smart Crosshair: for better aim and more fun
Stark ShadowBoost: for enhancing visibility in dark scenes
Smart MBR: for reducing motion blur.
Smart Sniper: for zooming in on targets","https://www.mmt.com.au/Files/Product assets/Images/13L/27M2N3500PF.jpg","https://www.mmt.com.au/Files/Product assets/Images/13L/27M2N3500PF.jpg","https://www.mmt.com.au/Files/Product assets/Images/13L/27M2N3500PF.jpg","MELBHO","7.08","42*14*69","Current Stock","1","20/07/2026","8721038005837"
"27M2N3800F","27M2N3800F","Philips","13L","Philips 27M2N3800F 27"" UHD Monitor","499.00","377.55","35","Display","Monitors","Game in incredible color and sharpness. With this Evnia monitor, the 4K UHD resolution and 160Hz refresh rate make it ideal for gamers who need that extra boost in imagery without sacrificing speed.","160Hz refresh rates for ultra-smooth, brilliant images
0.3 ms ultra-fast speed for crisp image and smooth gameplay
UltraClear 4K UHD (3840x2160) resolution for precision
DisplayHDR 400 for more lifelike and outstanding visuals
SmartContrast for rich black details
LowBlue mode and Flicker-free easy-on-the eyes viewing
MultiView enables simultaneous dual connection and view
SmartImage game mode optimized for gamers
Smart Crosshair: for better aim and more fun
Stark ShadowBoost: for enhancing visibility in dark scenes
Smart MBR: for reducing motion blur
Smart Sniper: for zooming in on targets
Evnia Precision Center: Maximize Your Gaming Experience","https://www.mmt.com.au/Files/Product assets/Images/13L/27M2N3800F.jpg","https://www.mmt.com.au/Files/Product assets/Images/13L/27M2N3800F.jpg","https://www.mmt.com.au/Files/Product assets/Images/13L/27M2N3800F.jpg","MELBHO","10.14","42*14*69","Current Stock","1","","8721038005493"
"27M2N6500L","27M2N6500L","Philips","13L","Philips 27M2N6500L 27"" 16:9 QHD OLED","799.00","653.06","0","Display","Monitors","This monitor is built for gaming at high speeds. Its 240Hz refresh rates and QD OLED panel make it a combination of incredible speed and premium picture quality.","Ultra-fast 240 Hz refresh rate for virtually lag-free gaming
Crystalclear images with Quad HD 2560 x 1440 pixels
High Dynamic Range (HDR) for more lifelike colorful visuals
QD OLED for superior colors and vibrant visuals
True 10-bit display reproduces smoother gradients on visuals
LowBlue mode and Flicker-free easy-on-the eyes viewing
SmartImage game mode optimized for gamers
VESA Certified ClearMR: for accurate blur testing
Smart Crosshair: for better aim and more fun
Stark ShadowBoost: for enhancing visibility in dark scenes
Smart Sniper: for zooming in on targets
Evnia Precision Center: Maximize Your Gaming Experience
Certified NVIDIA G-SYNC compatible for smooth fast gaming","https://www.mmt.com.au/Files/Product assets/Images/13L/27M2N6500L.jpg","https://www.mmt.com.au/Files/Product assets/Images/13L/27M2N6500L.jpg","https://www.mmt.com.au/Files/Product assets/Images/13L/27M2N6500L.jpg","MELBHO","11.66","45*14*74","Current Stock","1","","8721038007107"
"30K5S00500","30K5S00500","Lenovo","19","Lenovo ThinkStation P3 Tiny U7-265 VPRO, 16GB, 1TB, RTX A1000-8GB, W11P, 3 YR OS","3299.00","2649","1","Computers","Desktop Computers","The ThinkStation P3 Tiny Gen 2 delivers professional-class workstation performance in an ultra-compact ~1 liter chassis. It combines the latest Intel® Core™ Ultra processors with optional NVIDIA RTX professional graphics to handle demanding workflows—from 3D design and content creation to AI-optimized tasks—while occupying a fraction of traditional desktop space. With support for up to 128 GB DDR5 memory, high-speed PCIe storage, advanced connectivity including Wi-Fi 7, and versatile mounting options, the P3 Tiny Gen 2 is engineered for flexible deployment in modern workspaces where power, efficiency, and space-savings are essential.","Intel Core Ultra 7 265, 20C (8P + 12E) / 20T, Max Turbo up to 5.3GHz, 30MB Intel Smart Cache
16GB CSODIMM DDR5-6400 Non-ECC
1TB SSD M.2 2280 PCIe 5.0 x4 Performance NVMe Opal
Integrated Intel Graphics + 1x NVIDIA RTX A1000 8GB
Windows 11 Pro, English","https://www.mmt.com.au/Files/Uploads/ThinkStation_P3_Tiny_Gen_2_CT1_0.jpg","https://www.mmt.com.au/Files/Uploads/ThinkStation_P3_Tiny_Gen_2_CT1_0.jpg","https://www.mmt.com.au/Files/Uploads/ThinkStation_P3_Tiny_Gen_2_CT1_0.jpg","MELBHO","4","25*13*49","EOL","2","","199273022151"
"30K5S00700","30K5S00700","Lenovo","19","Lenovo ThinkStation P3 Tiny U5-225 VPRO, 16GB, 1TB, RTX A400-4GB, W11P, 3 YR OS","2949.00","1929","0","Computers","Desktop Computers","The ThinkStation P3 Tiny Gen 2 delivers professional-class workstation performance in an ultra-compact ~1 liter chassis. It combines the latest Intel® Core™ Ultra processors with optional NVIDIA RTX professional graphics to handle demanding workflows—from 3D design and content creation to AI-optimized tasks—while occupying a fraction of traditional desktop space. With support for up to 128 GB DDR5 memory, high-speed PCIe storage, advanced connectivity including Wi-Fi 7, and versatile mounting options, the P3 Tiny Gen 2 is engineered for flexible deployment in modern workspaces where power, efficiency, and space-savings are essential.","Intel Core Ultra 5 225, 10C (6P + 4E) / 10T, Max Turbo up to 4.9GHz, 20MB Intel Smart Cache
16GB CSODIMM DDR5-6400 Non-ECC
1TB SSD M.2 2280 PCIe 5.0 x4 Performance NVMe Opal
Integrated Intel Graphics + 1x NVIDIA RTX A400 4GB
Windows 11 Pro, English","https://www.mmt.com.au/Files/Uploads/ThinkStation_P3_Tiny_Gen_2_CT1_0.jpg","https://www.mmt.com.au/Files/Uploads/ThinkStation_P3_Tiny_Gen_2_CT1_0.jpg","https://www.mmt.com.au/Files/Uploads/ThinkStation_P3_Tiny_Gen_2_CT1_0.jpg","MELBHO","4","25*13*49","Current Stock","1","","199273209156"
"325B1L","325B1L","Philips","13L","Philips 325B1L 32"" 16:9 QHD IPS","459.00","375","0","Display","Monitors","Get your best work done with this Philips monitor. Crystal-clear QHD gives the space and clarity for your work. Loaded with features to improve productivity and sustainability.","LightSensor for the perfect brightness with minimal power
Crystalclear images with Quad HD 2560 x 1440 pixels
IPS technology for full colors and wide viewing angles
Less eye fatigue with Flicker-free technology
EasyRead mode for a paper-like reading experience
Built-in stereo speakers for multimedia","https://www.mmt.com.au/Files/Product assets/Images/13L/325B1L.jpg","https://www.mmt.com.au/Files/Product assets/Images/13L/325B1L.jpg","https://www.mmt.com.au/Files/Product assets/Images/13L/325B1L.jpg","MELBHO","24","18*56*93","EOL","2","","8712581774707"
"32B1U3900","32B1U3900","Philips","13L","Philips Business Monitor 4K UHD monitor","679.00","489.68","66","Display","Monitors","This 32-inch monitor showcases beautiful imagery in 4K resolution and a 1.074 billion color gamut. In addition, its USB-C connection allows you to easily connect peripherals during a busy workday.","Built in USB-C docking station
VA display delivers awesome images with wide viewing angles
1.074 billion colors for smooth color gradations and detail
UltraClear 4K UHD (3840x2160) resolution for precision
SmartImage presets for easy optimized image settings
DisplayPort connection for maximum visuals
HDMI ensures universal digital connectivity
Less eye fatigue with Flicker-free technology
LowBlue Mode for easy on-the-eyes productivity
Built-in stereo speakers for multimedia
SmartErgoBase enables people-friendly ergonomic adjustments
EasyRead mode for a paper-like reading experience","https://www.mmt.com.au/Files/Product assets/Images/13L/32B1U3900.jpg","https://www.mmt.com.au/Files/Product assets/Images/13L/32B1U3900.jpg","https://www.mmt.com.au/Files/Product assets/Images/13L/32B1U3900.jpg","MELBHO","23.5","56*18*93","Current Stock","1","","8721038003468"
"32B2N3500","32B2N3500","Philips","13L","Philips 32B2N3500 32"" 16:9 QHD IPS","449.00","299.52","25","Display","Monitors","Speed through daily tasks in comfort with this monitor's SoftBlue technology, Quad HD resolution, and 100Hz refresh rate. Not to mention, SmartErgoBase adds an ergonomic touch to the monitor's feature list.","IPS LED wide view technology for image and color accuracy
Crystalclear images with Quad HD 2560 x 1440 pixels
100Hz refresh rates for ultra-smooth images
1.07 billion colors for smooth color gradations and detail
SoftBlue Technology: for comfortable viewing
Less eye fatigue with Flicker-free technology
Smart Link Sync: Matches primary display on second screen
Eyesafe certified blue light protection and color accuracy
SmartErgoBase enables people-friendly ergonomic adjustments
Ultra Slim Bezel: for minimal edges and more screen
HDMI ensures universal digital connectivity
VESA mount for convenience","https://www.mmt.com.au/Files/Product assets/Images/13L/32B2N3500.jpg","https://www.mmt.com.au/Files/Product assets/Images/13L/32B2N3500.jpg","https://www.mmt.com.au/Files/Product assets/Images/13L/32B2N3500.jpg","MELBHO","17.14","51*16*84","Current Stock","1","","8721038007084"
"32B2U3601H","32B2U3601H","Philips","13L","Philips 32B2U3601H 32"" 16:9 QHD IPS","649.00","428.75","47","Display","Monitors","Speed through daily tasks in comfort with this monitor's SoftBlue technology and 100Hz refresh rate. Productivity-enhancing features like USB-C and pop-up webcam with Windows Hello deliver the performance and convenience you expect.","Crystalclear images with Quad HD 2560 x 1440 pixels
100Hz refresh rates for ultra-smooth images
1.07 billion colors for smooth color gradations and detail
SoftBlue Technology: for comfortable viewing
Built-in stereo speakers for multimedia
Less eye fatigue with Flicker-free technology
Eyesafe certified blue light protection and color accuracy
Smart Link Sync: for uniform daisy-chained displays
Adjustable Webcam: for video conferencing in comfort.
Windows Hello Certified Seamless, Secure Access
RJ-45 to USB-C gives easy network connection with security","https://www.mmt.com.au/Files/Product assets/Images/13L/32B2U3601H.jpg","https://www.mmt.com.au/Files/Product assets/Images/13L/32B2U3601H.jpg","https://www.mmt.com.au/Files/Product assets/Images/13L/32B2U3601H.jpg","MELBHO","17.14","51*16*84","Current Stock","1","","8721038007077"
"32E1N1100L","32E1N1100L","Philips","13L","Philips 32E1N1100L 32"" 16:9 FHD IPS","279.00","211.22","0","Display","Monitors","Experience productivity in Full HD. This monitor is equipped with essentials for the workplace, such as LowBlue mode to protect the eyes, and 1ms MPRT for sharp visuals.","VA display gives awesome images with wide viewing angle
16:9 Full HD display for crisp detailed images
SmartContrast for deep black level details
LowBlue mode and Flicker-free easy-on-the eyes viewing
EasySelect menu toggle key for quick on-screen menu access
HDMI ensures universal digital connectivity
Effortlessly smooth action with Adaptive-Sync technology
1ms (MPRT) fast response for crisp image and smooth gameplay
100Hz refresh rates for ultra-smooth images
EasyRead mode for a paper-like reading experience
VESA mount for convenience","https://www.mmt.com.au/Files/Product assets/Images/13L/32E1N1100L.jpg","https://www.mmt.com.au/Files/Product assets/Images/13L/32E1N1100L.jpg","https://www.mmt.com.au/Files/Product assets/Images/13L/32E1N1100L.jpg","MELBHO","15.53","51*14*87","Current Stock","1","13/07/2026",""
"32E1N1800LA","32E1N1800LA","Philips","13L","Philips 32E1N1800LA 32"" 16:9 4K UHD VA","429.00","291.45","19","Display","Monitors","This 32-inch monitor is made for clear visuals wit hits UltraClear 4K UHD resolution, HDR imagery, and VA display. With all these features in mind, you can expect images that are high-quality and crisp.","VA display delivers awesome images with wide viewing angles
UltraClear4KUHD(3840x2160) resolution for precision
High Dynamic Range(HDR) for more lifelike colorful visuals Features designed for you
LowBlue mode and Flicker-free easy-on-the eyes viewing
EasyRead mode for a paper-like reading experience
EasySelect menu toggle key for quick on-screen menu access
Built-in stereo speakers for multimedia
Display Port connection for maximum visuals
HDMI ensures universal digital connectivity
VESA mount for convenience","https://www.mmt.com.au/Files/Product assets/Images/13L/32E1N1800LA.jpg","https://www.mmt.com.au/Files/Product assets/Images/13L/32E1N1800LA.jpg","https://www.mmt.com.au/Files/Product assets/Images/13L/32E1N1800LA.jpg","MELBHO","16","51*14*87","Current Stock","1","","8721038000801"
"32E1N3500","32E1N3500","Philips","13L","Philips 32E1N3500 32"" 16:9 QHD","395.00","236.51","0","Display","Monitors","Experience productivity in Quad HD. This monitor is equipped with essentials for the workplace, such as LowBlue mode to protect the eyes, IPS LED wide view technology for high-quality imagery, and 1ms MPRT for sharp visuals.","IPS LED wide view technology for image and color accuracy
Crystalclear images with Quad HD 2560 x 1440 pixels
SmartContrast for deep black level details
High Dynamic Range (HDR) for more lifelike colorful visuals
LowBlue mode and Flicker-free easy-on-the eyes viewing
HDMI ensures universal digital connectivity
DisplayPort connection for maximum visuals
Effortlessly smooth action with Adaptive-Sync technology
1ms (MPRT) fast response for crisp image and smooth gameplay
100Hz refresh rates for ultra-smooth images
EasyRead mode for a paper-like reading experience","https://www.mmt.com.au/Files/Product assets/Images/13L/32E1N3500.jpg","https://www.mmt.com.au/Files/Product assets/Images/13L/32E1N3500.jpg","https://www.mmt.com.au/Files/Product assets/Images/13L/32E1N3500.jpg","MELBHO","20.77","52*17*94","Current Stock","1","13/07/2026",""
"32M2C3500L","32M2C3500L","Philips","13L","Philips 32M2C3500L 32"" QHD Curved","419.00","336.73","0","Display","Monitors","This Fast VA monitor allows you to game with ultimate precision and speed at 180Hz. With sharp HDR quality imagery, curved frame, and Quad HD resolution guaranteed, this monitor produces an excellent all-around gaming experience.","180Hz refresh rates for ultra-smooth, brilliant images
Low input lag reduces time delay between devices to monitor
0.5 ms ultra-fast speed for crisp image and smooth gameplay
Fast VA Panel: For sharp imagery at high frame rates
Curved display design for more immersive experience
Crystalclear images with Quad HD 2560 x 1440 pixels
High Dynamic Range (HDR) for more lifelike colorful visuals
SmartContrast for rich black details
LowBlue mode and Flicker-free easy-on-the eyes viewing
EasySelect menu toggle key for quick on-screen menu access
SmartImage game mode optimized for gamers
Smart Crosshair: for better aim and more fun
Effortlessly smooth gameplay with AMD FreeSyncĀ™ technology","https://www.mmt.com.au/Files/Product assets/Images/13L/32M2C3500L.jpg","https://www.mmt.com.au/Files/Product assets/Images/13L/32M2C3500L.jpg","https://www.mmt.com.au/Files/Product assets/Images/13L/32M2C3500L.jpg","MELBHO","21.15","53*19*84","Current Stock","1","13/07/2026","8721038002812"
"32S510M","32S510M","Chiq","GROUP81","CHiQ 32S510M 32"" HD Google TV - NEW MODEL","269.00","209","10","","New Products","Google TV smart TVs and streaming devices bring together everything you stream on one screen. Soyou can find what to watch without jumping from app to app.","Personal Google Assistant is always ready to help.
A global online store to find, enjoy, and share your favourite apps, games, movies, music, and books on all your favourite devices.
Watch thousands of TV shows, movies, and Netflix original programming on your TV.
See what the world is watching, the hottest music videos, news and more.
Enjoy thousands of online streaming videos with Amazon Prime Video.
Cast your favourite entertainment content from your Android or iOS device with Google Cast / DLAN / Airplay.
High-dynamic-range video. Key feature of HDR video are brighter whites, deeper blacks.
Superior sound enhancement from the TV-audio experts.
Bluetooth 5.0 can transmit eight times more data, at twice the speed, across four times the range than Bluetooth 4.2.
HLG is designed for broadcast cable, satellite and live TV. It uses multiple routes to progress picture quality and produce vivid images.
Dolby Audio uses advanced processing technology to create a dynamic audio experience.
2.4GHz/5GHz dual-band Wi-Fi is available, your CHiQ TV can connect to either the 2.4 or 5 GHz networks.
With personal profiles, discover new favorites with recommendations just for you. Save shows and movies to your personal watchlist. Create a space for kids that's all their own, with watch limits, bedtimes and more.
The 8GB of ROM stores more content and which supports a very fluent operation.
The powerful quad core A55 enables smoother and more stable images to improve the users viewing experience.
Graphics Processing Unit: Mail G31 image processing has 2 cores which makes transmission faster. The result is superb images.
Thinner borders, larger display. Picture or video occupies the whole TV screen. The picture seems bigger than regular televisions.","https://www.mmt.com.au/Files/Uploads/32S510Mmain.png","https://www.mmt.com.au/Files/Uploads/32S510Mmain.png","https://www.mmt.com.au/Files/Uploads/32S510Mmain.png","MELBHO","4.5","79.3*95*48.5","Current Stock","1","",""
"34B1U5600CH","34B1U5600CH","Philips","13L","Philips 34B1U5600CH 34"" UQHD VA Curved","899.00","709.46","0","Display","Monitors","This USB-C monitor is for video watching, data transfer and power delivery. The integrated 5MP webcam delivers sharp images, and noise cancelling mic let people hear you fine. Windows Hello Webcam for quick access and strong security.","RJ-45 to USB-C gives easy network connection with security
VA display delivers awesome images with wide viewing angles
CrystalClear images with UltraWide QHD 3440 x 1440 pixels
Built-in KVM switch to easily switch between sources
MultiView enables simultaneous dual connection and view","https://www.mmt.com.au/Files/Product assets/Images/13L/34B1U5600CH.jpg","https://www.mmt.com.au/Files/Product assets/Images/13L/34B1U5600CH.jpg","https://www.mmt.com.au/Files/Product assets/Images/13L/34B1U5600CH.jpg","MELBHO","30","53*23*98","Current Stock","1","20/07/2026","8712581801304"
"34B2U3600C","34B2U3600C","Philips","13L","Philips 34B2U3600C 34"" 21:9 WQHD VA","599.00","423.65","0","Display","Monitors","This monitor is all about quality. With its WQHD resolution, Smart KVM switch, and USB-C to RJ45 connectivity, it is the ideal option for switching between sources and connecting to the internet without compromising on picture quality.","VA display gives awesome images with wide viewing angle
1.07 billion colors for smooth color gradations and detail
Curved display design for more immersive experience
Built-in stereo speakers for multimedia
Eyesafe certified blue light protection and color accuracy
MultiView enables simultaneous dual connection and view
Tilt, swivel and height-adjust for an ideal viewing position
SmartKVM: for easily switching between sources.
Less eye fatigue with Flicker-free technology
SoftBlue Technology: for comfortable viewing
RJ-45 to USB-C gives easy network connection with security","https://www.mmt.com.au/Files/Product assets/Images/13L/34B2U3600C.jpg","https://www.mmt.com.au/Files/Product assets/Images/13L/34B2U3600C.jpg","https://www.mmt.com.au/Files/Product assets/Images/13L/34B2U3600C.jpg","MELBHO","22.97","52*19*93","Current Stock","1","","8721038004915"
"34B2U5600C","34B2U5600C","Philips","13L","Philips 34B2U5600C 34"" Ultrawide Monitor","749.00","543.15","95","Display","Monitors","This USB-C monitor is for video watching, data transfer and power delivery. The34""curved UltraWide display gives warp-around view of your work. All-in-one USB-C and ergonomic stand design make for optimal working conditions. Eye comfort features with TUV certificated to reduce eye fatigue.","RJ-45 to USB-C gives easy network connection with security
USB 3.2 high speed data transfer
VA display delivers awesome images with wide viewing angles
CrystalClear images with UltraWide QHD 3440 x 1440 pixels
Built-in KVM switch to easily switch between sources
MultiView enables simultaneous dual connection and view
Tilt, swivel and height-adjust for an ideal viewing position
TUV Eye Comfort certified to reduce eye fatigue
Earphone Hook: for customizable storage
PowerSensor saves up to 80% energy costs
LightSensor for the perfect brightness with minimal power","https://www.mmt.com.au/Files/Product assets/Images/13L/34B2U5600C.jpg","https://www.mmt.com.au/Files/Product assets/Images/13L/34B2U5600C.jpg","https://www.mmt.com.au/Files/Product assets/Images/13L/34B2U5600C.jpg","MELBHO","25","53*19*98","Current Stock","1","","8721038001204"
"34B2U6603CH","34B2U6603CH","Philips","13L","Philips 34B2U6603CH 34"" 21:9 WQHD VA","1249.00","921.83","0","Display","Monitors","This monitor introduces you to lightning-fast connectivity. With its Thunderbolt 4 port, Smart KVM feature, and Display HDR 400 qualification, this combination offers power delivery, source switching, and beautiful imagery in one monitor.","VA display delivers awesome images with wide viewing angles
DisplayHDR 400 for more lifelike and outstanding visuals
Curved display design for more immersive experience
SmartKVM: for easily switching between sources.
CrystalClear images with UltraWide QHD 3440 x 1440 pixels
Collaboration-ready webcam with noise-cancelling mic.
Adjustable Webcam: for video conferencing in comfort.
AI-enhanced Webcam Autoframing: for dynamic video calls.
Earphone Hook: for customizable storage
Busylight: for setting your working status
PowerSensor 2: for optimized energy efficiency
Thunderbolt 4 Connection: for lightning-fast connectivity","https://www.mmt.com.au/Files/Product assets/Images/13L/34B2U6603CH.jpg","https://www.mmt.com.au/Files/Product assets/Images/13L/34B2U6603CH.jpg","https://www.mmt.com.au/Files/Product assets/Images/13L/34B2U6603CH.jpg","MELBHO","24.21","52*19*98","Current Stock","1","","8721038003932"
"34E1C5600HE","34E1C5600HE","Philips","13L","Philips 34E1C5600HE 34"" U-Wide Monitor","699.00","518.7","49","Display","Monitors","This Philips monitor is designed for the remote work environment. The integrated 5MP webcam delivers sharp images, and noise cancelling mic helps people hear you loud and clear. Windows Hello Webcam for quick access and strong security.","UltraWide Crystal Clear images
USB-C connection
Built-in stereo speakers
Ultra Wide-Color Technology
Webcam & noise cancelling mic
MultiView technology
LowBlue Mode & Flicker-free
LCD panel type: VA LCD
Panel Size: 34 inch / 86.36 cm
Backlight type: W-LED system
Maximum resolution: 3440 x 1440 @ 100 Hz
Viewing angle: 178º (H) / 178º (V), @ C/R > 10","https://www.mmt.com.au/Files/Product assets/Images/13L/34E1C5600HE.jpg","https://www.mmt.com.au/Files/Product assets/Images/13L/34E1C5600HE.jpg","https://www.mmt.com.au/Files/Product assets/Images/13L/34E1C5600HE.jpg","MELBHO","27.5","51*22*98","Current Stock","1","","8712581800185"
"34M2C3500L","34M2C3500L","Philips","13L","Philips 34M2C3500L 34"" QHD Curved","499.00","359.47","14","Display","Monitors","This Fast VA monitor allows you to game with ultimate precision and speed at 180Hz. With sharp HDR quality imagery, curved frame, and WQHD resolution guaranteed, this monitor produces an excellent all-around gaming experience.","• 180Hz refresh rate for ultra‑smooth, responsive gameplay
 • Low input lag reduces delay between input devices and on‑screen response
 • Up to 0.5 ms (MPRT) response time for reduced motion blur
 • Fast VA panel for sharp imagery and high contrast at high frame rates
 • Curved display design enhances immersion
 • CrystalClear UltraWide QHD 3440 × 1440 resolution
 • HDR‑compatible visuals deliver improved contrast and image depth
 • SmartContrast for rich black detail
 • LowBlue mode and Flicker‑Free technology for eye comfort
 • EasySelect menu toggle for fast on‑screen access
 • SmartImage Game modes optimized for different gaming styles
 • Smart Crosshair enhances aiming precision","https://www.mmt.com.au/Files/Product assets/Images/13L/34M2C3500L.jpg","https://www.mmt.com.au/Files/Product assets/Images/13L/34M2C3500L.jpg","https://www.mmt.com.au/Files/Product assets/Images/13L/34M2C3500L.jpg","MELBHO","22","48*19*93","Current Stock","1","","8721038002355"
"3B4Q5AA","3B4Q5AA","HP","14M","HP 435 Multi-Device Wireless Mouse","53.90","30","77","Components","Mice","Work seamlessly with a versatile and customizable mouse that is responsibly made. Enhance your experience by connecting with up to two devices and moving content across operating systems. Be at your best with programmable buttons, ergonomic design, and battery life that lasts up to 24 months. Plus, enjoy the freedom to work on most surfaces with a Multi-Surface Sensor technology.","Bluetooth or USB-A nano dongle
24 month battery life
4 customizable buttons
Adjustable-speed scroll wheel and cursor tracking
Up to 4000 dpi","https://www.mmt.com.au/Files/Product assets/Images/14M/3B4Q5AA.jpg","https://www.mmt.com.au/Files/Product assets/Images/14M/3B4Q5AA.jpg","https://www.mmt.com.au/Files/Product assets/Images/14M/3B4Q5AA.jpg","MELBHO","0.2","5*11*14","Current Stock","1","","195908246633"
"3E2U5UT","3E2U5UT","HP","15B","HP Renew Business 17"" Backpack","64.90","46","3","Computers","Bags, Cases & Covers","Now you can feel good about the backpack you use to protect your laptop. Designed to keep your laptop protected and accessories organized, the Renew Business 17.3-inch Laptop Backpack uses environmentally-responsible materials that are durable, easy to clean and designed for comfort.","","https://www.mmt.com.au/Files/Product assets/Images/15B/3E2U5UT.jpg","https://www.mmt.com.au/Files/Product assets/Images/15B/3E2U5UT.jpg","https://www.mmt.com.au/Files/Product assets/Images/15B/3E2U5UT.jpg","MELBHO","3.49","9*31*50","EOL","2","","195908382058"
"3E5F9AA","3E5F9AA","HP","15B","HP Renew Business 14"" Laptop Bag","42.90","30","163","Computers","Bags, Cases & Covers","Now you can feel good about the bag you use to protect your laptop. Designed to keep your laptop protected and accessories organized, the Renew Business 14.1-inch Laptop Bag uses environmentally-responsible materials that are durable, easy to clean and designed for comfort.","HP 14.1 Renew Business Slim Top Load Laptop Bag - Supports up to 14.1"" Devices - Top Load - 3E5F9AA - (replacement of 2SC65AA)
Manufacturer Warranty: 12 Months Limited Warranty
Manufacturer Contact Info: http://www.hp.com, 13 10 47","https://www.mmt.com.au/Files/Product assets/Images/15B/3E5F9AA.jpg","https://www.mmt.com.au/Files/Product assets/Images/15B/3E5F9AA.jpg","https://www.mmt.com.au/Files/Product assets/Images/15B/3E5F9AA.jpg","MELBHO","1.523","5*29*42","Current Stock","1","","195908323020"
"3Z726AA","3Z726AA","HP","14K","HP 975 Wireless Keyboard 3Z726AA","240.90","159","420","Components","Keyboards","CLEARANCE
Now you can make your keyboard truly yours while enjoying an elevated typing experience. That's because you can connect up to 3 devices either via Bluetooth® or USB-A. We've also included many must-have features like comfortable, quiet, soft return keys, 20+ of which can be programmed with shortcuts, controllable smart backlight, and a long life, rechargeable battery.","Sku 3Z726AA
Minimum Dimensions (W X D X H) 4.61 x 16.92 x 0.48 in
Dimensions Without Stand (W X D X H) 11.71 x 42.97 x 1.22 cm
Battery Type Rechargeable Li-Ion Battery - 2;000 mAh
Compatible with PCs with available USB-A port and Bluetooth® connectivity.
1 Year Limited Warranty (Return to HP/Dealer - Standard Bench Repair & Phone-in Assistance)","https://www.mmt.com.au/Files/Product assets/Images/14K/3Z726AA.jpg","https://www.mmt.com.au/Files/Product assets/Images/14K/3Z726AA.jpg","https://www.mmt.com.au/Files/Product assets/Images/14K/3Z726AA.jpg","MELBHO","1.1","4*45*15","Clearance","3","","195908664550"
"40AF0135AU","40AF0135AU","Lenovo","15LDC","Lenovo ThinkPad Hybrid USB-C WITH USB-A Dock DP(2), HDMI(2), LAN, USB-C(1), USB(5), 90W, 3YR","399.00","229","62","Computers","Laptop Docking and Cradles","","Enterprise-class capabilities with PXE boot, Wake-On-Lan, and MAC address pass-through
Supports ThinkPad RapidCharge
Connects with up to dual UHD 4K display with DP and HDMI ports
Delivers up to 10Gbps data transfer speed on 3 x USB 3.1 ports","https://www.mmt.com.au/Files/Images/Product Images/40AF0135AU.png","https://www.mmt.com.au/Files/Images/Product Images/40AF0135AU.png","https://www.mmt.com.au/Files/Images/Product Images/40AF0135AU.png","MELBHO","1.4","9*17*27","Current Stock","1","","191999788427"
"40AY0090AU","40AY0090AU","Lenovo","15LDC","Lenovo ThinkPad USB-C Dock Universal DP(2), HDMI(1), USBC(1), USB(3), 90W, 3YR","368.00","205","71","Computers","Laptop Docking and Cradles","The ThinkPad Universal USB-C Dock comes packed with basic and advanced solutions engineered to make managing an entire fleet of docks effortlessly efficient. It could support traditional IT tools like: PXE boot, WOL, and MAC address Pass Through on ThinkPad Notebooks, but also provide silent firmware updates. Silent reboots. Remote device queries. It's an IT manager's dream.","One Dock. No Limits;
Engineered for performance, the ThinkPad Universal USB-C Dock quickly pays for itself with increased productivity, enhanced dynamic power charging to Notebook, max 100W charging. If you can think it, your dock can do it;
One Cable. No Hassle;
With 11+ thoughtfully placed ports, the ThinkPad Universal USB-C Dock delivers unmatched performance while decluttering your desk;
Entire Fleet. One Manager","https://www.mmt.com.au/Files/Images/Product Images/40AY0090AU.png","https://www.mmt.com.au/Files/Images/Product Images/40AY0090AU.png","https://www.mmt.com.au/Files/Images/Product Images/40AY0090AU.png","MELBHO","1.02","8*16*21","Current Stock","1","","195348191975"
"40B00135AU","40B00135AU","Lenovo","15LDC","Lenovo Universal Thunderbolt 4 Dock 4K HDMI(1), DP(2), USB(4), TB(1), 100W PD, 3YR","465.00","349","4","Computers","Laptop Docking and Cradles","Enterprise-Grade Universal Thunderbolt 4 Docking Experience: ThinkPad Universal Thunderbolt 4 Dock delivers reliable and consistent industry leading video, data and power connectivity in a Windows based mixed-PC environment. Maximize Your Productivity: Expand your horizon with versatile 8K display support or multiple 4K displays support, silent firmware upgrades, VPro/AMT support and transfer data at lightning fast 40Gbps.","The ThinkPad Universal Thunderbolt 4 Dock supports upto 100W PD
Single 8K@30Hz or upto 4 4K@60HZ display support
Silent firmware upgrades
vPro/AMT Pass through support
Data transfer rates upto 40 Gbps (depending on host system and peripheral processing capability, file attributes, and other configuration and operating environment factors)
135W adapter, 1x power cord, standard Thunderbolt cable","https://www.mmt.com.au/Files/Images/Product Images/40B00135AU.png","https://www.mmt.com.au/Files/Images/Product Images/40B00135AU.png","https://www.mmt.com.au/Files/Images/Product Images/40B00135AU.png","MELBHO","1.3","8*17*28","Current Stock","1","","195348677448"
"40B00135AU+Q","40B00135AU+Q","Lenovo","15AD","BOX OPENED Lenovo ThinkPad Universal Thunderbolt 4 Dock 40B00135AU","465.00","349","1","Computers","Docking Stations","UNIT IN NEW CONDITION","The ThinkPad Universal Thunderbolt 4 Dock supports upto 100W PD
Single 8K@30Hz or upto 4 4K@60HZ display support
Silent firmware upgrades
vPro/AMT Pass through support
Data transfer rates upto 40 Gbps (depending on host system and peripheral processing capability, file attributes, and other configuration and operating environment factors)
135W adapter, 1x power cord, standard Thunderbolt cable","https://www.mmt.com.au/Files/Uploads/40B00135AU+Q 1.jpg","https://www.mmt.com.au/Files/Uploads/40B00135AU+Q 1.jpg","https://www.mmt.com.au/Files/Uploads/40B00135AU+Q 1.jpg","MELBHO","1.3","8*17*28","Clearance","3","","4580551376268"
"40B00300AU","40B00300AU","Lenovo","15LDC","Lenovo Thunderbolt 4 Workstation HDMI(1), DP(2), USB(4), USBC(1), LAN, 230W PD, 3YR","629.00","499","3","Computers","Laptop Docking and Cradles","Premium Thunderbolt™ 4 Docking Experience: ThinkPad Thunderbolt 4 Workstation Dock delivers reliable and consistent industry leading video, data and power connectivity; Maximize Your Productivity: Expand your horizon with versatile 8K display support or multiple 4K displays support, Upto 230W Power Delivery to Workstation, silent firmware upgrades, VPro/AMT support and transfer data at lightning fast 40Gbps. The ThinkPad Thunderbolt 4 Workstation Dock is future-proof and fully loaded to take your productivity, efficiency and creativity to the peak.","The ThinkPad Thunderbolt™ 4 Workstation Dock supports upto 230W PD.
Single 8K@30Hz or upto 4 4K@60HZ display support.
Silent firmware upgrades, vPro/AMT pass through support, and data transfer rates upto 40Gbps (depending on host system and peripheral processing capability, file attributes, and other configuration and operating environment factors).","https://www.mmt.com.au/Files/Images/Product Images/40B00300AU.png","https://www.mmt.com.au/Files/Images/Product Images/40B00300AU.png","https://www.mmt.com.au/Files/Images/Product Images/40B00300AU.png","MELBHO","0.93","7*28*19","Current Stock","1","","195348677257"
"40BA0265AU","40BA0265AU","Lenovo","15LDC","Lenovo ThinkPad Thunderbolt 5 Smart Dock 7500 DP(2), HDMI(1), USB(3), USBC(2), TB(2), 180W PD, 3YR","619.00","481","0","Computers","Laptop Docking and Cradles","New Generation Docking Station Power House. The robust way to maximize productivity and the workspace, the brand new ThinkPad® Thunderbolt™ 5 Smart Dock 7500 is the flagship in our new series of docks offering a smarter way to work. Capable of driving up to three 8K 60Hz displays and up to 120Gbps data speeds, the dock ushers in the next generation of Intel® Thunderbolt™ 5 connectivity for commercial users and new generation cloud-based management console powered by AWS for IT managers.","The ThinkPad® Thunderbolt™ 5 Smart Dock 7500 support upto 180W PD 3.1 charge power;
3 x 8K@60Hz + 1 x 4K@60Hz or 2 x 4K@240Hz + 2 x 4K@120Hz display support;
Data transfer speed up to 80Gbps in standard mode or 120Gbps in Bandwidth Boost mode;
Support vPro / AMT Pass Through;
2.5Gb Ethernet supports WOL, PXE Boot, MAC address pass through on ThinkPad Notebooks;
Fleet Smart Management with Lenovo™ Accessories Fleet Manager (LAFM);
Universal Dock Compatibility a cross different Operating Systems, Windows, Linux, macOS 15 Sequoia and above","https://www.mmt.com.au/Files/Images/Product Images/40BA0265AU 3.png","https://www.mmt.com.au/Files/Images/Product Images/40BA0265AU 3.png","https://www.mmt.com.au/Files/Images/Product Images/40BA0265AU 3.png","MELBHO","1.69","7.5*16.5*25.5","Order to Order","4","",""
"40BC0100AU","40BC0100AU","Lenovo","15LDC","Lenovo ThinkPad USB4 Smart Dock 5500 DP(2), HDMI(1), USB(4), USBC(2), 65W PD, 3YR","339.00","280","0","Computers","Laptop Docking and Cradles","Designed to enhance everyday productivity, the Lenovo™ ThinkPad® USB4 Smart Dock 5500 is at the cutting edge of our new series of USB docks, offering a smarter way to work. With the brand new Lenovo Accessories Fleet Manager(LAFM) powered by AWS for IT manager, and the dock have 40Gbps bandwidth with USB4 upstream connectivity to your laptop, that allows you to extend your monitor setup with more pixels and higher refresh rates.","The ThinkPad® USB4 Smart Dock 5500 supports 65W PD 3.1 charge power;
Data speed up to 40Gbps to system;
1 x 8K@60Hz or 4 x 4K@60Hz display support;
1Gb Ethernet, support WOL, PXE Boot, MAC address pass thru on ThinkPad Notebooks;
Fleet Smart Management with Lenovo™ Accessories Fleet Manager (LAFM);
Universal Dock Compatibility a cross different Operating System","https://www.mmt.com.au/Files/Images/Product Images/40BC0100AU 3.png","https://www.mmt.com.au/Files/Images/Product Images/40BC0100AU 3.png","https://www.mmt.com.au/Files/Images/Product Images/40BC0100AU 3.png","MELBHO","1.5","6.4*27*19.5","Order to Order","4","",""
"40BC0135AU","40BC0135AU","Lenovo","15LDC","Lenovo ThinkPad USB4 Smart Dock 5500 DP(2), HDMI(1), USB(4), USBC(2), 135W PD, 3YR","339.00","299","8","Computers","Laptop Docking and Cradles","Designed to enhance everyday productivity, the Lenovo™ ThinkPad® USB4 Smart Dock 5500 is at the cutting edge of our new series of USB docks, offering a smarter way to work. With the brand new Lenovo Accessories Fleet Manager(LAFM) powered by AWS for IT manager, and the dock have 40Gbps bandwidth with USB4 upstream connectivity to your laptop, that allows you to extend your monitor setup with more pixels and higher refresh rates.","The ThinkPad® USB4 Smart Dock 5500 With the latest USB4 technology, makes the connectivity performance quadrupled compare to USB-C 3.2 Gen 2, with up to 40 Gbps bandwidth, you can have up to either one Ultra-High Resolution 8K 60Hz Displays or two 4K 144Hz High Refresh Rate monitor setup to fully extend your Lenovo laptop to a compute platform with all different kinds of Peripheral Devices. It supports PD 3.1 and output up to 100W to give a fast charge to your laptop, you can expand the potential of your workspace with ease.
Universal Dock Compatibility a cross different Operating System.
With Lenovo™ Accessories Fleet Manager (LAFM), the New Gen Cloud-Based Intelligent Manageability runs on Web Browser, can let IT manager to Manage, Update, Configure and Dignostic their dock fleet in a Flexible, Efficient and Convenient way at anytime, anywhere with ease.","https://www.mmt.com.au/Files/Images/Product Images/40BC0135AU 2.png","https://www.mmt.com.au/Files/Images/Product Images/40BC0135AU 2.png","https://www.mmt.com.au/Files/Images/Product Images/40BC0135AU 2.png","MELBHO","1.5","6.4*27*19.5","Order to Order","4","",""
"40BE0135AU","40BE0135AU","Lenovo","15LDC","Lenovo ThinkPad TB4 Smart Dock G2 7500 DP(2), HDMI(1), USB(4), USB-C(2), 100W PD, 3YR","459.00","345","0","Computers","Laptop Docking and Cradles","New Generation ThinkPad Thunderbolt 4 Smart Dock; The ThinkPad Thunderbolt 4 Smart Dock Gen 2 7500 is a refresh of its Thunderbolt 4 Smart Dock Predecessor, Best for business professionals, IT decision-makers, and creative professionals who need Premium PC experience with multiple displays setup, secure and reliable connections for intensive tasks. Capable of driving up to 8K 60Hz display and 40Gbps data speed, and new generation cloud-based management console powered by AWS for IT managers.","The ThinkPad® Thunderbolt™ 4 Smart Dock 7500 with up to 40 Gbps bandwidth, you can have one Ultra-High Resolution 8K 60Hz Displays or two 4K 144Hz High Refresh Rate monitors setup, to fully extend your laptop to a powerful work platform with all different kinds of Peripheral Devices. It supports PD 3.1 and output up to 100W to give a fast-charge to your laptop, you can drastically expand the potential of your workspace with ease.
Universal Dock Compatibility a cross different Operating System.
With Lenovo™ Accessories Fleet Manager (LAFM), the New Gen Cloud-Based Intelligent Manageability runs on Web Browser, can let IT manager to Manage, Update, Configure and Diagnostic their dock fleet in a Flexible, Efficient and Convenient way at anytime, anywhere with ease.","https://www.mmt.com.au/Files/Images/Product Images/40BE0135AU 3.png","https://www.mmt.com.au/Files/Images/Product Images/40BE0135AU 3.png","https://www.mmt.com.au/Files/Images/Product Images/40BE0135AU 3.png","MELBHO","1.26","7.58*14.1*23.78","Order to Order","4","",""
"40BF0100AU","40BF0100AU","Lenovo","15LDC","Lenovo ThinkPad USB4 Dock 5000 DP(2), HDMI(1), USB(4), USBC(2), 65W PD, 3YR","299.00","239","0","Computers","Laptop Docking and Cradles","Designed to enhance everyday productivity, the Lenovo™ ThinkPad® USB4 Dock 5000 is the Successor of our famous Universal USB-C Dock equipped with cutting edge USB4 Technology, The dock can connect to your laptop with 40Gbps bandwidth USB4 upstream connectivity, that allows you to extend your monitor setup with more pixels and higher refresh rates. It can output 65W charge power to your laptop with 100W power adapter, or you can choose a 135W power adapter to boost the charge power up to 100W to you laptop.","The ThinkPad® USB4 Dock 5000 with the latest USB4 technology, makes the connectivity performance quadrupled compare to USB-C 3.2 Gen 2, with up to 40 Gbps bandwidth, you can have up to either one Ultra-High Resolution 8K 60Hz Displays or two 4K 144Hz High Refresh Rate monitor setup to fully extend your Lenovo laptop to a compute platform with all different kinds of Peripheral Devices. It supports PD 3.1 and output up to 100W to give a fast charge to your laptop, you can expand the potential of your workspace with ease.
It is also a Universal Compatible Dock a cross different Operating System.","https://www.mmt.com.au/Files/Images/Product Images/40BF0100AU.png","https://www.mmt.com.au/Files/Images/Product Images/40BF0100AU.png","https://www.mmt.com.au/Files/Images/Product Images/40BF0100AU.png","MELBHO","1","7.7*14.5*24","Current Stock","1","",""
"40S510M","40S510M","Chiq","GROUP81","CHiQ 40S510M 40"" FHD Google TV - NEW MODEL","349.00","299","10","","New Products","GoogleTVsmartTVsandstreaming devicesbringtogethereverything youstreamononescreen.Soyou canfindwhat towatchwithout jumpingfromapptoapp.","Personal Google Assistant is always ready to help.
A global online store to find, enjoy, and share your favourite apps, games, movies, music, and books on all your favourite devices.
Watch thousands of TV shows, movies, and Netflix original programming on your TV.
See what the world is watching, the hottest music videos, news and more.
Enjoy thousands of online streaming videos with Amazon Prime Video.
Cast your favourite entertainment content from your Android or iOS device with Google Cast / DLAN / Airplay.
High-dynamic-range video. Key feature of HDR video are brighter whites, deeper blacks.
Superior sound enhancement from the TV-audio experts.
Bluetooth 5.0 can transmit eight times more data, at twice the speed, across four times the range than Bluetooth 4.2.
HLG is designed for broadcast cable, satellite and live TV. It uses multiple routes to progress picture quality and produce vivid images.
Dolby Audio uses advanced processing technology to create a dynamic audio experience.
2.4GHz/5GHz dual-band Wi-Fi is available, your CHiQ TV can connect to either the 2.4 or 5 GHz networks.
With personal profiles, discover new favorites with recommendations just for you. Save shows and movies to your personal watchlist. Create a space for kids that's all their own, with watch limits, bedtimes and more.
The 8GB of ROM stores more content and which supports a very fluent operation.
The powerful quad core A55 64 bit enables smoother and more stable images to improve the users viewing experience.
Graphics Processing Unit: Mail G52 image processing has 2 cores which makes transmission faster. The result is superb images.
Thinner borders, larger display. Picture or video occupies the whole TV screen. The picture seems bigger than regular televisions.","https://www.mmt.com.au/Files/Uploads/40S510Mmain.png","https://www.mmt.com.au/Files/Uploads/40S510Mmain.png","https://www.mmt.com.au/Files/Uploads/40S510Mmain.png","MELBHO","6","99*10*57","Current Stock","1","",""
"438P1","438P1","Philips","13L","Philips 438P1 43"" 16:9 4K UHD IPS","649.00","515","0","Display","Monitors","This Philips Brilliance 43"" 4K display delivers expansive and crisp visuals. Productivity enhancing features like MultiView and multiple connection for performance and convenience","P Line
3840x2160 (4K UHD)
IPS LED wide view technology for image and colour accuracy
DisplayPort connection for maximum visuals
VESA mount allows for the perfect setup
Effective viewing area-941.184 (H) x 529.416 (V) mm
Cables Included- HDMI, DP, USB 3.0(A-B), Remote
For all Philips warranty claims please contact Philips directly on 1300 360 386","https://www.mmt.com.au/Files/Product assets/Images/13L/438P1.jpg","https://www.mmt.com.au/Files/Product assets/Images/13L/438P1.jpg","https://www.mmt.com.au/Files/Product assets/Images/13L/438P1.jpg","MELBHO","35","68*19*107","Current Stock","1","","8712581768409"
"438P1+Q","438P1-NQR","Philips","GROUP238","Philips 438P1 43"" 16:9 4K UHD IPS - Box Damaged Only","559.00","450","0","","EOL Products - Hidden","This Philips Brilliance 43"" 4K display delivers expansive and crisp visuals. Productivity enhancing features like MultiView and multiple connection for performance and convenience","P Line
3840x2160 (4K UHD)
IPS LED wide view technology for image and colour accuracy
DisplayPort connection for maximum visuals
VESA mount allows for the perfect setup
Effective viewing area-941.184 (H) x 529.416 (V) mm
Cables Included- HDMI, DP, USB 3.0(A-B), Remote
For all Philips warranty claims please contact Philips directly on 1300 360 386","https://www.mmt.com.au/Files/Uploads/438P1.png","https://www.mmt.com.au/Files/Uploads/438P1.png","https://www.mmt.com.au/Files/Uploads/438P1.png","MELBHO","35.001","68*19*107","Clearance","3","","8712581768409"
"44315310","44315310","OKI","17C","OKI TONER CARTRIDGE 44315310 MAGENTA","642.00","250","1","Printers","Printer - Consumables","","","https://www.mmt.com.au/Files/Product assets/Images/17C/44315310.jpg","https://www.mmt.com.au/Files/Product assets/Images/17C/44315310.jpg","https://www.mmt.com.au/Files/Product assets/Images/17C/44315310.jpg","MELBHO","0.58","7*11*30","Clearance","3","","4949443206401"
"44469806","44469806","OKI","17C","OKI TONER CARTRIDGE 44469806 BLACK","249.00","99","2","Printers","Printer - Consumables","","","https://www.mmt.com.au/Files/Product assets/Images/17C/44469806.jpg","https://www.mmt.com.au/Files/Product assets/Images/17C/44469806.jpg","https://www.mmt.com.au/Files/Product assets/Images/17C/44469806.jpg","MELBHO","0.8","10*10*32","Clearance","3","","4949443087598"
"49B2U5900C","49B2U5900C","Philips","13L","Philips Office Pro 49"" 5K SuperUltraWide","1699.00","1316.68","3","Display","Monitors","This 49-inch business monitor is made for efficiency. Its SuperWide screen, Smart KVM switch, and USB-C connectivity make teamwork and moving between tasks an easier feat.","Curved display design for a more immersive experience
SmartKVM: for easily switching between sources.
32:9 SuperWide screen designed to replace multiscreen setups
Tilt, swivel and height-adjust for an ideal viewing position
Eyesafe-certified blue light protection and colour accuracy
Busylight: for setting your work status
Earphone hook: for customisable storage","https://www.mmt.com.au/Files/Product assets/Images/13L/49B2U5900C.jpg","https://www.mmt.com.au/Files/Product assets/Images/13L/49B2U5900C.jpg","https://www.mmt.com.au/Files/Product assets/Images/13L/49B2U5900C.jpg","MELBHO","47","30*48*129","Current Stock","1","",""
"49B2U5900CH","49B2U5900CH","Philips","13L","Philips 49B2U5900CH 49"" S-Wide Monitor","1999.00","1444.66","0","Display","Monitors","Welcome to a more efficient workspace. To facilitate everyday workflow, this monitor's large 32:9 SuperWide screen is equipped with a new busy light and tilting webcam feature that helps you flow between tasks with ease.","Curved display design for a more immersive experience
SmartKVM: for easily switching between sources.
32:9 SuperWide screen designed to replace multiscreen setups
Tilt, swivel and height-adjust for an ideal viewing position
Eyesafe-certified blue light protection and colour accuracy
Busylight: for setting your work status
Adjustable webcam: for comfortable video conferencing.
Securely sign in with pop-up webcam with Windows Hello
Earphone hook: for customisable storage","https://www.mmt.com.au/Files/Product assets/Images/13L/49B2U5900CH.jpg","https://www.mmt.com.au/Files/Product assets/Images/13L/49B2U5900CH.jpg","https://www.mmt.com.au/Files/Product assets/Images/13L/49B2U5900CH.jpg","MELBHO","47","29*49*131","Current Stock","1","","8712581809553"
"49B2U6903CH","49B2U6903CH","Philips","13L","Philips 49B2U6903CH 49"" 32:9 Dual QHD VA","2099.00","1699","0","Display","Monitors","Welcome to a more efficient workspace. To facilitate everyday workflow, this monitor's large 32:9 SuperWide screen is equipped with a new busy light and tilting webcam feature that helps you flow between tasks with ease.","VA display delivers awesome images with wide viewing angles
DisplayHDR 400 for more lifelike and outstanding visuals
RJ-45 to USB-C gives easy network connection with security
SmartKVM: for easily switching between sources.
Secure sign-in with pop-up webcam
Eyesafe certified blue light protection and color accuracy
32:9 SuperWide screen designed to replace multiscreen setups
Curved display design for more immersive experience
Adjustable Webcam: For video conferencing in comfort.
Busylight: for setting your working status
Earphone Hook: for customizable storage","https://www.mmt.com.au/Files/Product assets/Images/13L/49B2U6903CH.jpg","https://www.mmt.com.au/Files/Product assets/Images/13L/49B2U6903CH.jpg","https://www.mmt.com.au/Files/Product assets/Images/13L/49B2U6903CH.jpg","MELBHO","45","29*48*129","Current Stock","1","09/09/2099","8721038005011"
"4E407UT","4E407UT","HP","14M","HP 235 3 Button Wireless Mouse (Replaces 4E407AA)","28.00","20","373","Components","Mice","Experience a mouse that’s comfortable and sleek. With a durable design, you can work efficiently and quietly. Enjoy a clutter-free environment and the freedom to roam with a 2.4GHz wireless connection.[1] Plus, with long-lasting batteries, you can work productively all day long.","USB-A dongle
Up to 18 months battery life
Up to 1600 dpi
1 x AA battery","https://www.mmt.com.au/Files/Product assets/Images/14M/4E407UT.jpg","https://www.mmt.com.au/Files/Product assets/Images/14M/4E407UT.jpg","https://www.mmt.com.au/Files/Product assets/Images/14M/4E407UT.jpg","MELBHO","0.16","5*14*9","Current Stock","1","","198122956470"
"4R009AA","4R009AA","HP","14KM","HP 655 Wireless Keyboard and Mouse Combo","146.99","71","1","Components","Keyboards & Mice","Get everything you want in wireless keyboard and mouse combo  comfort, productivity, reliability and style. Customize the functions of 20+ keys 1 and enjoy precise mouse tracking.","Compatible with PCs with available USB-A port.
Product subgroup Keyboard & Mouse
Color Black
Battery life Up to 20 months (keyboard); Up to 24 months (mouse)
Battery type 2 x AAA (keyboard); 2 x AA (mouse)
Resolution Up to 4000 dpi
Buttons 3
Compatible Operating Systems Windows 11; Windows 10
Certifications and compliances CE; GS; FCC; RCM; BSMI; EAC; ICES; CULus; Ukraine; India BIS; KCC; VCCI
Minimum dimensions (W x D x H) 428.22 x 115.47 x 18.06 mm (keyboard); 120.28 x 69.95 x 41.39 mm (mouse)
Package dimensions (W x D x H) 47 x 156 x 537 mm
Cartons per layer 4
Weight 0.43 kg (keyboard); 0.09 kg (mouse)
Package weight 0.86 kg
Pallet weight 410.56 kg
Minimum System Requirements USB Type-A port
Manufacturer Warranty
HP standard One-year limited warranty","https://www.mmt.com.au/Files/Product assets/Images/14KM/4R009AA.jpg","https://www.mmt.com.au/Files/Product assets/Images/14KM/4R009AA.jpg","https://www.mmt.com.au/Files/Product assets/Images/14KM/4R009AA.jpg","MELBHO","1.1","5*54*16","Clearance","3","","196188141496"
"4SC18AA","4SC18AA","HP","15A","HP 150W Slim Smart 4.5mm AC Adapter","112.45","78","28","Computers","Notebook Accessories","","","https://www.mmt.com.au/Files/Product assets/Images/15A/4SC18AA.jpg","https://www.mmt.com.au/Files/Product assets/Images/15A/4SC18AA.jpg","https://www.mmt.com.au/Files/Product assets/Images/15A/4SC18AA.jpg","MELBHO","0.5","8*10*22","Current Stock","1","","193015009714"
"4X20M26280","4X20M26280","Lenovo","15A","Lenovo ThinkPad 65W USB-C Standard AC Adapter","129.00","59","18","Computers","Notebook Accessories","This Lenovo 65W Standard AC Adapter (USB Type-C) Power Adapter offers fast, efficient charging at home, in the office, or on the go. This power adapter is compatible with ThinkPad USB-C enabled Notebook and Tablet. Smart Voltage: Its PD technology automatically detects and delivers 5V/2A,9V/2A ,15V/3A or 20V/3.25A Tested and reliable.","For Notebook, Tablet PC - 120 V AC, 230 V AC Input - 5 V DC/3.25 A, 9 V DC, 15 V DC, 20 V DC Output","https://www.mmt.com.au/Files/Product assets/Images/15A/4X20M26280.jpg","https://www.mmt.com.au/Files/Product assets/Images/15A/4X20M26280.jpg","https://www.mmt.com.au/Files/Product assets/Images/15A/4X20M26280.jpg","MELBHO","0.5","6*11*27","Current Stock","1","","191200521522"
"4X31R64400","4X31R64400","Lenovo","14KM","Lenovo Essential Wired Combo Keyboard & Mouse Upgraded with Copilot (Replaces 4X30L79883)","69.00","42","23","Components","Keyboards & Mice","The Lenovo Essential Wired Combo Keyboard & Mouse keeps things simple. This durable keyboard and mouse plugs into any USB port with wired reliability you can count on. The tough waterproof membrane can handle accidental spills without risking performance. Enjoy feel-good typing with quiet keys and number pad in a modern space saving layout. Improve your working efficiency with specialized Microsoft Copilot Key. An ergonomic full size mouse offers comfort and support for all day use. Increase your productivity as you smoothly complete tasks with the 1600DPI high resolution optical sensor.","USB Type A connectivity for an effortless connection
Features optical resolution for silky prominent movement
Scroll wheel provides convenient and effortless navigation
Offers plug and play interface PC","https://www.mmt.com.au/Files/Product assets/Images/14KM/4X31R64400.jpg","https://www.mmt.com.au/Files/Product assets/Images/14KM/4X31R64400.jpg","https://www.mmt.com.au/Files/Product assets/Images/14KM/4X31R64400.jpg","MELBHO","1.15","5*51*18","Current Stock","1","","195892115274"
"4X31R64453","4X31R64453","Lenovo","14KM","Lenovo Essential Wireless Combo Keyboard & Mouse G2 US English (Upgraded with Co-Pilot)","59.00","53","0","Components","Keyboards & Mice","Designed for the modern professional, the Lenovo Essential Wireless Combo Keyboard & Mouse Gen 2 delivers functionality, comfort, and style. The slim 2.5-zone keyboard, with its responsive keys, promotes a premium silent typing experience and improves your working efficiency with specialized Microsoft Copilot Key, while the standard-size mouse perfectly complements its keyboard counterpart in design and utility. The 2.4MHz receiver provides a stable keyboard and mouse connection for maximum reliability. Plus, with 65% post-consumer recycled plastic in its construction, this combo is as sustainable as it is productive.","Enjoy RF wireless connection compatibility with most of the devices
Features optical resolution for silky prominent movement
Using featured scrolling wheel you can control text size, image zoom or open or close tabs in a swift
Offers plug and play interface PC","https://www.mmt.com.au/Files/Images/Product Images/4X31R64453 4.png","https://www.mmt.com.au/Files/Images/Product Images/4X31R64453 4.png","https://www.mmt.com.au/Files/Images/Product Images/4X31R64453 4.png","MELBHO","0.78","5*15*52","Current Stock","1","",""
"4XF0N03161","4XF0N03161","Lenovo","19A","Lenovo ThinkCentre Tiny VESA Mount","49.95","35","20","Computers","Computer Accessories","The ThinkCentre Tiny VESA Mount II is a unique design specifically for housing the Tiny PC while featuring the universal VESA mount configuration.  The VESA standard enables this mount to attach to anything that is VESA-compatible for the utmost in mounting flexibility.  This versatile mounting device can be used separately or combined with other options for secure mounting functionality. The ThinkCentre Tiny VESA Mount is a required component for the following ThinkCentre Tiny options.","Compatible with ThinkCentre Tiny PCs including M625q, M630e, M70q, M710q, M715q, M720q, M75q, M80q, M90q, M910q, M910x, M920q, M920x, and ThinkStations P320 Tiny, P330 Tiny, P340 Tiny, P350 Tiny.","https://www.mmt.com.au/Files/Product assets/Images/19A/4XF0N03161.jpg","https://www.mmt.com.au/Files/Product assets/Images/19A/4XF0N03161.jpg","https://www.mmt.com.au/Files/Product assets/Images/19A/4XF0N03161.jpg","MELBHO","1.25","26*8*24","Current Stock","1","","191376177370"
"50B","1550B","Pelican","15B","Pelican 1550 Medium Laptop Case Black","554.95","340","0","Computers","Bags, Cases & Covers","Sensitive equipment needs protection and since 1976 the answer has been the Pelican Protector Case. These cases are designed rugged and travel the harshest environments on earth. Against the extreme cold of the arctic or the heat of battle, Pelican cases have survived. Made in the USA, these tough cases are designed with an automatic purge valve that equalizes air pressure, a watertight silicone O-ring lid, over-molded rubber handles and stainless steel hardware.","Pelican Rugged Notebook Carry Case for CF-19
Watertight, crushproof and dustproof
2 level Pick N Pluck with convoluted lid foam
Open cell core with solid wall design - strong, light weight
Comfortable rubber over-molded handle
Easy open Double Throw latches
Stainless steel hardware and padlock protectors
Automatic Pressure Equalization Valve - balances interior pressure, keeps water out
O-ring seal
Lifetime Guarantee of Excellence
Dimensions: Interior (L x W x D) 18.63"" x 14.18"" x 7.72"" (47.3 x 36 x 19.6 cm)
Dimensions: Exterior (L x W x D) 20.66"" x 17.20"" x 8.40"" (52.5 x 43.7 x 21.3 cm)","https://www.mmt.com.au/Files/Product assets/Images/15B/50B.jpg","https://www.mmt.com.au/Files/Product assets/Images/15B/50B.jpg","https://www.mmt.com.au/Files/Product assets/Images/15B/50B.jpg","MELBHO","14.1","46*23*53","Order to Order","4","","019428000929"
"50H55UT","50H55UT","HP","15A","HP Universal USB-C Multiport Hub","181.50","129","0","Computers","Notebook Accessories","Unlock new possibilities with the HP Universal USB-C Multiport hub, now supporting any USB-C®[1] compatible PC. 7 ports, 1 power and data passthrough cable, and many peripherals to plug and play however you like. It also supports dual 4K[2] displays via HDMI 2.0 and 1 DisplayPort 1.2. This hub is all you need to stay connected.","2 USB-A 3.2 ports
1 USB-C 3.2 port
1 USB-C type C passthrough port (up to 65W to host)
1 HDMI 2.0 (up to 4K@60Hz single display, up to 4K@30Hz dual display)
1 Display port (DP 1.2) (up to 4K@60Hz single display, up to 4K@30Hz dual display)
1 Ethernet port (RJ45)
Max. 65W to host with 90W+ AC Adapter","https://www.mmt.com.au/Files/Product assets/Images/15A/50H55UT.jpg","https://www.mmt.com.au/Files/Product assets/Images/15A/50H55UT.jpg","https://www.mmt.com.au/Files/Product assets/Images/15A/50H55UT.jpg","MELBHO","0.2","5*7*21","Current Stock","1","","196188636329"
"55M810N","55M810N","Chiq","GROUP81","CHiQ 55M810N 55"" 4K QD Mini LED Google TV - NEW MODEL","899.00","659","10","","New Products","Latest Android U (14) / GoogleTV 5.0 harnesses the power of artificial intelligence to give you extra entertainment options and a great user experence.","Latest Android U (14) / GoogleTV 5.0 harnesses the power of artificial intelligence to give you extra entertainment options and a great user experence.
Personal Google Assistant is always ready to help.
A global online store to find, enjoy, and share your favourite apps, games, movies, music, and books on all your favourite devices.
Watch thousands of TV shows, movies, and Netflix original programming on your TV.
See what the world is watching, the hottest music videos, news and more.
Enjoy thousands of online streaming videos with Amazon Prime Video.
Thanks to the rich color presentation brought by QLED TV display technology, you can experience a wider range of colors than normal LED TVs.
Thousands of micro-sized LED dimming zones deliver deeper blacks, brighter highlights, and smoother color transitions, while significantly reducing halo effects.
Dolby Vision IQ automatically optimizes brightness, contrast, and color based on ambient light. Always enjoy immersive, cinema grade visuals.
High-dynamic-range video. Key feature of HDR video are brighter whites, deeper blacks, and at least a 10-bit colour depth.
Dolby Vision HDR brings extraordinary colour, contrast, and brightness to the screen, transforming your viewing experience.
Motion Estimate and Motion Compensation. This technology provides a better experience when you watching fast paced sports, racing or action movies.
Dolby Atmos goes beyond the ordinary listening experience and creates a near real-life listening experience from a movie, video game, or film recording, with unparalleled clarity and depth.
VRR technology synchronizes the TV’s refresh rate with your device’s output in real time, delivering responsive, fluid visuals.
Support for ALLM reduces input latency and synchronises display refresh rates to prevent screen tearing, enhancing game smoothness and immersion.
Dolby Audio uses advanced processing technology to create a dynamic audio experience.
dbx-tv enhances deep bass, crisp treble and crystal-clear dialogue. Enjoy cinematic, theater-grade audio that matches stunning visuals for movies, shows and gaming.
Cast your favourite entertainment content from your Android or iOS device with Google Cast / DLAN / Airplay.
HDMI 2.1 provides a higher bandwidth capacity and is the most recent update of the HDMI® specification and supports a range of higher video resolutions and refresh rates.
2.4GHz/5GHz dual-band Wi-Fi is available. Experience stable, highspeed streaming with advanced Dual-Band Wi-Fi.
Bluetooth 5.1 can transmit eight times more data, at twice the speed, across four times the range than Bluetooth 4.2.","https://www.mmt.com.au/Files/Uploads/55M810Nmain.png","https://www.mmt.com.au/Files/Uploads/55M810Nmain.png","https://www.mmt.com.au/Files/Uploads/55M810Nmain.png","MELBHO","36","134*13*82","Current Stock","1","","6937555215815"
"593A8EC","593A8EC","HP","19WS","OPEN BOX HP Z2 Mini G5 593A8EC, i5-10600, 16GB, 256GB, No Wi-Fi, W11P, 2YR MMT","1499.00","879","26","Computers","Desktop Computers Workstation","","","https://www.mmt.com.au/Files/Uploads/image_1774501977412.jpg","https://www.mmt.com.au/Files/Uploads/image_1774501977412.jpg","https://www.mmt.com.au/Files/Uploads/image_1774501977412.jpg","MELBHO","6.25","30*17*49","Clearance","3","","196337326088"
"593A8EC+Q","593A8EC+Q","HP","19","Not in original BOX + Scratch HP Z2 Mini G5 593A8EC, i5-10600, 16GB, 256GB, No Wi-Fi,W11P, 2YR MMT","799.00","750","1","Computers","Desktop Computers","","2YR MMT WARRANTY","https://www.mmt.com.au/Files/Uploads/593A8EC+Q 1.jpg","https://www.mmt.com.au/Files/Uploads/593A8EC+Q 1.jpg","https://www.mmt.com.au/Files/Uploads/593A8EC+Q 1.jpg","MELBHO","6.25","30*17*49","Clearance","3","",""
"5S4C3AA","5S4C3AA","HP","05","HP 8GB RAM DDR5 4800MHz SODIMM Memory","235.50","150","0","Components","Memory","HP 8GB DDR5 4800MHz SODIMM Memory -5S4C3AA- (Suitable with HP Laptop/Mini/AIO)","","https://www.mmt.com.au/Files/Product assets/Images/05/5S4C3AA.jpg","https://www.mmt.com.au/Files/Product assets/Images/05/5S4C3AA.jpg","https://www.mmt.com.au/Files/Product assets/Images/05/5S4C3AA.jpg","MELBHO","0.2","2*15*23","EOL","2","","196337609457"
"5S4C4AA","5S4C4AA","HP","05","HP 16GB RAM DDR5 4800 Sodimm Memory 5S4C4AA","422.00","245","33","Components","Memory","HP 16GB DDR5 4800 1x16GB Sodimm Memory 5S4C4AA","","https://www.mmt.com.au/Files/Product assets/Images/05/5S4C4AA.jpg","https://www.mmt.com.au/Files/Product assets/Images/05/5S4C4AA.jpg","https://www.mmt.com.au/Files/Product assets/Images/05/5S4C4AA.jpg","MELBHO","0.2","2*15*23","Current Stock","1","","196337609525"
"5TW13AA","5TW13AA","HP","15AD","HP USB-C/A Universal Dock G2","440.00","255","34","Computers","Docking Stations","Get to work fast with one cable from your USB-A- and USB-C-enabled notebooks to your displays, devices, and wired network with the flexible, compact HP USB-C/A Universal Dock G2. The dock is driven by DisplayLink and compatible with notebooks from HP, Apple, Dell, Lenovo, and more.
Designed with universal compatibility in mind, this dock works with both HP and non-HP USB-A-, USB-C-, and Thunderbolt-enabled notebooks. Use the included USB-A Adapter to connect your USB notebook to the dock and access your accessories and up to two 4K displays.","Power to system Up to 100W via USB-C
External monitor support 2 plus host notebookĀ’s screen
Power to host (USB-C PD) 5V, 9V, 10V, 12V, 15V, 20V all at 5A MAX
Dimensions (L x W x H) 4.80 x 4.80 x 1.77 in (122 x 122 x 45 mm)
Weight 1.53 lb (0.695 kg)
Ports 1 USB Type-C (front, data/power-out) / 2 USB 3.0 (side, charging SS) / 2 USB 3.0 (back, charging) / 2 DisplayPort / 1 HDMI 2.0 / 1 headphone/microphone combo (side) / 1 RJ-45 (back)
1x HDMI
MWS - Mobile Work Station","https://www.mmt.com.au/Files/Product assets/Images/15AD/5TW13AA.jpg","https://www.mmt.com.au/Files/Product assets/Images/15AD/5TW13AA.jpg","https://www.mmt.com.au/Files/Product assets/Images/15AD/5TW13AA.jpg","MELBHO","1.7","17*16*19","Current Stock","1","","193905208722"
"5WS0K27114","5WS0K27114","Lenovo","35L","Lenovo 3Y Onsite upgrade from 1Y Onsite Warranty 5WS0K27114 (ThinkBook Series)","209.00","149","35","Software","Warranty - Laptop","Trust Lenovo to cover the full lifecycle of your IT assets and free up your technicians to focus on what counts. A true business partner dedicated to your satisfaction and success, Lenovo offers a portfolio of service and support solutions.","Provided Support: Repair, Parts Replacement
Service Duration: 3 Year
Service Location: On-site
Service Main Type: Maintenance
Service Characteristic: Parts & Labour","https://www.mmt.com.au/Files/Product assets/Images/35L/5WS0K27114.jpg","https://www.mmt.com.au/Files/Product assets/Images/35L/5WS0K27114.jpg","https://www.mmt.com.au/Files/Product assets/Images/35L/5WS0K27114.jpg","MELBHO","0.001","1*1*1","Current Stock","1","",""
"60LFBC","1560LFBC","Pelican","15B","Pelican 1560LFC Laptop Case Black","704.95","435","0","Computers","Bags, Cases & Covers","Sensitive equipment needs protection, and since 1976 the answer has been the Pelican Protector Case. These cases are designed rugged, and travel the harshest environments on earth. Against the extreme cold of the arctic or the heat of battle, Pelican cases have survived. Made in the USA, these tough cases are designed with an automatic purge valve, that equalizes air pressure, a watertight silicone O-ring lid, over-molded rubber handles and stainless steel hardware.","Padded removable sleeve for 15""-17"" laptop computers
This case may qualify as carry-on luggage on some airlines, check with your airline for more details
Strong polyurethane wheels with stainless steel bearings
Three removable accessory pouches
Watertight, crushproof, and dustproof
Open cell core with solid wall design - strong, light weight
Retractable extension trolley handle
Automatic pressure equalization valve - balances interior pressure, keeps water out
Easy open double-throw latches
O-ring seal
Comfortable rubber over-molded top and side handles
Personalized nameplate service available
Lifetime Guarantee of Excellence
Peli's legendary lifetime guarantee","https://www.mmt.com.au/Files/Product assets/Images/15B/60LFBC.jpg","https://www.mmt.com.au/Files/Product assets/Images/15B/60LFBC.jpg","https://www.mmt.com.au/Files/Product assets/Images/15B/60LFBC.jpg","MELBHO","20","47*29*57","Order to Order","4","","019428106324"
"60U3210000AB","AF-VB342-TVMOUNT","Aver","26","AVer VB-series TV VESA Mount Kit","199.00","147","0","Components","USB Web Cams","AVer TV VESA mount and mounting screws for AVer VB-series Video Bars. Suits VB342Pro / VB342+ / VB350.","","https://www.mmt.com.au/Files/Product assets/Images/26/60U3210000AB.jpg","https://www.mmt.com.au/Files/Product assets/Images/26/60U3210000AB.jpg","https://www.mmt.com.au/Files/Product assets/Images/26/60U3210000AB.jpg","MELBHO","1.5","4*9*62","Order to Order","4","","4719552125272"
"63DBRAR1AU","63DBRAR1AU","Lenovo","13L","Lenovo ThinkVision P49w-30 49"" Dual QHD 5K Curved Monitor (100W USB-C)","2809.00","1824","0","Display","Monitors","The ThinkVison P49w-30 Monitor is a great companion for multitasking on tasks ranging from data crunching to chasing stock market numbers. Its In-Plane Switching Black panel technology delivers deep blacks and vivid, vibrant colours, while the wide viewing angles ensure that the screen is clearly visible from every angle.","49"" Dual QHD (5120x1440) IPS display, Anti-glare, 32:9, 3800R
4 ms response time
2000:1, 98% DCI-P3, 10-bit
-5° to +23.5° tilt, left & right 45 swivel, up to 155mm lift","https://www.mmt.com.au/Files/Images/Product Images/10t8f32aaq00utl73jmoslo8eacpqs467611.png","https://www.mmt.com.au/Files/Images/Product Images/10t8f32aaq00utl73jmoslo8eacpqs467611.png","https://www.mmt.com.au/Files/Images/Product Images/10t8f32aaq00utl73jmoslo8eacpqs467611.png","MELBHO","61.48","53*32*145","Order to Order","4","","196802297523"
"64A4MARXAU","64A4MARXAU","Lenovo","13L","Lenovo ThinkVision T24-40 24"" WLED FHD (16:9), VGA, DP, HDMI, PIVOT, H/ADJ, TILT, SWIV, 3YR","309.00","181","38","Display","Monitors","The ThinkVision T24-40 Monitor features a 23.8-inch FHD IPS screen with a wide color gamut of 99% sRGB and 99% BT.709, which deliver vivid images at any viewing angle. Match your screen to your workflow with the monitor's 48-120 Hz dynamic refresh rate. It dynamically adjusts to match on-screen content, resulting in smoother motion for fast-moving pictures or reduced power-saving rates when viewing still images. Integrated Natural Low Blue Light technology protects your eyes from fatigue even during long work hours. Five-star TÜV Rheinland Eye Comfort certification ensures harmful blue light is significantly reduced more than ever before.","23.8"" FHD (1920x1080) IPS display, Anti-glare 16:9
Extreme mode 4 ms response time
Up to 120Hz refresh rate
1500:1, 99% sRGB, 99% BT.709, 8-bit
-5° to +23.5° tilt, left & right 45 swivel, -90° to +90° pivot, up to 155mm lift stand","https://www.mmt.com.au/Files/Product assets/Images/13L/64A4MARXAU.jpg","https://www.mmt.com.au/Files/Product assets/Images/13L/64A4MARXAU.jpg","https://www.mmt.com.au/Files/Product assets/Images/13L/64A4MARXAU.jpg","MELBHO","9.55","43*12*74","Current Stock","1","","198155418853"
"64A5MAR6AU","64A5MAR6AU","Lenovo","13L","Lenovo ThinkVision T27-40 27"" WLED IPS FHD (16:9), HDMI, DP, USB, PIVOT,H/ADJ, 3YR","339.00","255","40","Display","Monitors","Achieve all-day productivity using the monitor’s large 27-inch screen for easy collaboration and multitasking. Eliminate eye strain from your working sessions with Eye Comfort 5-Star by TÜV Rheinland!","27-inch FHD display with IPS panel
99% sRGB and 99% BT.709 color gamut and 48-120Hz variable refresh rate
USB Hub - Downstream 3 x USB-A 3.2 Gen1, 1x USB-C 3.2 Gen 1 (PD 15W data only); Upstream 1 x USB-B 3.2 Gen 1
TUV Rheinland 5-star Eye Comfort Certification and EyeSafe Certification 2.0
Ergonomic stand with LTPS (lift, tilt, pivot, and swivel functions)","https://www.mmt.com.au/Files/Product assets/Images/13L/64A5MAR6AU_1.jpg","https://www.mmt.com.au/Files/Product assets/Images/13L/64A5MAR6AU_1.jpg","https://www.mmt.com.au/Files/Product assets/Images/13L/64A5MAR6AU_1.jpg","MELBHO","11.03","42*15*70","Current Stock","1","","198155815409"
"64A6GAR6AU","64A6GAR6AU","Lenovo","13L","Lenovo ThinkVision T27Q-40 27"" WLED IPS QHD(16:9), DP, HDMI, USB(3), USBC, PIVOT, H/ADJ, 3YR","483.00","359","6","Display","Monitors","","27-inch QHD display with IPS panel
99% sRGB and 99% BT.709 color gamut and 48-120Hz variable refresh rate
USB Hub - Downstream 3 x USB-A 3.2 Gen1, 1x USB-C® 3.2 Gen 1 (PD 15W data only); Upstream 1 x USB-B 3.2 Gen 1
TÜV Rheinland® 5-star Eye Comfort Certification and EyeSafe Certification 2.0
Ergonomic stand with LTPS (lift, tilt, pivot, and swivel functions)","https://www.mmt.com.au/Files/Images/Product Images/ThinkVision_T27q_40_CT2_03.png","https://www.mmt.com.au/Files/Images/Product Images/ThinkVision_T27q_40_CT2_03.png","https://www.mmt.com.au/Files/Images/Product Images/ThinkVision_T27q_40_CT2_03.png","MELBHO","9.14","15*42*69.5","Current Stock","1","","198155827921"
"64B5KAR1AU","64B5KAR1AU","Lenovo","13L","Lenovo ThinkVision S24-4e -64B5KAR1AU- 23.8"" WLED IPS FHD (16:9), HDMI, VGA, H/ADJ, 3YR","229.00","155","0","Display","Monitors","","23.8"" FHD (1920x1080) IPS display, Anti-glare 16:9
Extreme mode 4 ms response time
Up to 100Hz refresh rate
1300:1, 99% sRGB, 8-bit
TÜV Rheinland® Flicker Free, TÜV Rheinland® Low Blue Light (Hardware Solution)","https://www.mmt.com.au/Files/Uploads/image_1775727172396.jpg","https://www.mmt.com.au/Files/Uploads/image_1775727172396.jpg","https://www.mmt.com.au/Files/Uploads/image_1775727172396.jpg","MELBHO","3","54*18*40","Order to Order","4","",""
"64B8UAR1AU","64B8UAR1AU","Lenovo","13L","Lenovo ThinkVision T27QD-4V 27"" WLED IPS QHD(16:9) DP, HDMI, USB(3), USBC, LAN PVT H/ADJ SPKR WCAM 3","615.00","466","5","Display","Monitors","","27-inch QHD display with IPS panel
99% sRGB and 99% BT.709 color gamut and 48-120Hz variable refresh rate
Teams-certified VoIP with built-in camera and speakers
Windows® Hello supported for quick login
Smart sensors and AI features (auto face framing, multi-person detection, smart volume control)
One cable docking solution with up to 100W power delivery
Case color - Eclipse Black","https://www.mmt.com.au/Files/Images/Product Images/ThinkVision_T27QD_4v_CT2_03.png","https://www.mmt.com.au/Files/Images/Product Images/ThinkVision_T27QD_4v_CT2_03.png","https://www.mmt.com.au/Files/Images/Product Images/ThinkVision_T27QD_4v_CT2_03.png","MELBHO","10.45","14*48*79","EOL","2","","198157434493"
"64B9GAR1AU","64B9GAR1AU","Lenovo","13L","Lenovo ThinkVision T24D-40 23.8"" FHD+ IPS 120Hz USB-C Monitor","329.00","276","11","Display","Monitors","The ThinkVision T24D-40 is a 23.8-inch Full HD professional monitor designed to enhance productivity, deliver consistent color performance, and provide flexible connectivity for modern work environments. It features an In-Plane Switching (IPS) panel with ultra-thin bezels, advanced eye-care technologies, and integrated USB-C docking capabilities, making it ideal for business, office, and multi-display setups.","23.8-inch IPS display
99% sRGB and 99% BT.709 color gamut and 48-120Hz variable refresh rate
One cable docking solution with up to 100W power delivery
3 x USB-A 3.2 Gen1, 1x USB-C® 3.2 Gen 1 (PD 15W data only); 1 x USB-C® 3.2 Gen 1 (PD up to 100W)
TÜV Rheinland® 5-star Eye Comfort Certification and EyeSafe Certification 2.0","https://www.mmt.com.au/Files/Uploads/image_1775018786434.jpg","https://www.mmt.com.au/Files/Uploads/image_1775018786434.jpg","https://www.mmt.com.au/Files/Uploads/image_1775018786434.jpg","MELBHO","7.86","11*42*73.4","Current Stock","1","","198156726094"
"64BAMAR1AU","64BAMAR1AU","Lenovo","13L","Lenovo ThinkVision E24-40 23.8"" WLED IPS FHD (16:9), HDMI, DP, VGA, PIVOT, H/ADJ, SPKR, 3YR","209.00","177","58","Display","Monitors","Enjoy smooth visuals on the monitor's 100Hz refresh rate. Achieve your preferred ergonomic position with the monitor's LTPS  full fuction stand and integrated cable management. Connect with any device easily using the VGA, HDMI or DP ports while enjoying crisp audio from the monitor's built-in dual 2W speakers.","23.8-inch IPS panel
99% sRGB color gamut, 1300:1 Contrast Ratio
100Hz refresh rate, which can be manually adjust to 48Hz
Versatile ports (VGA, HDMI, and DP) and 2x2W speakers
Hardware Low Blue Light and Flicker Free Technology
Ergonomic stand with LTPS (lift, tilt, pivot, and swivel functions)","https://www.mmt.com.au/Files/Product assets/Images/13L/64BAMAR1AU.jpg","https://www.mmt.com.au/Files/Product assets/Images/13L/64BAMAR1AU.jpg","https://www.mmt.com.au/Files/Product assets/Images/13L/64BAMAR1AU.jpg","MELBHO","8.2","42*11*71","Current Stock","1","","198156755766"
"64BCMAR4AU","64BCMAR4AU","Lenovo","13L","Lenovo ThinkVision E27-40 27"" WLED IPS FHD (16:9), HDMI, DP, VGA, PIVOT,H/ADJ, 3YR","238.75","195","22","Display","Monitors","The ThinkVision E27-40 is a 27-inch Full HD business monitor designed to deliver reliable performance, comfortable viewing, and flexible ergonomics for everyday productivity. Featuring a near-edgeless IPS display, smooth refresh rate, and eye-care technologies, it is well-suited for office environments, home workstations, and multi-monitor setups.","27-inch IPS panel
99% sRGB color gamut, 1500:1 Contrast Ratio
100Hz refresh rate, which can be manually adjust to 48Hz
Versatile ports (VGA, HDMI®, and DP) and 2x2W speakers
Hardware Low Blue Light and Flicker Free Technology
Ergonomic stand with LTPS (lift, tilt, pivot, and swivel functions)","https://www.mmt.com.au/Files/Uploads/image_1775021619729.jpg","https://www.mmt.com.au/Files/Uploads/image_1775021619729.jpg","https://www.mmt.com.au/Files/Uploads/image_1775021619729.jpg","MELBHO","12.88","46*16*70","Current Stock","1","","198157546868"
"64BDGAR4AU","64BDGAR4AU","Lenovo","13L","Lenovo ThinkVision E27Q-40 27"" WLED IPS QHD (16:9), HDMI, DP, TILT, PIVOT, H/ADJUST, 3YR","299.00","254","0","Display","Monitors","","27-inch QHD resolution with IPS panel
99% sRGB color gamut, 1500:1 Contrast Ratio
100Hz refresh rate, which can be manually adjust to 48Hz
Versatile ports (2 x HDMI® 2.1, and DP 1.2) and 2x2W speakers
Hardware Low Blue Light and Flicker Free Technology
Ergonomic stand with LTPS (lift, tilt, pivot, and swivel functions)
Case color - Raven Black
3-year limited warranty","https://www.mmt.com.au/Files/Images/Product Images/ThinkVision_E27Q_40_CT2_01.png","https://www.mmt.com.au/Files/Images/Product Images/ThinkVision_E27Q_40_CT2_01.png","https://www.mmt.com.au/Files/Images/Product Images/ThinkVision_E27Q_40_CT2_01.png","MELBHO","8.64","16*45*69.5","Order to Order","4","",""
"64BEKAR1AU","64BEKAR1AU","Lenovo","13L","Lenovo ThinkVision S27-4E 27"" WLED IPS FHD (16:9), HDMI, VGA, TILT, 3YR","219.00","180","47","Display","Monitors","Lenovo ThinkVision S27-4e Monitor Discover new peaks of productivity. Vibrant and colour-rich visuals: get more work done with sharp and clear images on the 27"" FHD monitor. Enjoy a smooth working experience with the 100 Hz high refresh rate, which can be manually adjusted to 48 Hz to further match your workflow. Seamless and intuitive connectivity: connect to any peripheral with ease. Enjoy connectivity and compatibility with all your devices using the VGA and HDMI ports, unlocking greater productivity for your workflows.","27-inch FHD display with IPS panel
99% sRGB color space coverage & 1,500:1 contrast ratio
100Hz refresh rate, which can be manually adjust to 48Hz
HDMI and VGA ports for connectivity
Low Blue Light Hardware and Flicker Free Technology
Ergonomic tilt stand for adjustability (-5Â°/+22Â°)
3-year","https://www.mmt.com.au/Files/Product assets/Images/13L/13L-64BEKAR1AU.jpg","https://www.mmt.com.au/Files/Product assets/Images/13L/13L-64BEKAR1AU.jpg","https://www.mmt.com.au/Files/Product assets/Images/13L/13L-64BEKAR1AU.jpg","MELBHO","9.72","52*11*68","Current Stock","1","","198157472556"
"65M810N","65M810N","Chiq","GROUP81","CHiQ 65M810N 65"" 4K QD Mini LED Google TV - NEW MODEL","1199.00","899","15","","New Products","Latest Android U (14) / GoogleTV 5.0 harnesses the power of artificial intelligence to give you extra entertainment options and a great user experence.","Personal Google Assistant is always ready to help.
A global online store to find, enjoy, and share your favourite apps, games, movies, music, and books on all your favourite devices.
Watch thousands of TV shows, movies, and Netflix original programming on your TV.
See what the world is watching, the hottest music videos, news and more.
Enjoy thousands of online streaming videos with Amazon Prime Video.
Thanks to the rich color presentation brought by QLED TV display technology, you can experience a wider range of colors than normal LED TVs.
Thousands of micro-sized LED dimming zones deliver deeper blacks, brighter highlights, and smoother color transitions, while significantly reducing halo effects.
Dolby Vision IQ automatically optimizes brightness, contrast, and color based on ambient light. Always enjoy immersive, cinema grade visuals.
High-dynamic-range video. Key feature of HDR video are brighter whites, deeper blacks, and at least a 10-bit colour depth.
Dolby Vision HDR brings extraordinary colour, contrast, and brightness to the screen, transforming your viewing experience
Motion Estimate and Motion Compensation. This technology provides a better experience when you watching fast paced sports, racing or action movies.
Dolby Atmos goes beyond the ordinary listening experience and creates a near real-life listening experience from a movie, video game, or film recording, with unparalleled clarity and depth.
VRR technology synchronizes the TV’s refresh rate with your device’s output in real time, delivering responsive, fluid visuals.
Support for ALLM reduces input latency and synchronises display refresh rates to prevent screen tearing, enhancing game smoothness and immersion.
Dolby Audio uses advanced processing technology to create a dynamic audio experience.
dbx-tv enhances deep bass, crisp treble and crystal-clear dialogue. Enjoy cinematic, theater-grade audio that matches stunning visuals for movies, shows and gaming.
Cast your favourite entertainment content from your Android or iOS device with Google Cast / DLAN / Airplay.
HDMI 2.1 provides a higher bandwidth capacity and is the most recent update of the HDMI® specification and supports a range of higher video resolutions and refresh rates.
2.4GHz/5GHz dual-band Wi-Fi is available. Experience stable, high speed streaming with advanced Dual-Band Wi-Fi.
Bluetooth 5.1 can transmit eight times more data, at twice the speed, across four times the range than Bluetooth 4.2.","https://www.mmt.com.au/Files/Uploads/65M810Nmain.png","https://www.mmt.com.au/Files/Uploads/65M810Nmain.png","https://www.mmt.com.au/Files/Uploads/65M810Nmain.png","MELBHO","59","98*15*160","Current Stock","1","","6937555215839"
"6GESATACABLE","6G ESATA CABLE","Synology","29A","Synology 6G eSATA Cable - Compatible NAS only","49.00","35","1","Networking","NAS - Accessories","Synology 6G ESATA cable for Expansion - Applied Models: RX418, RX415, RX410, DX517, DX513, DX213","Description: 6Gbps eSATA Cable
EAN: 4711174729746
UPC: 846504009749
Dimension: 60.0 x3.9 x1.0 cm
Weight: 0.05 kg
Applied Models: RX418, RX415, RX410, DX517, DX513, DX213","https://www.mmt.com.au/Files/Product assets/Images/29A/6GESATACABLE.jpg","https://www.mmt.com.au/Files/Product assets/Images/29A/6GESATACABLE.jpg","https://www.mmt.com.au/Files/Product assets/Images/29A/6GESATACABLE.jpg","MELBHO","0.3","3*15*19","Current Stock","1","","4711174729746"
"6KD15AA","6KD15AA","HP","GROUP238","HP Quick Release Bracket 2","44.80","32","9","","EOL Products - Hidden","Use the HP Quick Release Bracket 2 to attach your HP Desktop Mini to an HP display and a variety of stands, arms or wall mounts. The failsafe ""Sure-Lock"" mechanism snaps the PC securely in place, and can be further secured with a theft-deterrent security screw.","Designed for use with 100 mm VESA-compatible flat panel monitors and clients.","https://www.mmt.com.au/Files/Product assets/Images/13LA/6KD15AA.jpg","https://www.mmt.com.au/Files/Product assets/Images/13LA/6KD15AA.jpg","https://www.mmt.com.au/Files/Product assets/Images/13LA/6KD15AA.jpg","MELBHO","0.701","6*15*19","Clearance","3","","193808434716"
"712-VAP003+P2CMR12","712-VAP003+P2CMR12","NVIDIA","11A","NVIDIA vApps SUMS 1 CCU RENEW 1 Year","8.00","8","0","Graphic Output","Graphics Cards - Accessories","NVIDIA 712-VAP003+P2CMR12 vApps SUMS, Renewal, 1 Concurrent User, 1 Year","","https://www.mmt.com.au/Files/Product assets/Images/11A/nvidia.png","https://www.mmt.com.au/Files/Product assets/Images/11A/nvidia.png","https://www.mmt.com.au/Files/Product assets/Images/11A/nvidia.png","MELBHO","0","0*0*0","Current Stock","1","",""
"7160-0531-03-P-NQR+D","7160-0531-03-P-NQR","Panasonic","15TA","Panasonic Powered Dock(G&J) to suit FZ-M1 (EXDEMO)","949.00","239","1","Computers","Tablet Accessories","","","https://www.mmt.com.au/Files/Product assets/Images/15TA/7160-0531-03-P-NQR.jpeg","https://www.mmt.com.au/Files/Product assets/Images/15TA/7160-0531-03-P-NQR.jpeg","https://www.mmt.com.au/Files/Product assets/Images/15TA/7160-0531-03-P-NQR.jpeg","MELBHO","3","17*20*30","Clearance","3","","N03519AAY003"
"7160-1314-12","7160-1314-12","Panasonic","15TA","Panasonic Toughbook G&J L1/S1 DUAL RF","819.00","25","30","Computers","Tablet Accessories","The thin design of this Panasonic Toughbook S1/L1 docking station will enable the dock to be mounted close to the instrument panel and will still accommodate the tablet's large battery and bar code reader. If you will require antenna pass-through but will not need the tablet's rotating hand strap then this is the docking station for you. Gamber & Johnson.","Antenna Pass-Through
Dual RF
Port Replication
External LIND power supply cigarette adapter (7300-0444) or
Power supply input DC 5V 1.8A
USB 2.0 500mA
External antenna select switch
Power Supply not included - MUST USE EITHER OF BELOW
LIND bare wire power adapter (7300-0443)
Panasonic Toughbook Certified
MIL-STD 810G Shock & Vibration Tested
Cycle Tested: Docking connector, latching and locking mechanisms. 30,000 cycles.
Environmental Testing: High/Low Temperature, Operational/Storage, Thermal Shock
3-Year Limited Warranty","https://www.mmt.com.au/Files/Product assets/Images/15TA/7160-1314-12.jpg","https://www.mmt.com.au/Files/Product assets/Images/15TA/7160-1314-12.jpg","https://www.mmt.com.au/Files/Product assets/Images/15TA/7160-1314-12.jpg","MELBHO","1.5","10*27*22","Clearance","3","",""
"7160-1997-00","7160-1997-00","Miscellaneous Vendors","15TDC","Misc G&J L1/S1 DUAL RF","1399.00","976","0","Computers","Tablet Docking and Cradles","Dell Latitude 7230/7030 Rugged Extreme Tablet Desktop Docking Station","","https://www.mmt.com.au/Files/Product assets/Images/15TDC/misc.png","https://www.mmt.com.au/Files/Product assets/Images/15TDC/misc.png","https://www.mmt.com.au/Files/Product assets/Images/15TDC/misc.png","MELBHO","3.35","21*22*29","Order to Order","4","","703674568592"
"75M810N","75M810N","Chiq","13LE","CHiQ 75M810N 75"" 4K QD Mini LED Google TV - NEW MODEL","1499.00","1199","7","Display","LED TV","Latest Android U (14) / GoogleTV 5.0 harnesses the power of artificial intelligence to give you extra entertainment options and a great user experence.","Personal Google Assistant is always ready to help.
A global online store to find, enjoy, and share your favourite apps, games, movies, music, and books on all your favourite devices.
Watch thousands of TV shows, movies, and Netflix original programming on your TV.
See what the world is watching, the hottest music videos, news and more.
Enjoy thousands of online streaming videos with Amazon Prime Video.
Thanks to the rich color presentation brought by QLED TV display technology, you can experience a wider range of colors than normal LED TVs.
Thousands of micro-sized LED dimming zones deliver deeper blacks, brighter highlights, and smoother color transitions, while significantly reducing halo effects.
Dolby Vision IQ automatically optimizes brightness, contrast, and color based on ambient light. Always enjoy immersive, cinema grade visuals.
High-dynamic-range video. Key feature of HDR video are brighter whites, deeper blacks, and at least a 10-bit colour depth.
Dolby Vision HDR brings extraordinary colour, contrast, and brightness to the screen, transforming your viewing experience
Motion Estimate and Motion Compensation. This technology provides a better experience when you watching fast paced sports, racing or action movies.
Dolby Atmos goes beyond the ordinary listening experience and creates a near real-life listening experience from a movie, video game, or film recording, with unparalleled clarity and depth.
VRR technology synchronizes the TV’s refresh rate with your device’s output in real time, delivering responsive, fluid visuals.
Support for ALLM reduces input latency and synchronises display refresh rates to prevent screen tearing, enhancing game smoothness and immersion.
Dolby Audio uses advanced processing technology to create a dynamic audio experience.
dbx-tv enhances deep bass, crisp treble and crystal-clear dialogue. Enjoy cinematic, theater-grade audio that matches stunning visuals for movies, shows and gaming.
Cast your favourite entertainment content from your Android or iOS device with Google Cast / DLAN / Airplay.
HDMI 2.1 provides a higher bandwidth capacity and is the most recent update of the HDMI® specification and supports a range of higher video resolutions and refresh rates.
2.4GHz/5GHz dual-band Wi-Fi is available. Experience stable, high speed streaming with advanced Dual-Band Wi-Fi.
Bluetooth 5.1 can transmit eight times more data, at twice the speed, across four times the range than Bluetooth 4.2.","https://www.mmt.com.au/Files/Uploads/75M810Nmain.png","https://www.mmt.com.au/Files/Uploads/75M810Nmain.png","https://www.mmt.com.au/Files/Uploads/75M810Nmain.png","MELBHO","79","114*15*184","Current Stock","1","","6937555215822"
"763U8AA","763U8AA","HP","13LA","HP B560 PC Mounting Bracket","71.50","55","0","Display","Display Accessories","Simplify your workspace with the HP B560 PC Mounting Bracket. Attach with your HP Desktop Mini PC directly behind select E-Series G5, Series 5 Pro, or Series 7 Pro monitors.","Rest Easy
Free to Adjust
Simply Maximize your Desk","https://www.mmt.com.au/Files/Product assets/Images/13LA/763U8AA.jpg","https://www.mmt.com.au/Files/Product assets/Images/13LA/763U8AA.jpg","https://www.mmt.com.au/Files/Product assets/Images/13LA/763U8AA.jpg","MELBHO","1","9*30*14","Current Stock","1","","197029388063"
"7D73A04KAU","7D73A04KAU","Lenovo","32","Lenovo SR630 V3 Intel Silver 4514Y 32GB","9189.00","6339","0","Computers","Servers","The ThinkSystem SR630 V3 server is a high-performance, multi-core 1U rack server designed to support many kinds of Information Technology (IT) workloads with high agility. It carries the most advanced processing and memory units and can scale up to the state-of-the-art liquid cooling solutions. This server is ideally suited for IT environments that require superior processor performance, flexible manageability, and thermal efficiency.","Up to 2x 5th Gen Intel® Xeon® Scalable processors
Up to 32x TruDDR5 5600MHz memory
Industry leading backplane technology with Lenovo AnyBayĀ™ SSD/HDD drive support
Up to 12x low latency NVMe SSD for high performance storage
Support 16x EDSFF-based E1.S drives
Up to 5x PCIe Gen4/Gen5 slots + 1x OCP 3.0 for I/O flexibility
Up to 3x 75W GPUs for graphics-intensive workloads","https://www.mmt.com.au/Files/Product assets/Images/32/7D73A04KAU.jpg","https://www.mmt.com.au/Files/Product assets/Images/32/7D73A04KAU.jpg","https://www.mmt.com.au/Files/Product assets/Images/32/7D73A04KAU.jpg","MELBHO","28","99*23*59","Order to Order","4","",""
"7D73CTO1WW-CTO1","7D73CTO1WW-CTO1","Lenovo","32","Lenovo Top Choice SR630 V3 Base Config","9339.00","7429","0","Computers","Servers","The ThinkSystem SR630 V3 server is a high-performance, multi-core 1U rack server designed to support many kinds of Information Technology (IT) workloads with high agility. It carries the most advanced processing and memory units and can scale up to the state-of-the-art liquid cooling solutions. This server is ideally suited for IT environments that require superior processor performance, flexible manageability, and thermal efficiency.","Up to 2x 5th Gen Intel® Xeon® Scalable processors
Up to 32x TruDDR5 5600MHz memory
Industry leading backplane technology with Lenovo AnyBayĀ™ SSD/HDD drive support
Up to 12x low latency NVMe SSD for high performance storage
Support 16x EDSFF-based E1.S drives
Up to 5x PCIe Gen4/Gen5 slots + 1x OCP 3.0 for I/O flexibility
Up to 3x 75W GPUs for graphics-intensive workloads","https://www.mmt.com.au/Files/Product assets/Images/32/7D73CTO1WW-CTO1.jpg","https://www.mmt.com.au/Files/Product assets/Images/32/7D73CTO1WW-CTO1.jpg","https://www.mmt.com.au/Files/Product assets/Images/32/7D73CTO1WW-CTO1.jpg","MELBHO","28","99*23*59","Order to Order","4","",""
"7D76A05NAU","7D76A05NAU","Lenovo","32","Lenovo SR650 V3 Intel Silver 4510 32GB D","8719.00","6019","0","Computers","Servers","Enterprises require a reliable, easy-to-manage IT infrastructure for today with the performance to handle the next era IT workloads of tomorrow. Lenovo’s ThinkSystem SR650 V3 with dual 5th Gen Intel® Xeon® Scalable processors is designed for performance. With a GPU-rich platform, an abundance of DDR5, and increased I/O lanes for optimized data transfer rates, the SR650 V3 is ideal for complex workloads. Add XClarity system manager with enhanced management features and ThinkShield security for an easy-to-manage, fast and secure solution for modern workloads.","Up to 2x 5th Gen Intel® Xeon® Scalable processors
Up to 32x TruDDR5 5600MHz memory
Industry leading backplane technology with Lenovo AnyBayĀ™ SSD/HDD drive support
Up to 40x SAS/STA drives or 36x low-latency NVMe drives for high performance storage
Up to 12x PCIe Gen4/Gen5 slots + 1 OCP 3.0 slot for I/O flexibility
Up to 8x single-width (75W) or 3x double-width GPUs (300W) for graphics-intensive workloads","https://www.mmt.com.au/Files/Product assets/Images/32/7D76A05NAU.jpg","https://www.mmt.com.au/Files/Product assets/Images/32/7D76A05NAU.jpg","https://www.mmt.com.au/Files/Product assets/Images/32/7D76A05NAU.jpg","MELBHO","40","99*29*60","Order to Order","4","",""
"7D76CTO1WW-CTO1","7D76CTO1WW-CTO1","Lenovo","32","Lenovo Top Choice SR650 V3 Base Config","9559.00","7609","0","Computers","Servers","Enterprises require a reliable, easy-to-manage IT infrastructure for today with the performance to handle the next era IT workloads of tomorrow. Lenovo’s ThinkSystem SR650 V3 with dual 5th Gen Intel® Xeon® Scalable processors is designed for performance. With a GPU-rich platform, an abundance of DDR5, and increased I/O lanes for optimized data transfer rates, the SR650 V3 is ideal for complex workloads. Add XClarity system manager with enhanced management features and ThinkShield security for an easy-to-manage, fast and secure solution for modern workloads.","Up to 2x 5th Gen Intel® Xeon® Scalable processors
Up to 32x TruDDR5 5600MHz memory
Industry leading backplane technology with Lenovo AnyBayĀ™ SSD/HDD drive support
Up to 40x SAS/STA drives or 36x low-latency NVMe drives for high performance storage
Up to 12x PCIe Gen4/Gen5 slots + 1 OCP 3.0 slot for I/O flexibility
Up to 8x single-width (75W) or 3x double-width GPUs (300W) for graphics-intensive workloads","https://www.mmt.com.au/Files/Product assets/Images/32/7D76CTO1WW-CTO1.jpg","https://www.mmt.com.au/Files/Product assets/Images/32/7D76CTO1WW-CTO1.jpg","https://www.mmt.com.au/Files/Product assets/Images/32/7D76CTO1WW-CTO1.jpg","MELBHO","40","99*29*60","Order to Order","4","",""
"7D7AA037AU","7D7AA037AU","Lenovo","32","Lenovo ST650 V3 Intel Silver 4514Y 32GB","10239.00","7079","0","Computers","Servers","Powered by 2x 5th Gen Intel® Xeon® Scalable processors, the ThinkSystem ST650 V3 provides maximum performance in a tower form factor and with up to 50% more cores, the ST650 V3 performance increased 59% over the previous generation. The latest DDR5 memory and PCIe Gen 5 enhances bandwidth and speed making the ST650 V3 the ideal server for enterprise workloads like virtualization and private cloud.","Latest 5th Gen Intel® Xeon® Scalable processors
Up to 4TB TruDDR5 memory in 5600MHz
Up to 16x 3.5"" HS SAS/SATA (up to 16x optional NVMe SSDs) or Up to 32x 2.5"" HS SAS/SATA (up to 24x optional NVMe SSDs)
Supports up to 4x double-width or 8x single-width GPU adapters
Up to 9 slots total: 5x PCIe Gen5 slots and 4x PCIe Gen4 slots","https://www.mmt.com.au/Files/Product assets/Images/32/7D7AA037AU.jpg","https://www.mmt.com.au/Files/Product assets/Images/32/7D7AA037AU.jpg","https://www.mmt.com.au/Files/Product assets/Images/32/7D7AA037AU.jpg","MELBHO","40","99*38*60","Order to Order","4","",""
"7D7ACTO1WW-CTO1","7D7ACTO1WW-CTO1","Lenovo","32","Lenovo Top Choice ST650 V3 Base Config","10639.00","8459","0","Computers","Servers","Powered by 2x 5th Gen Intel® Xeon® Scalable processors, the ThinkSystem ST650 V3 provides maximum performance in a tower form factor and with up to 50% more cores, the ST650 V3 performance increased 59% over the previous generation. The latest DDR5 memory and PCIe Gen 5 enhances bandwidth and speed making the ST650 V3 the ideal server for enterprise workloads like virtualization and private cloud.","Latest 5th Gen Intel® Xeon® Scalable processors
Up to 4TB TruDDR5 memory in 5600MHz
Up to 16x 3.5"" HS SAS/SATA (up to 16x optional NVMe SSDs) or Up to 32x 2.5"" HS SAS/SATA (up to 24x optional NVMe SSDs)
Supports up to 4x double-width or 8x single-width GPU adapters
Up to 9 slots total: 5x PCIe Gen5 slots and 4x PCIe Gen4 slots","https://www.mmt.com.au/Files/Product assets/Images/32/7D7ACTO1WW-CTO1.jpg","https://www.mmt.com.au/Files/Product assets/Images/32/7D7ACTO1WW-CTO1.jpg","https://www.mmt.com.au/Files/Product assets/Images/32/7D7ACTO1WW-CTO1.jpg","MELBHO","40","99*38*60","Order to Order","4","",""
"7DCEA01DAU","7DCEA01DAU","Lenovo","32","Lenovo ST250 V3 Intel Xeon E-2478 16GB D","4879.00","3519","0","Computers","Servers","The Lenovo ThinkSystem ST250 V3 with a single Intel® Xeon® E-2400/6300-series processor is a tower server optimized for growing businesses and remote applications.
The ST250 V3 is a high-performance, high-value, tower server ideal for supporting growing businesses. Whether it’s installed as a stand-alone server or in-rack, the ST250 V3 is fitting for remote installations and branch offices.
With the latest Intel® Xeon® processor and GPU support the ST250 V3 has high-definition video output and accelerates complex workloads in remote installations like branch offices.","Intel® Xeon® E-2400/6300-series processor, up to 8 cores at 95W
Up to 128GB TruDDR5 memory at 5600MHz ECC
Flexible enterprise storage options with up to 16x 2.5"" hot-swap or 8x 3.5"" hot-swap and simple-swap drive bays
Data center data protection provided by hardware RAID adapters
Integrated systems management with Lenovo XClarity
4U chassis with optional rack-mount kit
Front lockable bezel and chassis intrusion switch for security
Supports optional NVIDIA Quadro T1000 or NVIDIA Quadro T400 GPU","https://www.mmt.com.au/Files/Product assets/Images/32/7DCEA01DAU.jpg","https://www.mmt.com.au/Files/Product assets/Images/32/7DCEA01DAU.jpg","https://www.mmt.com.au/Files/Product assets/Images/32/7DCEA01DAU.jpg","MELBHO","16","77*30*58","Order to Order","4","",""
"7DCECTO1WW-CTO1","7DCECTO1WW-CTO1","Lenovo","32","Lenovo Top Choice ST250 V3 Base Config","6269.00","4989","0","Computers","Servers","The Lenovo ThinkSystem ST250 V3 with a single Intel® Xeon® E-2400/6300-series processor is a tower server optimized for growing businesses and remote applications.
The ST250 V3 is a high-performance, high-value, tower server ideal for supporting growing businesses. Whether it’s installed as a stand-alone server or in-rack, the ST250 V3 is fitting for remote installations and branch offices.
With the latest Intel® Xeon® processor and GPU support the ST250 V3 has high-definition video output and accelerates complex workloads in remote installations like branch offices.","Intel® Xeon® E-2400/6300-series processor, up to 8 cores at 95W
Up to 128GB TruDDR5 memory at 5600MHz ECC
Flexible enterprise storage options with up to 16x 2.5"" hot-swap or 8x 3.5"" hot-swap and simple-swap drive bays
Data center data protection provided by hardware RAID adapters
Integrated systems management with Lenovo XClarity
4U chassis with optional rack-mount kit
Front lockable bezel and chassis intrusion switch for security
Supports optional NVIDIA Quadro T1000 or NVIDIA Quadro T400 GPU","https://www.mmt.com.au/Files/Product assets/Images/32/7DCECTO1WW-CTO1.jpg","https://www.mmt.com.au/Files/Product assets/Images/32/7DCECTO1WW-CTO1.jpg","https://www.mmt.com.au/Files/Product assets/Images/32/7DCECTO1WW-CTO1.jpg","MELBHO","16","77*30*58","Order to Order","4","",""
"7DCLA00WAU","7DCLA00WAU","Lenovo","32","Lenovo SR250 V3 Intel Xeon E-2478 16GB D","4709.00","3389","0","Computers","Servers","The Lenovo ThinkSystem SR250 V3 powered by the next-generation Intel® Xeon® E-2400/6300-series processors provide higher workload performance at an entry-level price point. Designed to the same standards as all ThinkSystem servers, the SR250 V3 brings high-reliability and security to any IT infrastructure.
The SR250 V3 also offers the latest DDR5 memory, PCIe 5.0, and GPU support for modern workloads like extending AI inferencing to remote installations, virtualization, and business applications.","Intel® Xeon® E-2400/6300-series processor up to 8 cores at 95W
Up to 128GB TruDDR5 memory at 4400MHz ECC
Storage flexibility support for M.2, simple-swap NVMe (Gen4), 4x 3.5"" simple-swap/hot-swap or 10x 2.5"" HDDs/SSDs
Supports optional NVIDIA T1000 or T400 GPU
Supports a 300W fixed PSU or Dual Redundant power supplies
Lenovo XClarity support for simple enterprise-wide management","https://www.mmt.com.au/Files/Product assets/Images/32/7DCLA00WAU.jpg","https://www.mmt.com.au/Files/Product assets/Images/32/7DCLA00WAU.jpg","https://www.mmt.com.au/Files/Product assets/Images/32/7DCLA00WAU.jpg","MELBHO","12","87*20*61","Order to Order","4","",""
"7DCLCTO1WW-CTO1","7DCLCTO1WW-CTO1","Lenovo","32","Lenovo Top Choice SR250 V3 Base Config","5949.00","4739","0","Computers","Servers","The Lenovo ThinkSystem SR250 V3 powered by the next-generation Intel® Xeon® E-2400/6300-series processors provide higher workload performance at an entry-level price point. Designed to the same standards as all ThinkSystem servers, the SR250 V3 brings high-reliability and security to any IT infrastructure.
The SR250 V3 also offers the latest DDR5 memory, PCIe 5.0, and GPU support for modern workloads like extending AI inferencing to remote installations, virtualization, and business applications.","Intel® Xeon® E-2400/6300-series processor up to 8 cores at 95W
Up to 128GB TruDDR5 memory at 4400MHz ECC
Storage flexibility support for M.2, simple-swap NVMe (Gen4), 4x 3.5"" simple-swap/hot-swap or 10x 2.5"" HDDs/SSDs
Supports optional NVIDIA T1000 or T400 GPU
Supports a 300W fixed PSU or Dual Redundant power supplies
Lenovo XClarity support for simple enterprise-wide management","https://www.mmt.com.au/Files/Product assets/Images/32/7DCLCTO1WW-CTO1.jpg","https://www.mmt.com.au/Files/Product assets/Images/32/7DCLCTO1WW-CTO1.jpg","https://www.mmt.com.au/Files/Product assets/Images/32/7DCLCTO1WW-CTO1.jpg","MELBHO","12","87*20*61","Order to Order","4","",""
"83LK0010AU","83LK0010AU","Lenovo","15","Lenovo LOQ Essential G9 i5-12450HX, 16GB, 512GB, 15.6"" FHD 144Hz, RTX 3050 6GB, W11H, 1Y","1299.00","1099","1","Computers","Notebooks","The Lenovo LOQ Essential 15.6"" gaming laptop in Luna Grey combines a powerful Intel Core i5 processor with 16GB RAM and a 512GB SSD for smooth multitasking and fast storage. Its NVIDIA GeForce RTX 3050 graphics card delivers vibrant visuals on the Full HD IPS screen with a 144Hz refresh rate, ideal for immersive gaming and creative work. Weighing just 1.7kg, it’s portable for travel or campus use. Connectivity is versatile with USB-A, USB-C, HDMI, Bluetooth 5.2, and Wi-Fi, supporting multiple devices, audio equipment, and external displays, while the 57Wh battery ensures lasting performance.","","https://www.mmt.com.au/Files/Images/Product Images/0211582_0.jpg","https://www.mmt.com.au/Files/Images/Product Images/0211582_0.jpg","https://www.mmt.com.au/Files/Images/Product Images/0211582_0.jpg","MELBHO","2.78","7*31*50","EOL","2","","198155086793"
"83P91AA","83P91AA","HP","05","HP 16GB RAM DDR5-5600 SODIMM Memory","502.60","295","53","Components","Memory","Upgrade your capacity for uninterrupted, undeterred, unbelievably fast speed. Upgrading to 16 GB DDR5 5600MHz SODIMM to open up your workspace to its full potential. Make way for all the things you need to get done, at once, with state-of-the-art processing power.","1x16GB DDR5 5600MHz SODIMM
70 x 30 x 2.5 mm
HP Three-year limited warranty","https://www.mmt.com.au/Files/Product assets/Images/05/83P91AA.jpg","https://www.mmt.com.au/Files/Product assets/Images/05/83P91AA.jpg","https://www.mmt.com.au/Files/Product assets/Images/05/83P91AA.jpg","MELBHO","0.101","1*15*23","Current Stock","1","","197497430646"
"86S14PA","86S14PA","HP","15","HP Elitebook 840 G10 14"" WUXGA IR","2700.23","1659","0","Computers","Notebooks","Take the guesswork out of setting up your PC for hybrid work and look and sound your best during online meetings with the HP EliteBook 840.","16 GB DDR5-4800 MHz RAM (1 x 16 GB), 256 GB PCIe NVMe SSD
Intel Core i5-1335U (up to 4.6 GHz with Intel Turbo Boost Technology, 12 MB L3 cache, 10 cores, 12 threads)
35.6 cm (14"") diagonal, WUXGA (1920 x 1200), IPS, anti-glare, 250 nits, 45% NTSC
2 Thunderbolt 4 with USB Type-C 40Gbps signaling rate (USB Power Delivery, DisplayPort 1.4); 2 USB Type-A 5Gbps signaling rate (1 charging); 1 HDMI 2.1; 1 stereo headphone/microphone combo jack
Windows 11 Pro (preinstalled with Windows 10 Pro Downgrade)","https://www.mmt.com.au/Files/Product assets/Images/15/86S14PA.jpg","https://www.mmt.com.au/Files/Product assets/Images/15/86S14PA.jpg","https://www.mmt.com.au/Files/Product assets/Images/15/86S14PA.jpg","MELBHO","3.8","31*10*49","EOL","2","","197497617078"
"8B3Y2UT","8B3Y2UT","HP","15A","HP 110W USB-C Laptop Charger (Replaces","159.60","114","0","Computers","Notebook Accessories","Keep your laptop and other devices powered up with a reliable charging solution built for everyday demands. Perfect as a replacement or a spare, it's ideal for home, office, or travel—ready to charge multiple devices at once, wherever you need it.","Fast, Smart Charging: Up to 110W with dynamic voltage for efficient laptop charging.
Dual Device Support: 100W USB-C® + 10W USB-A for charging laptop and phone together.
Safe & Eco-Friendly: Built-in protections, IEC certified, with recycled materials and packaging.
What's in the box: AC power adapter; USB Type-C® cable; 1 Power Cord; Warranty Card
Input frequency: 47-63 Hz
Operating altitude: Up to 5,000 m
Output voltages: 5V/9V/12V/15V/20V
Power Output: > 90 W
Cable length: 1 m (power cable); 1.8 m (non-detachable USB-C® cable)","https://www.mmt.com.au/Files/Product assets/Images/15A/8B3Y2UT.jpg","https://www.mmt.com.au/Files/Product assets/Images/15A/8B3Y2UT.jpg","https://www.mmt.com.au/Files/Product assets/Images/15A/8B3Y2UT.jpg","MELBHO","1.7","17*10*40","EOL","2","","198122961054"
"8J9E6UT","8J9E6UT","HP","13L","HP Series 7 Pro 27"" QHD TBolt 4 Monitor","1202.60","789","2","Display","Monitors","See your bright ideas become brilliant. The HP 27"" QHD Thunderbolt 4 Monitor pairs striking colors with seamless connectivity to help reimagine your creative process. Keep your vision in focus with crisp front-of-screen visuals and powerful multitasking capabilities.","27"" QHD (2560 × 1440) IPS Black display with 400 nits brightness and 2000:1 contrast for exceptional clarity
Thunderbolt 4 (up to 100W PD), DisplayPort 1.4, HDMI 2.0, Ethernet, and multiple 10Gbps USB ports
Ergonomic stand with 150 mm height adjustment, ±90° pivot, ±45° swivel, and -5° to +20° tilt
Low blue light and anti-glare screen featuring HP Eye Ease
3-year limited warranty","https://www.mmt.com.au/Files/Product assets/Images/13L/8J9E6UT.jpg","https://www.mmt.com.au/Files/Product assets/Images/13L/8J9E6UT.jpg","https://www.mmt.com.au/Files/Product assets/Images/13L/8J9E6UT.jpg","MELBHO","11","72*17*46","EOL","2","",""
"8K135AA","8K135AA","HP","13L","HP Series 7 Pro 27"" 4K Conferencing Moni","1605.90","799","5","Display","Monitors","Effortlessly make a great impression with built-in AI on the HP 27"" 4K Conferencing Monitor. Intelligent conferencing delivers productive, high-quality collaboration every time. And it's all on a dazzling display with powerful Thunderbolt 4.","4K UHD (3840 x 2160)
Max Refresh Rate 60 Hz
5MP HDR Webcam
5 USB Type-A 10Gbps signaling rate (1 charging with 7.5 W)
1 USB Type-C® 10Gbps signaling rate upstream (Up to 15W USB Power Delivery); 1 USB Type-C® 10Gbps signaling rate (15 W charging)
1 Thunderbolt 4 with USB Type-C® 40Gbps signaling rate (up to 100 W USB Power Delivery, DisplayPort 1.4); 1 Thunderbolt 4 Out for Daisy chain (15 W charging)
Speaker output power 4 x 3 W","https://www.mmt.com.au/Files/Product assets/Images/13L/8K135AA.jpg","https://www.mmt.com.au/Files/Product assets/Images/13L/8K135AA.jpg","https://www.mmt.com.au/Files/Product assets/Images/13L/8K135AA.jpg","MELBHO","14","46*16*72","Clearance","3","","197497774580"
"8X534AA","8X534AA","HP","13L","HP Series 7 Pro 24"" WUXGA Monitor","566.50","369","25","Display","Monitors","Capture your vision better than you ever imagined with the HP Series 7 Pro 24"" WUXGA Monitor. Do more with the 16:10 aspect ratio and WUXGA resolution that displays more of your work at once. And, trust what you see on screen with superb color accuracy right out of the box, a smooth refresh rate, and enhanced color contrast. Do it all with the ultra-thin 4-sided micro-edge frame and built-in ergonomics.","HP SERIES 7 PRO
1920 x 1200 FHD WUXGA Resolution
100Hz Refresh Rate
HP Eye Ease
HDMI, DisplayPort
Anti-glare, Height Adjust, Tilt, Swivel, Pivot
3 Year Warranty","https://www.mmt.com.au/Files/Product assets/Images/13L/8X534AA.jpg","https://www.mmt.com.au/Files/Product assets/Images/13L/8X534AA.jpg","https://www.mmt.com.au/Files/Product assets/Images/13L/8X534AA.jpg","MELBHO","9.11","42*14*62","EOL","2","","197498445793"
"8Y2R2AA","8Y2R2AA","HP","13L","HP SERIES 7 PRO 740PM -8Y2R2AA- 39.7"" WUHD IPS, 21:9, 5120x2160, WEBCAM, SPEAKERS, 3Yrs","2975.50","1960","5","Display","Monitors","See and do more by immersing yourself in the brilliant, expansive views of the HP Series 7 Pro 39.7"" 5K2K Conferencing Monitor. Experience extraordinary, true-to-life color and see all of your projects at once, in stunning detail, on an ultrawide curved display with 5K2K resolution.[1] Look and sound like you do in real life on conference calls with an integrated 4K webcam, noise cancelling mics and high fidelity speakers.","","https://www.mmt.com.au/Files/Images/Product Images/HP Series 7 Pro 740PM_1.jpg","https://www.mmt.com.au/Files/Images/Product Images/HP Series 7 Pro 740PM_1.jpg","https://www.mmt.com.au/Files/Images/Product Images/HP Series 7 Pro 740PM_1.jpg","MELBHO","33.84","55*23*107","Current Stock","1","","197498454009"
"900-13448-0020-000","900-13448-0020-000","NVIDIA","41","NVIDIA Jetson Nano Module","288.00","203","0","IoT Edge Solutions","Artificial Intelligence","The Jetson Nano module is a small AI computer that has the performance and power efficiency needed to run modern AI workloads, multiple neural networks in parallel and process data from several high-resolution sensors simultaneously. This makes it the perfect entry-level option to add advanced AI to embedded products.","GPU: NVIDIA Maxwell architecture with 128 NVIDIA CUDA cores 0.5 TFLOPs (FP16)
CPU: Quad-core ARM Cortex-A57 MPCore processor
Memory: 4 GB 64-bit LPDDR4 1600MHz - 25.6 GB/s
Storage: 16 GB eMMC 5.1 Flash
Video Encode: 250 MP/sec 1x 4K @ 30 (HEVC) 2x 1080p @ 60 (HEVC) 4x 1080p @ 30 (HEVC)
Video Decode: 500 MP/sec 1x 4K @ 60 (HEVC) 2x 4K @ 30 (HEVC) 4x 1080p @ 60 (HEVC) 8x 1080p @ 30 (HEVC)
Camera: 12 lanes (3x4 or 4x2) MIPI CSI-2 DPHY 1.1 (18 Gbps)
Connectivity: Wi-Fi requires external chip 10/100/1000 BASE-T Ethernet
Display: HDMI 2.0 or DP1.2 | eDP 1.4 | DSI (1 x2) 2 simultaneous
UPHY: 1 x1/2/4 PCIE, 1x USB 3.0, 3x USB 2.0
I/O: 1x SDIO / 2x SPI / 4x I2C / 2x I2S / GPIOs -> I2C, I2S
Size: 69.6 mm x 45 mm
Mechanical: 260-pin edge connector","https://www.mmt.com.au/Files/Product assets/Images/41/900-13448-0020-000.jpg","https://www.mmt.com.au/Files/Product assets/Images/41/900-13448-0020-000.jpg","https://www.mmt.com.au/Files/Product assets/Images/41/900-13448-0020-000.jpg","MELBHO","0.03","2*5*10","Order to Order","4","",""
"900-13701-0040-000","900-13701-0040-000","NVIDIA","41","NVIDIA Jetson AGX Orin 32GB Module","0.00","1864","0","IoT Edge Solutions","Artificial Intelligence","The NVIDIA Jetson AGX Orin 32GB module delivers up to 200 TOPS of AI performance with power configurable between 15W and 40W. This gives you more than 6X the performance of Jetson AGX Xavier in the same compact form-factor for robotics and other autonomous machine use cases.
This system-on-module supports multiple concurrent AI application pipelines with the NVIDIA Ampere GPU architecture, next-generation deep learning and vision accelerators, high-speed IO, and fast memory bandwidth. Now you can develop solutions using your largest and most complex AI models to solve problems such as natural language understanding, 3D perception, and multi-sensor fusion.","AI Performance: 200 TOPS (INT8)
GPU: NVIDIA Ampere architecture with 1792 NVIDIA CUDA cores and 56 Tensor Cores
Max GPU Freq: 939 MHz
CPU: 8-core Arm Cortex-A78AE v8.2 64-bit CPU 2MB L2 + 4MB L3
CPU Max Freq: 2.2 GHz
DL Accelerator: 2x NVDLA v2.0
DLA Max Frequency: 1.4 GHz
Vision Accelerator: PVA v2.0
Memory: 32GB 256-bit LPDDR5 204.8 GB/s
Storage: 64GB eMMC 5.1
CSI Camera: Up to 6 cameras (16 via virtual channels) 16 lanes MIPI CSI-2 D-PHY 2.1 (up to 40Gbps) | C-PHY 2.0 (up to 164Gbps)
Video Encode: 1x 4K60 | 3x 4K30 | 6x 1080p60 | 12x 1080p30 (H.265) H.264, AV1
Video Encode: 1x 8K30 | 2x 4K60 | 4x 4K30 | 9x 1080p60| 18x 1080p30 (H.265) H.264, VP9, AV1
UPHY: Up to 2 x8, 1 x4, 2 x1 (PCIe Gen4, Root Port & Endpoint) 3x USB 3.2 Single lane UFS
Networking: 1x GbE 4x 10GbE
Display: 1x 8K60 multi-mode DP 1.4a (+MST)/eDP 1.4a/HDMI 2.1
Other I/O: 4x USB 2.0 4x UART, 3x SPI, 4x I2S, 8x I2C, 2x CAN, DMIC & DSPK, GPIOs
Power: 15W - 40W
Mechanical: 100mm x 87mm 699-pin Molex Mirror Mezz Connector Integrated Thermal Transfer Plate","https://www.mmt.com.au/Files/Product assets/Images/41/900-13701-0040-000_1.jpg","https://www.mmt.com.au/Files/Product assets/Images/41/900-13701-0040-000_1.jpg","https://www.mmt.com.au/Files/Product assets/Images/41/900-13701-0040-000_1.jpg","MELBHO","1","10*10*10","Order to Order","4","",""
"900-13767-0000-000","900-13767-0000-000","NVIDIA","41","NVIDIA Jetson Orin NX 16GB Module","1688.00","1191","0","IoT Edge Solutions","Artificial Intelligence","Experience the world’s most powerful AI computer for autonomous, power-efficient machines in the smallest Jetson form factor. It delivers up to 5X the performance and twice the CUDA® cores of the NVIDIA Jetson Xavier NX, plus high-speed interface support for multiple sensors. With 100 TOPS for multiple concurrent AI inference pipelines, Jetson Orin NX gives you big performance in an amazingly compact package.","AI Performance: 100 TOPS
GPU: 1024-core NVIDIA Ampere architecture GPU with 32 Tensor Cores
GPU Max Frequency: 918 MHz
CPU: 8-core Arm Cortex - A78AE v8.2 64-bit CPU 2MB L2 + 4MB L3
CPU Max Frequency: 2 GHz
DL Accelerator: 2x NVDLA v2
DLA Max Frequency: 614 MHz
Vision Accelerator: 1x PVA v2
Memory: 16GB 128-bit LPDDR5 102.4GB/s
Storage: Supports external NVMe
Video Encode: 1x 4K60 (H.265) 3x 4K30 (H.265) 6x 1080p60 (H.265) 12x 1080p30 (H.265)
Video Decode: 1x 8K30 (H.265) 2x 4K60 (H.265) 4x 4K30 (H.265) 9x 1080p60 (H.265) 18x 1080p30 (H.265)
Camera: Up to 4 cameras (8 via virtual channels) 8 lanes MIPI CSI-2 D-PHY 2.1 (up to 20Gbps)
PCIe: 1 x4 + 3 x1 (PCIe Gen4, Root Port, & Endpoint)
USB: 3x USB 3.2 Gen2 (10 Gbps) 3x USB 2.0
Networking: 1x GbE
Display: 1 x 8K30 multi-mode DP 1.4a (+MST)/eDP 1.4a/HDMI 2.1
Other I/O: 3x UART, 2x SPI, 2x I2S, 4x I2C, 1x CAN, DMIC & DSPK, PWM, GPIOs
Power: 10W - 25W
Mechanical: 69.6mm x 45mm 260-pin SO-DIMM connector","https://www.mmt.com.au/Files/Product assets/Images/41/900-13767-0000-000.jpg","https://www.mmt.com.au/Files/Product assets/Images/41/900-13767-0000-000.jpg","https://www.mmt.com.au/Files/Product assets/Images/41/900-13767-0000-000.jpg","MELBHO","0.06","4*6*10","Order to Order","4","",""
"900-13767-0000-001","900-13767-0000-001","NVIDIA","41","NVIDIA Jetson Orin NX 16GB Module","0.00","1193","15","IoT Edge Solutions","Artificial Intelligence","The NVIDIA Jetson Orin NX 16GB module delivers up to 100 TOPS of AI performance in the smallest Jetson form-factor, with power configurable between 10W and 25W. This gives you 3X the performance of NVIDIA Jetson AGX Xavier and 5X the performance of NVIDIA Jetson Xavier NX, making it ideal for small form-factor, low-power products like drones and handheld devices.","","https://www.mmt.com.au/Files/Images/Product Images/900-13767-0000-001.jpg","https://www.mmt.com.au/Files/Images/Product Images/900-13767-0000-001.jpg","https://www.mmt.com.au/Files/Images/Product Images/900-13767-0000-001.jpg","MELBHO","0.5","0.5*4.5*7","Order to Order","4","",""
"900-13767-0010-001","900-13767-0010-001","NVIDIA","41","NVIDIA Jetson Orin NX 8GB module","0.00","790","0","IoT Edge Solutions","Artificial Intelligence","The NVIDIA Jetson Orin NX 8GB module delivers up to 70 TOPS of AI performance in the smallest Jetson form-factor, with power configurable between 10W and 20W. This gives you more than 2X the performance of NVIDIA Jetson AGX Xavier and 3X the performance of NVIDIA Jetson Xavier NX, making it ideal for small form-factor, low-power products like drones and handheld devices.","","https://www.mmt.com.au/Files/Images/Product Images/900-13767-0010-001.jpg","https://www.mmt.com.au/Files/Images/Product Images/900-13767-0010-001.jpg","https://www.mmt.com.au/Files/Images/Product Images/900-13767-0010-001.jpg","MELBHO","0.5","0.5*4.5*7","Order to Order","4","",""
"900-13767-0030-000","900-13767-0030-000","NVIDIA","41","NVIDIA Jetson Orin Nano 8GB Module","0.00","431","20","IoT Edge Solutions","Artificial Intelligence","The NVIDIA Jetson Orin Nano 8GB module delivers up to 40 TOPS of AI performance in the smallest Jetson form-factor, with power configurable from 7W to15W. This gives you up to 30X the performance of NVIDIA Jetson TX2 NX and extends the reach of entry-level Edge AI.","","https://www.mmt.com.au/Files/Images/Product Images/900-13767-0030-000.jpg","https://www.mmt.com.au/Files/Images/Product Images/900-13767-0030-000.jpg","https://www.mmt.com.au/Files/Images/Product Images/900-13767-0030-000.jpg","MELBHO","0.5","0.5*4.5*7","Order to Order","4","",""
"900-13767-0040-000","900-13767-0040-000","NVIDIA","41","NVIDIA Jetson Orin Nano 4GB Module","0.00","387","0","IoT Edge Solutions","Artificial Intelligence","Jetson Orin Nano series modules deliver up to 40 TOPS of AI performance in the smallest Jetson form-factor, with power options between 7W and 15W. This gives you up to 80X the performance of NVIDIA Jetson Nano. Jetson Orin Nano is available in 8GB and 4GB versions.","AI Performance: 20 TOPS
GPU: 512-core NVIDIA Ampere architecture GPU with 16 Tensor Cores
GPU Max Frequency: 625MHz
CPU: 6-core Arm Cortex-A78AE v8.2 64-bit CPU 1.5MB L2 + 4MB L3
CPU Max Frequency: 1.5 GHz
Memory: 4GB 64-bit LPDDR5 34 GB/s
Storage: Supports external NVMe
Video Encode: 1080p30 supported by 1-2 CPU cores
Video Decode: 1x 4K60 (H.265) 2x 4K30 (H.265) 5x 1080p60 (H.265) 11x 1080p30 (H.265)
CSI Camera: Up to 4 cameras (8 via virtual channels) 8 lanes MIPI CSI-2 D-PHY 2.1 (up to 20Gbps)
PCIe: 1 x4 + 3 x1 (PCIe Gen3, Root Port, & Endpoint)
USB: 3x USBÂ 3.2 Gen2 (10Â Gbps) 3x USB 2.0
Networking: 1xGbE
Display: 1x 4K30 multi-mode DP 1.2 (+MST)/eDP 1.4/HDMI 1.4
Other I/O: 3x UART, 2x SPI, 2x I2S, 4x I2C, 1x CAN, DMIC & DSPK, PWM, GPIOs
Power: 7W - 10W
Mechanical: 69.6mm x 45mm 260-pin SO-DIMM connector","https://www.mmt.com.au/Files/Images/Product Images/900-13767-0040-000.jpg","https://www.mmt.com.au/Files/Images/Product Images/900-13767-0040-000.jpg","https://www.mmt.com.au/Files/Images/Product Images/900-13767-0040-000.jpg","MELBHO","0.5","0.5*4.5*7","Order to Order","4","",""
"900-13834-0000-000","900-13834-0000-000","NVIDIA","41","NVIDIA Jetson AGX Thor T4000 Module","0.00","4103","0","IoT Edge Solutions","Artificial Intelligence","The NVIDIA® Jetson T4000™ module offers exceptional performance for physical AI and robotics. This includes up to 1200 FP4 TFLOPS of AI compute and 64 GB of memory with power configurable between 40 W and 70 W. Compared to AGX Orin™, it delivers over 4x the AI compute with exceptional energy efficiency and real-time reasoning.","","https://www.mmt.com.au/Files/Images/Product Images/900-13834-0000-000.jpg","https://www.mmt.com.au/Files/Images/Product Images/900-13834-0000-000.jpg","https://www.mmt.com.au/Files/Images/Product Images/900-13834-0000-000.jpg","MELBHO","0.5","0.5*4.5*7","Order to Order","4","",""
"900-13834-0080-000","900-13834-0080-000","NVIDIA","41","NVIDIA Jetson AGX Thor T5000 Module","0.00","5670","0","IoT Edge Solutions","Artificial Intelligence","The NVIDIA® Jetson T5000™ unlocks real-time reasoning for general robotics and physical AI with the highest level of performance. You get up to 2070 FP4 TFLOPS of AI compute and 128 GB of memory with power configurable between 40 W and 130 W. Compared to AGX Orin™, it delivers over 7.5x higher AI compute than NVIDIA AGX Orin™, with 3.5x better energy efficiency.","","https://www.mmt.com.au/Files/Images/Product Images/900-13834-0080-000.jpg","https://www.mmt.com.au/Files/Images/Product Images/900-13834-0080-000.jpg","https://www.mmt.com.au/Files/Images/Product Images/900-13834-0080-000.jpg","MELBHO","0.5","0.5*4.5*7","Order to Order","4","",""
"900-2G133-0010-000","900-2G133-0010-000","NVIDIA","11W","NVIDIA L40 48GB GDDR6 PCIe DSlot Ada","15668.00","11249","0","Graphic Output","Graphics Cards - Workstation","NVIDIA L40 is Powered by the NVIDIA Ada Lovelace architecture Designed to deliver outstanding gaming and creating, professional graphics, AI, and compute performance. It has a Single slot card featuring 48 GB of DDR6 memory and a 300W maximum power limit. NVIDIA L40 supports x16 PCIe 4.0 connectivity. The NVIDIA L40 GPU delivers unprecedented visual computing performance for the data center, providing next-generation graphics, compute, and AI capabilities. The NVIDIA L40 harnesses the power of the latest generation RT, Tensor, and CUDA cores to deliver groundbreaking visualization and compute performance for the most demanding data center workloads.","GPU Architecture: NVIDIA Ada Lovelace Architecture
GPU Memory: 48 GB GDDR6 with ECC
Display Connectors: 4 x DP 1.4a
Max Power Consumption: 300W
Form Factor: 4.4"" (H) x 10.5"" (L) Dual Slot
Thermal: Passive
vGPU Software Support: NVIDIA vPC/vApps, NVIDIA RTX Virtual Workstation (vWS)
NVENC | NVDEC: 3x | 3x (Includes AV1 Encode & Decode)
Secure Boot with Root of Trust: Yes
NEBS Ready: Yes / Level 3
Power Connector: 1x PCIe CEM5 16-pin","https://www.mmt.com.au/Files/Product assets/Images/11W/900-2G133-0010-000.jpg","https://www.mmt.com.au/Files/Product assets/Images/11W/900-2G133-0010-000.jpg","https://www.mmt.com.au/Files/Product assets/Images/11W/900-2G133-0010-000.jpg","MELBHO","2","10*2*10","Order to Order","4","",""
"900-2G153-0000-000","900-2G153-0000-000","NVIDIA","11W","NVIDIA RTX PRO 6000 Blackwell Server Edition","21900.00","16399","0","Graphic Output","Graphics Cards - Workstation","Universal AI and Visual Computing Performance for the Data Center
Built on the groundbreaking NVIDIA Blackwell architecture, the NVIDIA RTX PRO™ 6000 Blackwell Server Edition delivers a powerful combination of AI and visual computing capabilities to accelerate enterprise data center workloads. Equipped with 96GB of ultra-fast GDDR7 memory, the NVIDIA RTX PRO 6000 Blackwell provides unparalleled performance and flexibility to accelerate a broad range of use cases - from agentic AI, physical AI, and scientific computing to rendering, 3D graphics, and video.","GPU Architecture: NVIDIA Blackwell
GPU Memory: 96 GB GDDR7 with ECC
Display Ports: 4x DisplayPort 2.1b
Max Power Consumption: 600 W
Graphics Bus: PCIe 5.0 x16
Form Factor: 4.4"" x 10.5"" L, Dual Slot, Full Height","https://www.mmt.com.au/Files/Product assets/Images/11W/900-2G153-0000-000.jpg","https://www.mmt.com.au/Files/Product assets/Images/11W/900-2G153-0000-000.jpg","https://www.mmt.com.au/Files/Product assets/Images/11W/900-2G153-0000-000.jpg","MELBHO","2","5*15*29","Current Stock","1","09/09/2099",""
"900-2G179-0020-100","900-2G179-0020-100","NVIDIA","11W","NVIDIA A2 16GB GDDR6 PCIe SSlot Amp LP","2545.00","1799","0","Graphic Output","Graphics Cards - Workstation","The NVIDIA A2 Tensor Core GPU is Powered by the NVIDIA Ampere architecture represents a significant advancement in GPU technology. It has a Single Slot card featuring 16 GB of GDDR6 memory and a 60W maximum power limit. The A2 supports x8 PCIe Gen4 connectivity. It is a Passively cooled card with a superior thermal design that requires system airflow to operate and handles challenging ambient environments with ease (NEBS-3 capable). A2's versatility, compact size, and low power exceed the demands for edge deployments at scale, instantly upgrading existing entry-level CPU servers to handle inference","Peak FP32: 4.5 TF
TF32 Tensor Core: 9 TF
BFLOAT16 Tensor Core: 18 TF
Peak FP16 Tensor Core: 18 TF
Peak INT8 Tensor Core: 36 TOPS
Peak INT4 Tensor Core: 72 TOPS
RT Cores: 10
Media engines: 1 video encoder, 2 video decoders (includes AV1 decode)
GPU memory: 16GB GDDR6
GPU memory bandwidth: 200GB/s
Interconnect: PCIe Gen4 x8
Form factor: 1-slot, low-profile PCIe
Max thermal design power (TDP): 40 - 60W (configurable)
Virtual GPU (vGPU) software support: NVIDIA Virtual PC (vPC), NVIDIA Virtual Applications (vApps), NVIDIA RTX Virtual Workstation (vWS), NVIDIA AI Enterprise, NVIDIA Virtual Compute Server (vCS)","https://www.mmt.com.au/Files/Product assets/Images/11W/900-2G179-0020-100.jpg","https://www.mmt.com.au/Files/Product assets/Images/11W/900-2G179-0020-100.jpg","https://www.mmt.com.au/Files/Product assets/Images/11W/900-2G179-0020-100.jpg","MELBHO","0.3","15*3*20","Order to Order","4","",""
"900-2G179-0020-101","900-2G179-0020-101","NVIDIA","11W","NVIDIA A2 16GB GDDR6 PCIe SSlot Amp ATX","2545.00","1886","0","Graphic Output","Graphics Cards - Workstation","The NVIDIA A2 Tensor Core GPU is Powered by the NVIDIA Ampere architecture represents a significant advancement in GPU technology. It has a Single Slot card featuring 16 GB of GDDR6 memory and a 60W maximum power limit. The A2 supports x8 PCIe Gen4 connectivity. It is a Passively cooled card with a superior thermal design that requires system airflow to operate and handles challenging ambient environments with ease (NEBS-3 capable). A2's versatility, compact size, and low power exceed the demands for edge deployments at scale, instantly upgrading existing entry-level CPU servers to handle inference","Peak FP32: 4.5 TF
TF32 Tensor Core: 9 TF
BFLOAT16 Tensor Core: 18 TF
Peak FP16 Tensor Core: 18 TF
Peak INT8 Tensor Core: 36 TOPS
Peak INT4 Tensor Core: 72 TOPS
RT Cores: 10
Media engines: 1 video encoder, 2 video decoders (includes AV1 decode)
GPU memory: 16GB GDDR6
GPU memory bandwidth: 200GB/s
Interconnect: PCIe Gen4 x8
Form factor: 1-slot, low-profile PCIe
Max thermal design power (TDP): 40 - 60W (configurable)
Virtual GPU (vGPU) software support: NVIDIA Virtual PC (vPC), NVIDIA Virtual Applications (vApps), NVIDIA RTX Virtual Workstation (vWS), NVIDIA AI Enterprise, NVIDIA Virtual Compute Server (vCS)","https://www.mmt.com.au/Files/Product assets/Images/11W/900-2G179-0020-101.jpg","https://www.mmt.com.au/Files/Product assets/Images/11W/900-2G179-0020-101.jpg","https://www.mmt.com.au/Files/Product assets/Images/11W/900-2G179-0020-101.jpg","MELBHO","0.3","15*3*20","Order to Order","4","",""
"900-2G193-0000-000","900-2G193-0000-000","NVIDIA","11W","NVIDIA L4 24GB (OEM Packaging)","4838.00","3479","3","Graphic Output","Graphics Cards - Workstation","NVIDIA L4 Tensor Core GPU is Powered by the NVIDIA Ada Lovelace architecture Designed to deliver outstanding gaming and creating, professional graphics, AI, and compute performance. It has a Single slot card featuring 24 GB of DDR6 memory and a 72W maximum power limit. NVIDIA L4 Tensor Core GPU supports x16 PCIe 4.0 connectivity. As the most efficient NVIDIA accelerator for mainstream use, servers equipped with L4 power up to 120X higher AI video performance and 2.7X more generative AI performance over CPU solutions, as well as over 4X more graphics performance than the previous GPU generation.","","https://www.mmt.com.au/Files/Product assets/Images/11W/900-2G193-0000-000.jpg","https://www.mmt.com.au/Files/Product assets/Images/11W/900-2G193-0000-000.jpg","https://www.mmt.com.au/Files/Product assets/Images/11W/900-2G193-0000-000.jpg","MELBHO","0.3","3*15*18","Current Stock","1","",""
"900-52061-0000-000","900-52061-0000-000","NVIDIA","11W","NVIDIA Quadro Sync II Card","1375.00","699","7","Graphic Output","Graphics Cards - Workstation","The NVIDIA® Quadro® Sync II card is designed as an add-on card for NVIDIA RTX™/Quadro series GPUs.). The NVIDIA Quadro Sync II card fits into a free PCI Express slot within the system. The card does not use any electrical or data connection through the PCIe bus.","Keep multi-projector systems or video walls free of imaging artifacts without impacting performance
Align inputs for multi-input display devices like 4K projectors or panels
Keep stereoscopic 3D displaying properly across multiple systems
Align displays or projectors to an external timing source","https://www.mmt.com.au/Files/Product assets/Images/11W/900-52061-0000-000.jpg","https://www.mmt.com.au/Files/Product assets/Images/11W/900-52061-0000-000.jpg","https://www.mmt.com.au/Files/Product assets/Images/11W/900-52061-0000-000.jpg","MELBHO","0.5","6*15*22","Current Stock","1","","812674021171"
"900-52061-0000-100","900-52061-0000-100","NVIDIA","11A","NVIDIA RTX PRO Sync","1499.00","999","10","Graphic Output","Graphics Cards - Accessories","NVIDIA RTX PRO™ Sync solutions enable the creation of dazzling ultra-high-resolution, perfectly synchronized displays to meet the visualization and presentation needs across industries.
Designed for flexibility and scalability, RTX PRO Sync boards connect to select NVIDIA RTX PRO GPUs, synchronizing them with attached displays or projectors. RTX PRO Sync also enables NVIDIA Mosaic technology on those synchronized displays and projectors, providing an easy way to scale the resolution of any application.
Benefits of RTX PRO Sync
RTX PRO Sync with NVIDIA RTX PRO GPUs supports Windows 10, Windows 11, and Linux, providing a robust system that lets you:
> Keep multi-projector systems or video walls free of imaging artifacts without impacting performance
> Align inputs for multi-input display devices like 4K projectors or panels
> Keep stereoscopic 3D displaying properly across multiple systems
> Align displays or projectors to an external timing source
Compatible GPUs
NVIDIA RTX PRO 6000 Blackwell Workstation Edition
NVIDIA RTX PRO 6000 Blackwell Max-Q Workstation Edition
NVIDIA RTX PRO 5000 Blackwell
NVIDIA RTX PRO 4500 Blackwell
NVIDIA RTX PRO 4000 Blackwell
NVIDIA RTX™ 6000 Ada Generation
NVIDIA RTX 5000 Ada Generation
NVIDIA RTX 4500 Ada Generation
NVIDIA RTX 4000 Ada Generation
NVIDIA RTX 4000 SFF Ada Generation
NVIDIA RTX A6000
NVIDIA RTX A5500
NVIDIA RTX A5000
NVIDIA RTX A4500
NVIDIA RTX A4000
NVIDIA A40
NVIDIA L40 | L40S
Quadro® RTX 8000
Quadro RTX 6000
Quadro RTX 5000
Quadro RTX 4000
Quadro GV100","","https://www.mmt.com.au/Files/Product assets/Images/11A/nvidia.png","https://www.mmt.com.au/Files/Product assets/Images/11A/nvidia.png","https://www.mmt.com.au/Files/Product assets/Images/11A/nvidia.png","MELBHO","0.47","6*21*15","Current Stock","1","","810152850305"
"900-53651-0000-000","900-53651-0000-000","NVIDIA","11W","NVIDIA NVLINK Bridge 2-WAY 2-SLOT x16","300.00","223","0","Graphic Output","Graphics Cards - Workstation","NVIDIA NVLINK Bridge 2-WAY 2-SLOT x16 Increasing compute demands in AI and high-performance computing (HPC) including an emerging class of trillion-parameter models are driving a need for multi-node, multi-GPU systems with seamless, high-speed communication between every GPU. To build the most powerful, end-to-end computing platform that can meet the speed of business, a fast, scalable interconnect is needed.","NVLink bandwidth per GPU: Second Generation - 300GB/s, Third Generation - 600GB/s, Fourth Generation 900GB/s
Maximum Number of Links per GPU: Second Generation - 6, Third Generation - 12, Fourth Generation - 18
Supported NVIDIA Architectures: Second Generation -	NVIDIA Volta architecture, Third Generation - NVIDIA Ampere Architecture, Fourth Generation - NVIDIA Hopper Architecture","https://www.mmt.com.au/Files/Product assets/Images/11W/900-53651-0000-000.jpg","https://www.mmt.com.au/Files/Product assets/Images/11W/900-53651-0000-000.jpg","https://www.mmt.com.au/Files/Product assets/Images/11W/900-53651-0000-000.jpg","MELBHO","0.1","1*8*11","Order to Order","4","",""
"900-53651-2500-000","900-53651-2500-000","NVIDIA","11W","NVIDIA NVLINK Bridge 2-Slot","313.00","221","0","Graphic Output","Graphics Cards - Workstation","NVIDIA NVLINK Bridge 2-Slot is the world's first high-speed GPU interconnect offering a significantly faster alternative for multi-GPU systems than traditional PCIe-based solutions. Connecting two NVIDIA graphics cards with NVLink enables scaling of memory and performance1 to meet the demands of your largest visual computing workloads.","NVIDIA RTX A6000 / NVIDIA RTX A5500 / NVIDIA RTX A5000 / NVIDIA RTX A4500: Bandwith - Up to 112 GB/s
Quadro RTX 8000 / Quadro RTX 6000: Bandwith - Up to 100 GB/s
Quadro RTX 5000: Bandwith Up to 50 GB/s
Quadro GV100: Bandwith Up to 200 GB/s (with two bridges)","https://www.mmt.com.au/Files/Product assets/Images/11W/900-53651-2500-000.jpg","https://www.mmt.com.au/Files/Product assets/Images/11W/900-53651-2500-000.jpg","https://www.mmt.com.au/Files/Product assets/Images/11W/900-53651-2500-000.jpg","MELBHO","0.19","4*11*17","Order to Order","4","","812674024561"
"900-53669-0000-000","900-53669-0000-000","NVIDIA","11W","NVIDIA NVLINK Bridge 2-WAY 3-SLOT x16","300.00","223","0","Graphic Output","Graphics Cards - Workstation","NVIDIA NVLINK Bridge 2-WAY 3-SLOT x16 Increasing compute demands in AI and high-performance computing (HPC) including an emerging class of trillion-parameter models are driving a need for multi-node, multi-GPU systems with seamless, high-speed communication between every GPU. To build the most powerful, end-to-end computing platform that can meet the speed of business, a fast, scalable interconnect is needed.","NVLink bandwidth per GPU: Second Generation - 300GB/s, Third Generation - 600GB/s, Fourth Generation 900GB/s
Maximum Number of Links per GPU: Second Generation - 6, Third Generation - 12, Fourth Generation - 18
Supported NVIDIA Architectures: Second Generation - NVIDIA Volta architecture, Third Generation - NVIDIA Ampere Architecture, Fourth Generation - NVIDIA Hopper Architecture","https://www.mmt.com.au/Files/Product assets/Images/11W/900-53669-0000-000.jpg","https://www.mmt.com.au/Files/Product assets/Images/11W/900-53669-0000-000.jpg","https://www.mmt.com.au/Files/Product assets/Images/11W/900-53669-0000-000.jpg","MELBHO","0.05","2*9*12","Order to Order","4","",""
"900-53669-2500-000","900-53669-2500-000","NVIDIA","11W","NVIDIA NVLINK Bridge 3-Slot","313.00","226","0","Graphic Output","Graphics Cards - Workstation","NVIDIA NVLINK Bridge 3-Slot is the world's first high-speed GPU interconnect offering a significantly faster alternative for multi-GPU systems than traditional PCIe-based solutions. Connecting two NVIDIA graphics cards with NVLink enables scaling of memory and performance1 to meet the demands of your largest visual computing workloads.","NVIDIA RTX A6000 / NVIDIA RTX A5500 / NVIDIA RTX A5000 / NVIDIA RTX A4500: Bandwith - Up to 112 GB/s
Quadro RTX 8000 / Quadro RTX 6000: Bandwith - Up to 100 GB/s
Quadro RTX 5000: Bandwith Up to 50 GB/s
Quadro GV100: Bandwith Up to 200 GB/s (with two bridges)","https://www.mmt.com.au/Files/Product assets/Images/11W/900-53669-2500-000.jpg","https://www.mmt.com.au/Files/Product assets/Images/11W/900-53669-2500-000.jpg","https://www.mmt.com.au/Files/Product assets/Images/11W/900-53669-2500-000.jpg","MELBHO","0.16","3.5*17*11","Order to Order","4","17/07/2026","812674024714"
"900-5G144-2500-000","900-5G144-2500-000","NVIDIA","GROUP81","NVIDIA RTX PRO 6000 Blackwell Workstation Edition","21690.00","15999","0","","New Products","The NVIDIA RTX PRO™ 6000 Blackwell Workstation Edition is the most powerful desktop GPU ever created, redefining performance and capability for professionals. Dominate the most advanced models and tackle the most demanding creative workflows with unmatched AI processing power. Built on the groundbreaking NVIDIA Blackwell architecture and equipped with 96GB of ultra-fast GDDR7 memory, the RTX PRO 6000 delivers unparalleled speed, precision, and efficiency, empowering you to achieve the impossible.","GPU Architecture: NVIDIA Blackwell
GPU Memory: 96 GB GDDR7 with ECC
Display Ports: 4x DisplayPort 2.1b
Max Power Consumption: 600 W
Graphics Bus: PCIe 5.0 x16
Form Factor: 5.4"" H x 12"" L, Dual Slot, Extended Height","https://www.mmt.com.au/Files/Product assets/Images/11W/900-5G144-2500-000.jpg","https://www.mmt.com.au/Files/Product assets/Images/11W/900-5G144-2500-000.jpg","https://www.mmt.com.au/Files/Product assets/Images/11W/900-5G144-2500-000.jpg","MELBHO","3.9","9*26*46","Current Stock","1","09/09/2099",""
"900-5G147-2550-000","900-5G147-2550-000","NVIDIA","11W","NVIDIA RTX PRO 4500 Blackwell 32GB","6890.00","4499","0","Graphic Output","Graphics Cards - Workstation","The NVIDIA RTX Pro 4500 is Powered by the NVIDIA Blackwell architecture, a paradigm shift in accelerated computing that merges unprecedented AI, ray tracing, and neural rendering advancements to redefine professional workflows for the next decade. It has a Dual slot card featuring 32 GB of GDDR7 memory and a 200W maximum power limit. NVIDIA RTX Pro 4500 supports x1 PCIe CEM5 connectivity. The new SM features increased processing throughput, and new neural shaders that integrate neural networks inside of programmable shaders to drive the next decade of AI-augmented graphics innovations.","GPU Architecture: NVIDIA Blackwell
GPU Memory: 32 GB GDDR7 with ECC
Display Ports: 4x DisplayPort 2.1b
Max Power Consumption: 200 W
Graphics Bus: PCIe 5.0 x16
Form Factor: 4.4"" x 10.5"" L, Dual Slot, Full Height","https://www.mmt.com.au/Files/Product assets/Images/11W/900-5G147-2550-000.jpg","https://www.mmt.com.au/Files/Product assets/Images/11W/900-5G147-2550-000.jpg","https://www.mmt.com.au/Files/Product assets/Images/11W/900-5G147-2550-000.jpg","MELBHO","2.02","8*24*42","Current Stock","1","09/09/2099",""
"900-5G147-2570-000","900-5G147-2570-000","NVIDIA","11W","NVIDIA RTX PRO 4000 Blackwell 24GB","4290.00","2799","2","Graphic Output","Graphics Cards - Workstation","The Ultimate Single-Slot GPU for AI, Neural Rendering, and Precision Workflows
Experience the power of the most advanced single-slot GPU for professionals. Powered by NVIDIA Blackwell architecture, NVIDIA RTX PRO™ 4000 Blackwell delivers breakthrough AI performance, neural graphics, and unmatched efficiency to unlock new experiences and accelerate demanding workflows. Equipped with 24GB of ultra-fast memory, fifth-generation Tensor Cores, and fourth-generation RT Cores, work with large datasets, accelerate generative AI workflows, and render photorealistic scenes at blazing speeds.","GPU Architecture: NVIDIA Blackwell
GPU Memory: 24 GB GDDR7 with ECC
Display Ports: 4x DisplayPort 2.1b
Max Power Consumption: 140 W
Graphics Bus: PCIe 5.0 x16
Form Factor: 4.4"" x 9.5"" L, Single Slot, Full Height","https://www.mmt.com.au/Files/Product assets/Images/11W/900-5G147-2570-000.jpg","https://www.mmt.com.au/Files/Product assets/Images/11W/900-5G147-2570-000.jpg","https://www.mmt.com.au/Files/Product assets/Images/11W/900-5G147-2570-000.jpg","MELBHO","2.02","8*24*42","Current Stock","1","09/09/2099","810152850244"
"900-5G153-2500-000","900-5G153-2500-000","NVIDIA","11W","NVIDIA RTX PRO 6000 Blackwell Max-Q 96GB","21690.00","15999","0","Graphic Output","Graphics Cards - Workstation","The NVIDIA RTX Pro 6000 Max-Q Workstation Edition is Powered by the NVIDIA Blackwell architecture, a paradigm shift in accelerated computing that merges unprecedented AI, ray tracing, and neural rendering advancements to redefine professional workflows for the next decade. It has a Dual slot card featuring  96GB of GDDR7 memory and a 300W maximum power limit. NVIDIA RTX Pro 6000 Max-Q supports x1 PCIe CEM5 connectivity. The new SM features increased processing throughput, and new neural shaders that integrate neural networks inside of programmable shaders to drive the next decade of AI-augmented graphics innovations.","GPU Architecture: NVIDIA Blackwell
GPU Memory: 96 GB GDDR7 with ECC
Display Ports: 4x DisplayPort 2.1b
Max Power Consumption: 300 W
Graphics Bus: PCIe 5.0 x16
Form Factor: 4.4"" x 10.5"" L, Dual Slot, Full Height","https://www.mmt.com.au/Files/Product assets/Images/11W/900-5G153-2500-000.jpg","https://www.mmt.com.au/Files/Product assets/Images/11W/900-5G153-2500-000.jpg","https://www.mmt.com.au/Files/Product assets/Images/11W/900-5G153-2500-000.jpg","MELBHO","2.7","8*41*24","Current Stock","1","08/03/2027","810152850220"
"900-5G153-2550-000","900-5G153-2550-000","NVIDIA","11W","NVIDIA RTX PRO 5000 Blackwell 48GB","11990.00","8399","21","Graphic Output","Graphics Cards - Workstation","Breakthrough Performance
Unlock next-level AI performance and neural rendering capabilities with the NVIDIA RTX PRO™ 5000 Blackwell. Built on NVIDIA Blackwell architecture and equipped with 48GB of ultra-fast GDDR7 memory, it accelerates everything from AI development, LLM inference, and generative AI workflows along with high-fidelity simulations, video production, and complex 3D modeling from your desktop. With the RTX PRO 5000, seamlessly run local AI assistants, craft photorealistic visuals with neural rendering, and optimize precision-critical simulations for engineering and scientific research, all with unmatched stability and speed.
The NVIDIA RTX Pro 5000 is Powered by the NVIDIA Blackwell architecture, a paradigm shift in accelerated computing that merges unprecedented AI, ray tracing, and neural rendering advancements to redefine professional workflows for the next decade. It has a Dual slot card featuring 48 GB of GDDR7 memory and a 300W maximum power limit. NVIDIA RTX Pro 5000 supports x1 PCIe CEM5 connectivity. The new SM features increased processing throughput, and new neural shaders that integrate neural networks inside of programmable shaders to drive the next decade of AI-augmented graphics innovations.","GPU Architecture: NVIDIA Blackwell
GPU Memory: 48 GB GDDR7 with ECC
Display Ports: 4x DisplayPort 2.1b
Max Power Consumption: 300 W
Graphics Bus: PCIe 5.0 x16
Form Factor: 4.4"" x 10.5"" L, Dual Slot, Full Height","https://www.mmt.com.au/Files/Product assets/Images/11W/900-5G153-2550-000.jpg","https://www.mmt.com.au/Files/Product assets/Images/11W/900-5G153-2550-000.jpg","https://www.mmt.com.au/Files/Product assets/Images/11W/900-5G153-2550-000.jpg","MELBHO","1.97","8*24*41","Current Stock","1","",""
"900-5G153-2570-000","900-5G153-2570-000","NVIDIA","11W","NVIDIA RTX PRO 5000 72GB Blackwell","18999.00","11699","5","Graphic Output","Graphics Cards - Workstation","Breakthrough Performance
Unlock next-level AI performance and neural rendering capabilities with the NVIDIA RTX PRO™ 5000 Blackwell. Built on NVIDIA Blackwell architecture and equipped with 72 GB of ultra-fast GDDR7 memory, it accelerates everything from AI development, LLM inference, and generative AI workflows along with high-fidelity simulations, video production, and complex 3D modeling from your desktop. With the RTX PRO 5000, seamlessly run local AI assistants, craft photorealistic visuals with neural rendering, and optimize precision-critical simulations for engineering and scientific research, all with unmatched stability and speed.
The NVIDIA RTX Pro 5000 is Powered by the NVIDIA Blackwell architecture, a paradigm shift in accelerated computing that merges unprecedented AI, ray tracing, and neural rendering advancements to redefine professional workflows for the next decade. It has a Dual slot card featuring 72 GB of GDDR7 memory and a 300W maximum power limit. NVIDIA RTX Pro 5000 supports x1 PCIe CEM5 connectivity. The new SM features increased processing throughput, and new neural shaders that integrate neural networks inside of programmable shaders to drive the next decade of AI-augmented graphics innovations.","GPU Architecture: NVIDIA Blackwell
GPU Memory: 72 GB GDDR7 with ECC
Display Ports: 4x DisplayPort 2.1b
Max Power Consumption: 300 W
Graphics Bus: PCIe 5.0 x16
Form Factor: 4.4"" x 10.5"" L, Dual Slot, Full Height","https://www.mmt.com.au/Files/Product assets/Images/11W/900-5G153-2570-000.jpg","https://www.mmt.com.au/Files/Product assets/Images/11W/900-5G153-2570-000.jpg","https://www.mmt.com.au/Files/Product assets/Images/11W/900-5G153-2570-000.jpg","MELBHO","2","5*10*30","Current Stock","1","",""
"900-5G172-2560-000","900-5G172-2560-000","NVIDIA","11W","NVIDIA RTX A400 4GB","342.00","229","46","Graphic Output","Graphics Cards - Workstation","NVIDIA RTX-Powered Workstations for Every Workflow
Real-time ray tracing and AI acceleration, now accessible to all professionals with the NVIDIA RTX A400. Bring realism to your designs, accelerate workflows with AI, and build expansive workspaces. With its compact design that fits any workspace, the RTX A400 empowers you to create anything you can imagine with incredible efficiency.
The NVIDIA RTX A400 is Powered by the NVIDIA Ampere architecture represents a significant advancement in GPU technology. Featuring 768 CUDA Cores, 24 third-generation Tensor Cores, six second generation RT Cores, and 4GB of GDDR6 graphics memory, the RTX A400 ensures AI-powered workflows and stunning ray-traced visuals are delivered with unprecedented performance in a space-saving design. With its compact form factor, the RTX A400 fits effortlessly into any workstation, providing the necessary performance and capabilities for today's professional workflows without compromising on efficiency or workspace.","GPU Architecture: Ampere
GPU Memory: 4GB GDDR6
Display Ports: 4 x mini DisplayPort 1.4a
Max Power Consumption: 50W
Graphics Bus: PCIe Gen 4 x 8
Form Factor: 2.7"" (H) x 6.4"" (L), single slot","https://www.mmt.com.au/Files/Product assets/Images/11W/900-5G172-2560-000.jpg","https://www.mmt.com.au/Files/Product assets/Images/11W/900-5G172-2560-000.jpg","https://www.mmt.com.au/Files/Product assets/Images/11W/900-5G172-2560-000.jpg","MELBHO","0.8","5*18*33","Current Stock","1","","810152850107"
"900-5G172-2580-000","900-5G172-2580-000","NVIDIA","11W","NVIDIA RTX A1000 8GB","870.00","579","0","Graphic Output","Graphics Cards - Workstation","Unleash the Power of RTX. Now for Every Workstation.
Introducing NVIDIA RTX™ A1000, bringing the power of RTX — real-time ray tracing and AI acceleration – to a whole new audience. Discover the ultimate low-profile, single-slot workstation GPU that will transform your work. Designed for the modern professional, RTX A1000 empowers you to create more compelling visuals, explore new AI-enhanced workflows, and boost your productivity. It redefines efficiency, packing full-scale performance into a sleek, space-saving design. Elevate your projects with cutting-edge technology and experience a new level of performance and productivity, even in compact workspaces.
The NVIDIA RTX A1000 is Powered by the NVIDIA Ampere architecture represents a significant advancement in GPU technology. The NVIDIA RTX A1000 is a powerful, low-profile GPU that brings RTX-powered real time ray tracing and AI acceleration to a whole new audience. Built on the NVIDIA Ampere GPU architecture, it combines 2,304 CUDA Cores, 72 third-generation Tensor Cores, and 18 second-generation RT Cores, and 8GB of GDDR6 graphics memory. With the RTX A1000, you can create more compelling visuals, explore new AI-powered workflows, and boost your productivity, all from a small-form-factor solution.","GPU Architecture: Ampere
GPU Memory: 8GB GDDR6
Display Ports: 4 x mini DisplayPort 1.4a
Max Power Consumption: 50W
Graphics Bus: PCIe Gen 4 x8
Form Factor: 2.7"" (H) x 6.4"" (L), single slot","https://www.mmt.com.au/Files/Product assets/Images/11W/900-5G172-2580-000.jpg","https://www.mmt.com.au/Files/Product assets/Images/11W/900-5G172-2580-000.jpg","https://www.mmt.com.au/Files/Product assets/Images/11W/900-5G172-2580-000.jpg","MELBHO","0.75","5*33*18","Current Stock","1","28/10/2026","810152850091"
"900-5G192-2541-000","900-5G192-2541-000","NVIDIA","11W","NVIDIA RTX 2000 Ada 16GB","1359.00","949","0","Graphic Output","Graphics Cards - Workstation","The NVIDIA RTX 2000 is Powered by the NVIDIA Ada Lovelace architecture Designed to deliver outstanding gaming and creating, professional graphics, AI, and compute performance. It has a Dual slot card featuring 16 GB of GDDR6 memory and a 70W maximum power limit. NVIDIA RTX 2000 supports x8 PCIe 4.0 connectivity. RTX 2000 empowers users to tackle complex tasks, from content creation and design to data analysis and AI-driven applications, with incredible speed and precision. Featuring the NVIDIA Ada Lovelace GPU architecture, it combines 22 third-generation RT Cores, 88 fourth-generation Tensor Cores, 2,816 CUDA® cores, and 16GB of GDDR6 graphics memory with ECC support.","GPU Architecture: Ada Lovelace
GPU Memory: 16GB GDDR6 with ECC
Display Ports: 4 x mini DisplayPort 1.4a
Max Power Consumption: 70W
Graphics Bus: PCIe Gen 4 x 8
Form Factor: 2.7"" (H) x 6.6"" (L), dual slot","https://www.mmt.com.au/Files/Product assets/Images/11W/900-5G192-2541-000.jpg","https://www.mmt.com.au/Files/Product assets/Images/11W/900-5G192-2541-000.jpg","https://www.mmt.com.au/Files/Product assets/Images/11W/900-5G192-2541-000.jpg","MELBHO","1.501","8*20*36","EOL","2","11/02/2026","810152850046"
"900-5G195-2501-000","900-5G195-2501-000","NVIDIA","11W","NVIDIA RTX PRO 4000 Blackwell SFF 24GB","4290.00","2799","106","Graphic Output","Graphics Cards - Workstation","Breakthrough Performance Designed for Compact Workstations
The NVIDIA RTX PRO™ 4000 Blackwell SFF Edition sets a new standard for low-profile GPUs, combining NVIDIA Blackwell’s advanced architecture with 24 GB of GDDR7 memory to deliver the industry’s highest performance in a compact design. Designed for professionals who demand maximum AI, graphics, and compute performance available in compact systems.
The NVIDIA RTX PRO4000 Blackwell SFF Edition redefines what's possible in a compact, low-profile GPU, combining NVIDIA's revolutionary Blackwell architecture with 24 GB of ultra-fast GDDR7 memory to provide full size performance in a small form factor. Built to accelerate demanding professional workflows, it offers incredible AI compute, next-generation neural graphics, and unmatched power efficiency for its class. Equipped with fifth-generation Tensor Cores and fourth-generation RT Cores, the RTX PRO 4000 SFF effortlessly tackles large, complex datasets and multi-app workflows.","GPU Architecture: NVIDIA Blackwell
GPU Memory: 24 GB GDDR7 with ECC
Display Ports: 4x DisplayPort 2.1b
Max Power Consumption: 70 W
Graphics Bus: PCIe 5.0 x 8
Form Factor: 2.7"" x 6.6"" L, Dual Slot, Half Height","https://www.mmt.com.au/Files/Product assets/Images/11W/900-5G195-2501-000.jpg","https://www.mmt.com.au/Files/Product assets/Images/11W/900-5G195-2501-000.jpg","https://www.mmt.com.au/Files/Product assets/Images/11W/900-5G195-2501-000.jpg","MELBHO","2","8*24*41","Current Stock","1","",""
"900-5G195-2551-000","900-5G195-2551-000","NVIDIA","11W","NVIDIA RTX PRO 2000 Blackwell 16GB","1990.00","1399","82","Graphic Output","Graphics Cards - Workstation","Compact Build. Mighty Performance.
The NVIDIA RTX PRO™ 2000 Blackwell accelerates professional graphics and AI workloads all from a power-efficient, small-form-factor solution. Featuring the groundbreaking Blackwell architecture and 16 GB of ultra-fast GDDR7 memory, seamlessly elevate complex multi-application workflows with inference at the edge and AI-augmented tools to expand your reach from the desktop.
Unlock unparalleled productivity through accelerated multi-application graphics and AI workflows, featuring next-level neural rendering, 3D performance, and AI capabilities. Equipped with the latest gen Tensor Cores, RT Cores, CUDA cores and 16GB of ultra-fast GDDR7 memory, tackle complex product design, content creation, and engineering workflows. Collaborate with desktop AI assistants or run AI inference at the edge, without compromising on performance, power, or space.","GPU Architecture: NVIDIA Blackwell
GPU Memory: 16 GB GDDR7 with ECC
Display Ports: 4x mini DisplayPort 2.1b
Max Power Consumption: 70 W
Graphics Bus: PCIe 5.0 x 8
Form Factor: 2.7"" H x 6.6"" L, Dual Slot","https://www.mmt.com.au/Files/Product assets/Images/11W/900-5G195-2551-000.jpg","https://www.mmt.com.au/Files/Product assets/Images/11W/900-5G195-2551-000.jpg","https://www.mmt.com.au/Files/Product assets/Images/11W/900-5G195-2551-000.jpg","MELBHO","1.97","8*24*41","Current Stock","1","","810152850251"
"900-82888-0040-000","900-82888-0040-000","NVIDIA","41","NVIDIA Jetson AGX Xavier 32GB Module","2438.00","1720","0","IoT Edge Solutions","Artificial Intelligence","The Jetson AGX Xavier module makes AI-powered autonomous machines possible, running in as little as 10W and delivering up to 32 TOPs. As part of the world’s leading AI computing platform, it benefits from NVIDIA’s rich set of AI tools and workflows, enabling developers to quickly train and deploy neural networks.","GPU: NVIDIA Volta architecture with 512 NVIDIA CUDA cores and 64 Tensor cores 22 TOPS (INT8)
CPU: 8-core NVIDIA Carmel Armv8.2 64-bit CPU 8MB L2 + 4MB L3
DL Accelerator: 2x NVDLA 10 TOPS (INT8)
Vision Accelerator: 2x PVA
Memory: 32GB 256-bit LPDDR4x 136.5GB/s
Storage: 32 GB eMMC 5.1
CSI Camera: Up to 6 cameras (36 via virtual channels) 16 lanes MIPI CSI-2, 8 lanes SLVS-EC D-PHY 1.2 (up to 40Gbps) C-PHY 1.1 (up to 62Gbps)
Video Encode: 4x 4K60 (H.265) 8x 4K30 (H.265) 16x 1080p60 (H.265) 32x 1080p30 (H.265) 30x1080p30 (H.264)
Video Decode: 2x 8K30 (H.265) 6x 4K60 (H.265) 12x 4K30 (H.265) 26x 1080p60 (H.265) 52x 1080p30 (H.265) 30x 1080p30 (H.264)
UPHY: 8x PCIe Gen4 | 8x SLVS-EC 3x USB 3.1 Single Lane UFS
Networking: 10/100/1000 BASE-T Ethernet
Display: Three multi-mode DP 1.2a/e DP 1.4/HDMI 2.0 a/b
Other I/O: USB 2.0 UART, SPI, CAN, I2C, I2S, DMIC & DSPK, GPIOs
Power: 10W | 15W | 30W
Mechanical: 100mm x 87mm 699 pin Molex Mirror Mezz Connector Integrated Thermal Transfer Plate","https://www.mmt.com.au/Files/Product assets/Images/41/900-82888-0040-000.jpg","https://www.mmt.com.au/Files/Product assets/Images/41/900-82888-0040-000.jpg","https://www.mmt.com.au/Files/Product assets/Images/41/900-82888-0040-000.jpg","MELBHO","2","1*10*10","Order to Order","4","",""
"900-82888-0080-000","900-82888-0080-000","NVIDIA","41","NVIDIA Jetson AGX Xavier Industrial 32GB","3500.00","2470","0","IoT Edge Solutions","Artificial Intelligence","NVIDIA Jetson AGX Xavier Industrial delivers the highest performance for AI embedded industrial and functional safety applications in a power-efficient, rugged system-on-module. It’s form-factor and pin-compatible with Jetson AGX Xavier and offers up to 20X the performance and 4X the memory of Jetson TX2i, letting customers bring the latest AI models to their most demanding use cases. 32GB","GPU: NVIDIA Volta architecture with 512 NVIDIA CUDA cores and 64 Tensor cores 20 TOPS (INT8)
CPU: 8-core NVIDIA Carmel Arm v8.2 64-bit CPU 8MB L2 + 4MB L3
DL Accelerator: 2x NVDLA 10 TOPS (INT8)
Vision Accelerator: 2x 7-Way VLIW Vision Processor
Safety Cluster Engine: Dual Arm Cortex-R5 in lockstep
Memory: 32GB 256-bit LPDDR4x (ECC support) 136.5GB/s
Storage: 64GB eMMC 5.1
CSI Camera: Up to 6 cameras (36 via virtual channels) 16 lanes MIPI CSI-2 D-PHY 1.2 (up to 40Gbps) C-PHY 1.1 (up to 62Gbps)
Video Encode: 2x 4K60 (H.265/H.264) 6x 4K30 (H.265/H.264) 12x 1080p60 (H.265/H.264) 24x 1080p30 (H.265/H.264)
Video Decode: 2x 8K30 (H.265) 4x 4K60 (H.265) 8x 4K30 (H.265) 18x 1080p60 (H.265) 36x 1080p30 (H.265) 24x 1080p30(H.264)
UPHY: 8x PCIe Gen4 3x USB 3.1 Single Lane UFS
Networking: 10/100/1000 BASE-T Ethernet
Display: Three multi-mode DP 1.2a/e DP 1.4/HDMI 2.0 a/b
Other I/O: USB 2.0 UART, SPI, CAN, I2C, I2S, DMIC & DSPK, GPIOs
Power: 20W | 40W
Mechanical: 100mm x 87mm 699 pin Molex Mirror Mezz Connector Integrated Thermal Transfer Plate","https://www.mmt.com.au/Files/Product assets/Images/41/900-82888-0080-000.jpg","https://www.mmt.com.au/Files/Product assets/Images/41/900-82888-0080-000.jpg","https://www.mmt.com.au/Files/Product assets/Images/41/900-82888-0080-000.jpg","MELBHO","2","10*10*10","Order to Order","4","",""
"900-83668-0000-000","900-83668-0000-000","NVIDIA","41","NVIDIA Jetson Xavier NX 8GB Module","1125.00","794","0","IoT Edge Solutions","Artificial Intelligence","Smaller than a credit card (70x45 mm), the energy-efficient Jetson Xavier NX module delivers server-class performance, 21 TOPS (at 15 W or 20 W) or up to 14 TOPS (at 10 W). It can run multiple modern neural networks in parallel and process data from multiple high-resolution sensors, a requirement for full AI systems. Available cloud-native support makes it easier than ever to develop and deploy AI software to edge devices.
Jetson Xavier NX is production-ready and supports all popular AI frameworks. This opens the door for embedded edge-computing devices that demand increased performance to support AI workloads but are constrained by size, weight, power budget, or cost.","AI Performance: 21 TOPS
GPU: 384-core NVIDIA Volta GPU with 48 Tensor Cores
CPU: 6-core NVIDIA Carmel ARMv8.2 64-bit CPU 6MB L2 + 4MB L3
Memory: 8 GB 128-bit LPDDR4x 59.7GB/s
Storage: 16 GB eMMC 5.1
Power: 10W | 15W | 20W
PCIe: 1 x1 (PCIe Gen3) + 1 x4 (PCIe Gen4), total 144 GT/s
CSI Camera: Up to 6 cameras (24 via virtual channels) 14 lanes (3x4 or 6x2 or 3x4 + 1x2 or 5x2 + 1x4) MIPI CSI-2 D-PHY 1.2 (up to 30 Gbps)
Video Encode: 2x 4K60 | 4x 4K30 | 10x 1080p60 | 22x 1080p30 (H.265) 2x 4K60 | 4x 4K30 | 10x 1080p60 | 20x 1080p30 (H.264)
Video Decode: 2x 8K30 | 6x 4K60 | 12x 4K30 | 22x 1080p60 | 44x 1080p30 (H.265) 2x 4K60 | 6x 4K30 | 10x 1080p60 | 22x 1080p30 (H.264)
Display: 2 multi-mode DP 1.4/eDP 1.4/HDMI 2.0
DL Accelerator: 2x NVDLA
Vision Accelerator: 2x PVA
Networking: 10/100/1000 BASE-T Ethernet
Mechanical: 69.6mm x 45mm 260-pin SO-DIMM connector","https://www.mmt.com.au/Files/Product assets/Images/41/900-83668-0000-000.jpg","https://www.mmt.com.au/Files/Product assets/Images/41/900-83668-0000-000.jpg","https://www.mmt.com.au/Files/Product assets/Images/41/900-83668-0000-000.jpg","MELBHO","0.005","8*0.5*5","Order to Order","4","",""
"900-83668-0030-000","900-83668-0030-000","NVIDIA","41","NVIDIA Jetson Xavier NX 16GB Module","1375.00","971","0","IoT Edge Solutions","Artificial Intelligence","NVIDIA Jetson Xavier NX 16GB brings supercomputer performance to the edge in a compact system-on-module (SOM) that’s smaller than a credit card. The energy-efficient Jetson Xavier NX module delivers server-class performance up to 14 TOPS at 10W or 21 TOPS at 15W or 20W. This unique combination of form-factor, performance, and power advantage opens the door for innovative edge devices in the fields of manufacturing, logistics, retail, service, agriculture, smart city, and medical instruments.","AI Performance: 21 TOPS
GPU: 384-core NVIDIA Volta GPU with 48 Tensor Cores
CPU: 6-core NVIDIA Carmel ARMÂ®v8.2 64-bit CPU 6MB L2 + 4MB L3
Memory: 16 GB 128-bit LPDDR4x 59.7GB/s
Storage: 16 GB eMMC 5.1
Power: 10W | 15W | 20W
PCIe: 1 x1 (PCIe Gen3) + 1 x4 (PCIe Gen4), total 144 GT/s
CSI Camera: Up to 6 cameras (24 via virtual channels) 14 lanes (3x4 or 6x2 or 3x4 + 1x2 or 5x2 + 1x4) MIPI CSI-2 D-PHY 1.2 (up to 30 Gbps)
Video Encode: 2x 4K60 | 4x 4K30 | 10x 1080p60 | 22x 1080p30 (H.265) 2x 4K60 | 4x 4K30 | 10x 1080p60 | 20x 1080p30 (H.264)
Video Decode: 2x 8K30 | 6x 4K60 | 12x 4K30 | 22x 1080p60 | 44x 1080p30 (H.265) 2x 4K60 | 6x 4K30 | 10x 1080p60 | 22x 1080p30 (H.264)
Display: 2 multi-mode DP 1.4/eDP 1.4/HDMI 2.0
DL Accelerator: 2x NVDLA
Vision Accelerator: 2x PVA
Networking: 10/100/1000 BASE-T Ethernet","https://www.mmt.com.au/Files/Product assets/Images/41/900-83668-0030-000.jpg","https://www.mmt.com.au/Files/Product assets/Images/41/900-83668-0030-000.jpg","https://www.mmt.com.au/Files/Product assets/Images/41/900-83668-0030-000.jpg","MELBHO","0.01","5*0.4*9","Current Stock","1","",""
"900-9D3B6-00SC-EA0","900-9D3B6-00SC-EA0","NVIDIA","16A","NVIDIA BlueField-3 B3210E E-Series FHHL DPU, 100GbE (default mode) / HDR100 IB, Dual-port QSFP112, P","3895.00","3100","0","Networking","Network - Accessories","","","https://www.mmt.com.au/Files/Uploads/NVIDIA_Logo.jpg","https://www.mmt.com.au/Files/Uploads/NVIDIA_Logo.jpg","https://www.mmt.com.au/Files/Uploads/NVIDIA_Logo.jpg","MELBHO","1","10*10*10","Order to Order","4","",""
"900-9X625-0053-SB0","900-9X625-0053-SB0","NVIDIA","16NA","NVIDIA Adapter cards","878.70","638","0","Networking","Network - NICs & Adaptors","ConnectX-6 Lx EN adapter card, 25GbE OCP3.0, With Host management , Dual -port SFP28, PCIe 4.0 x8, No Crypto, Thumbscrew (Pull Tab) Bracket","","https://www.mmt.com.au/Files/Product assets/Images/16NA/nvidia.png","https://www.mmt.com.au/Files/Product assets/Images/16NA/nvidia.png","https://www.mmt.com.au/Files/Product assets/Images/16NA/nvidia.png","MELBHO","0","0*0*0","Order to Order","4","","7290108488517"
"900-9X625-0083-SB0","900-9X625-0083-SB0","NVIDIA","16NA","NVIDIA Adapter cards","1097.00","796","0","Networking","Network - NICs & Adaptors","ConnectX-6 Lx EN adapter card, 25GbE OCP3.0, With Host management , Dual -port SFP28, PCIe 4.0 x8, Crypto and Secure Boot, Thumbscrew (Pull Tab) Bracket","","https://www.mmt.com.au/Files/Product assets/Images/16NA/nvidia.png","https://www.mmt.com.au/Files/Product assets/Images/16NA/nvidia.png","https://www.mmt.com.au/Files/Product assets/Images/16NA/nvidia.png","MELBHO","0","0*0*0","Order to Order","4","","7290108488500"
"900-9X658-0016-SB0","900-9X658-0016-SB0","NVIDIA","16NA","NVIDIA Adapter cards","2202.20","1601.6","0","Networking","Network - NICs & Adaptors","ConnectX-6 Dx EN adapter card, 100GbE, OCP3.0, With Host management , Si ngle-port QSFP56, PCIe 4.0 x16, No Crypto, Thumbscrew (Pull Tab) Bracket","","https://www.mmt.com.au/Files/Product assets/Images/16NA/nvidia.png","https://www.mmt.com.au/Files/Product assets/Images/16NA/nvidia.png","https://www.mmt.com.au/Files/Product assets/Images/16NA/nvidia.png","MELBHO","0","0*0*0","Order to Order","4","","7290110491017"
"900-9X658-0046-SB0","900-9X658-0046-SB0","NVIDIA","16NA","NVIDIA Adapter cards","2641.60","1921.1","0","Networking","Network - NICs & Adaptors","ConnectX-6 Dx EN adapter card, 100GbE, OCP3.0, With Host management , Si ngle-port QSFP56, PCIe 4.0 x16, Crypto and Secure Boot, Thumbscrew (Pull Tab) Bracket","","https://www.mmt.com.au/Files/Product assets/Images/16NA/nvidia.png","https://www.mmt.com.au/Files/Product assets/Images/16NA/nvidia.png","https://www.mmt.com.au/Files/Product assets/Images/16NA/nvidia.png","MELBHO","0","0*0*0","Order to Order","4","","7290110490997"
"900-9X658-0056-SB1","900-9X658-0056-SB1","NVIDIA","16NA","NVIDIA Adapter cards","2960.60","2147","0","Networking","Network - NICs & Adaptors","ConnectX-6 Dx EN adapter card, 100GbE, OCP3.0, With Host management , Du al-port QSFP56, PCIe 4.0 x16, No Crypto, Thumbscrew (Pull Tab) Bracket","","https://www.mmt.com.au/Files/Product assets/Images/16NA/nvidia.png","https://www.mmt.com.au/Files/Product assets/Images/16NA/nvidia.png","https://www.mmt.com.au/Files/Product assets/Images/16NA/nvidia.png","MELBHO","1","10*10*10","Order to Order","4","","7290108485349"
"900-9X658-0086-SB0","900-9X658-0086-SB0","NVIDIA","16NA","NVIDIA Adapter cards","3553.70","2578","0","Networking","Network - NICs & Adaptors","ConnectX-6 Dx EN adapter card, 100GbE, OCP3.0, With Host management , Du al-port QSFP56, PCIe 4.0 x16, Crypto and Secure Boot, Thumbscrew (Pull T ab) Bracket","","https://www.mmt.com.au/Files/Product assets/Images/16NA/nvidia.png","https://www.mmt.com.au/Files/Product assets/Images/16NA/nvidia.png","https://www.mmt.com.au/Files/Product assets/Images/16NA/nvidia.png","MELBHO","0","0*0*0","Order to Order","4","","7290108485455"
"900-9X662-0053-ST1","900-9X662-0053-ST1","NVIDIA","16NA","NVIDIA ConnectX-6 Lx NIC 25Gb PCIe x8","878.70","638","0","Networking","Network - NICs & Adaptors","Providing up to two ports of 25GbE or a single-port of 50GbE connectivity, and PCIe Gen 3.0/4.0 x8 host connectivity, ConnectX-6 Lx is a member of NVIDIA’s world-class, award-winning, ConnectX family of network adapters. Continuing consistent innovation in networking, ConnectX-6 Lx provides agility and efficiency at every scale. ConnectX-6 Lx delivers cutting edge 25GbE performance and security for uncompromising data centers.","Line speed message rate of 75Mpps
Advanced RoCE
ASAP2 - Accelerated Switching and Packet Processing
IPsec inline crypto acceleration
Overlay tunneling accelerations
Stateful rule checking for connection tracking
Hardware root-of-trust and secure firmware update
Best-in-class PTP performance
Open Data Center Committee (ODCC)compatible","https://www.mmt.com.au/Files/Product assets/Images/16NA/900-9X662-0053-ST1.jpg","https://www.mmt.com.au/Files/Product assets/Images/16NA/900-9X662-0053-ST1.jpg","https://www.mmt.com.au/Files/Product assets/Images/16NA/900-9X662-0053-ST1.jpg","MELBHO","0.11","2*14*15","Current Stock","1","","7290108488616"
"900-9X662-0073-ST0","900-9X662-0073-ST0","NVIDIA","16NA","NVIDIA Adapter cards","878.70","638","0","Networking","Network - NICs & Adaptors","ConnectX-6 Lx EN adapter card, 25GbE, Dual-port SFP28, PCIe 4.0 x8, Secu re Boot, No Crypto, Tall Bracket","","https://www.mmt.com.au/Files/Product assets/Images/16NA/nvidia.png","https://www.mmt.com.au/Files/Product assets/Images/16NA/nvidia.png","https://www.mmt.com.au/Files/Product assets/Images/16NA/nvidia.png","MELBHO","0","0*0*0","Order to Order","4","","7290108489316"
"900-9X662-0083-ST0","900-9X662-0083-ST0","NVIDIA","16NA","NVIDIA Adapter cards","1097.00","796","0","Networking","Network - NICs & Adaptors","ConnectX-6 Lx EN adapter card, 25GbE, Dual-port SFP28, PCIe 4.0 x8, Cryp to and Secure Boot, Tall Bracket","","https://www.mmt.com.au/Files/Product assets/Images/16NA/nvidia.png","https://www.mmt.com.au/Files/Product assets/Images/16NA/nvidia.png","https://www.mmt.com.au/Files/Product assets/Images/16NA/nvidia.png","MELBHO","0","0*0*0","Order to Order","4","","7290108488609"
"900-9X6AF-0016-ST2","900-9X6AF-0016-ST2","NVIDIA","16NA","NVIDIA Adapter cards","1972.80","1434.7","0","Networking","Network - NICs & Adaptors","ConnectX-6 VPI adapter card, 100Gb/s (HDR100, EDR IB and 100GbE), single -port QSFP56, PCIe3.0/4.0 x16, tall bracket, single pack","","https://www.mmt.com.au/Files/Product assets/Images/16NA/nvidia.png","https://www.mmt.com.au/Files/Product assets/Images/16NA/nvidia.png","https://www.mmt.com.au/Files/Product assets/Images/16NA/nvidia.png","MELBHO","0","0*0*0","Order to Order","4","","7290108488463"
"900-9X6AF-0018-MT0","900-9X6AF-0018-MT0","NVIDIA","16NA","NVIDIA Adapter cards","2960.60","2153.1","0","Networking","Network - NICs & Adaptors","ConnectX-6 VPI adapter card, HDR IB (200Gb/s) and 200GbE, single-port QS FP56, PCIe4.0 x16, tall bracket, single pack","","https://www.mmt.com.au/Files/Product assets/Images/16NA/nvidia.png","https://www.mmt.com.au/Files/Product assets/Images/16NA/nvidia.png","https://www.mmt.com.au/Files/Product assets/Images/16NA/nvidia.png","MELBHO","0","0*0*0","Order to Order","4","","7290108488470"
"900-9X6AG-0016-ST0","900-9X6AG-0016-ST0","NVIDIA","16NA","NVIDIA Adapter cards","2202.20","1601.6","0","Networking","Network - NICs & Adaptors","ConnectX-6 Dx EN adapter card, 100GbE, Single-port QSFP56, PCIe 4.0 x16, No Crypto, Tall Bracket","","https://www.mmt.com.au/Files/Product assets/Images/16NA/nvidia.png","https://www.mmt.com.au/Files/Product assets/Images/16NA/nvidia.png","https://www.mmt.com.au/Files/Product assets/Images/16NA/nvidia.png","MELBHO","0","0*0*0","Order to Order","4","","7290108488036"
"900-9X6AG-0018-ST0","900-9X6AG-0018-ST0","NVIDIA","16NA","NVIDIA Adapter cards","3136.80","2275","0","Networking","Network - NICs & Adaptors","ConnectX-6 Dx EN adapter card, 200GbE , Single-port QSFP56, PCIe 4.0 x16 , No Crypto, Tall Bracket","","https://www.mmt.com.au/Files/Product assets/Images/16NA/nvidia.png","https://www.mmt.com.au/Files/Product assets/Images/16NA/nvidia.png","https://www.mmt.com.au/Files/Product assets/Images/16NA/nvidia.png","MELBHO","0","0*0*0","Order to Order","4","","7290108485271"
"900-9X6AG-0048-ST0","900-9X6AG-0048-ST0","NVIDIA","16NA","NVIDIA Adapter cards","3704.80","2694.4","0","Networking","Network - NICs & Adaptors","ConnectX-6 Dx EN adapter card, 200GbE, Single-port QSFP56, PCIe 4.0 x16, Crypto and Secure Boot, Tall Bracket","","https://www.mmt.com.au/Files/Product assets/Images/16NA/nvidia.png","https://www.mmt.com.au/Files/Product assets/Images/16NA/nvidia.png","https://www.mmt.com.au/Files/Product assets/Images/16NA/nvidia.png","MELBHO","0","0*0*0","Order to Order","4","","7290108485370"
"900-9X6AG-0056-ST1","900-9X6AG-0056-ST1","NVIDIA","16NA","NVIDIA ConnectX-6 Dx NIC 100Gb PCIe x16","2960.60","2147","0","Networking","Network - NICs & Adaptors","NVIDIA ConnectX-6 Dx is a highly secure and advanced smart network interface card (SmartNIC) that accelerates mission-critical cloud and data center applications, including security, virtualization, SDN/NFV, big data, machine learning, and storage. ConnectX-6 Dx provides up to two ports of 100Gb/s or a single port of 200Gb/s Ethernet connectivity and is powered by 50Gb/s (PAM4) or 25/10 Gb/s (NRZ) SerDes technology. 
In an era where data privacy is key, ConnectX-6 Dx provides built-in inline encryption/ decryption, stateful packet filtering, and other capabilities, bringing advanced security down to every node with unprecedented performance and scalability.","Maximum total bandwidth: 200Gb/s
Supported Ethernet speeds: 10/25/40/50/100/ 200GbE
Number of network ports: 1/2
Network interface technologies: NRZ/PAM4
Host interface: PCIe Gen4.0 x16, with NVIDIA Multi-Host technology
DPDK message rate: Up to 215Mpps
Platform security: Hardware root-oftrust and secure firmware update
Form factors: PCIe HHHL, OCP2, OCP3.0 SFF
Network interfaces: SFP+, QSFP+, DSFP","https://www.mmt.com.au/Files/Product assets/Images/16NA/900-9X6AG-0056-ST1.jpg","https://www.mmt.com.au/Files/Product assets/Images/16NA/900-9X6AG-0056-ST1.jpg","https://www.mmt.com.au/Files/Product assets/Images/16NA/900-9X6AG-0056-ST1.jpg","MELBHO","0.23","3*16*19","Order to Order","4","","7290108485226"
"900-9X721-003N-DT0","900-9X721-003N-DT0","NVIDIA","16NA","NVIDIA Adapter cards","4144.20","3006","0","Networking","Network - NICs & Adaptors","NVIDIA ConnectX-7 adapter card, 400Gb/s NDR IB , Single-port OSFP, PCIe 5.0 x16 with x16 Extension option (Socket Direct ready), Secure boot, No Crypto, Tall Bracket","","https://www.mmt.com.au/Files/Product assets/Images/16NA/nvidia.png","https://www.mmt.com.au/Files/Product assets/Images/16NA/nvidia.png","https://www.mmt.com.au/Files/Product assets/Images/16NA/nvidia.png","MELBHO","0","0*0*0","Order to Order","4","","7290110491222"
"900-9X721-003N-DT1","900-9X721-003N-DT1","NVIDIA","16NA","NVIDIA ConnectX-7 1-Port 200G Adapter","2960.60","2147","0","Networking","Network - NICs & Adaptors","NVIDIA ConnectX-7 adapter card, 200Gb/s NDR200 IB, Single-port OSFP, PCI e 5.0 x16 Extension option (Socket Direct ready), Secure boot, No Crypto , Tall Bracket","Socket Direct Ready for Dual-Slot Server
PCIe 5.0 x16 Host Connection
1 x 200G OSFP Slot
InfiniBand NDR200 Certified
Remote Direct Memory Access (RDMA)
NVIDIA ASAP2 Technology","https://www.mmt.com.au/Files/Product assets/Images/16NA/900-9X721-003N-DT1.jpg","https://www.mmt.com.au/Files/Product assets/Images/16NA/900-9X721-003N-DT1.jpg","https://www.mmt.com.au/Files/Product assets/Images/16NA/900-9X721-003N-DT1.jpg","MELBHO","0","0*0*0","Order to Order","4","","7290110492809"
"900-9X766-003N-SQ0","900-9X766-003N-SQ0","NVIDIA","16NA","NVIDIA Adapter cards","4076.90","2957","0","Networking","Network - NICs & Adaptors","NVIDIA ConnectX-7 HHHL Adapter card, 400GbE / NDR IB (default mode), Single-port OSFP, PCIe 5.0 x16, Crypto Disabled, Secure Boot Enabled, Tall Bracket","","https://www.mmt.com.au/Files/Product assets/Images/16NA/nvidia.png","https://www.mmt.com.au/Files/Product assets/Images/16NA/nvidia.png","https://www.mmt.com.au/Files/Product assets/Images/16NA/nvidia.png","MELBHO","1","1*1*1","Order to Order","4","","7290110492793"
"900-9X766-003N-ST0","900-9X766-003N-ST0","NVIDIA","16NA","NVIDIA Adapter cards","2918.60","2117","0","Networking","Network - NICs & Adaptors","NVIDIA ConnectX-7 HHHL Adapter Card, 200GbE / NDR200 IB (default mode), Single-port OSFP, PCIe 5.0 x16, Crypto Disabled, Secure Boot Enabled, Tall Bracket","","https://www.mmt.com.au/Files/Product assets/Images/16NA/nvidia.png","https://www.mmt.com.au/Files/Product assets/Images/16NA/nvidia.png","https://www.mmt.com.au/Files/Product assets/Images/16NA/nvidia.png","MELBHO","0","0*0*0","Order to Order","4","","7290110492786"
"900-9X7AH-0078-DTZ","900-9X7AH-0078-DTZ","NVIDIA","16NA","NVIDIA Adapter cards","4076.90","2957","0","Networking","Network - NICs & Adaptors","NVIDIA ConnectX-7 HHHL Adapter Card, 200GbE (default mode) / NDR200 IB, Dual-port QSFP112, PCIe 5.0 x16 with x16 PCIe extension option, Crypto Disabled, Secure Boot Enabled, Tall bracket","","https://www.mmt.com.au/Files/Product assets/Images/16NA/nvidia.png","https://www.mmt.com.au/Files/Product assets/Images/16NA/nvidia.png","https://www.mmt.com.au/Files/Product assets/Images/16NA/nvidia.png","MELBHO","0.3","3*16*22","Order to Order","4","","7290110492731"
"910-004792","910-004792","Logitech","14M","Logitech M720 Triathlon Wireless Bluetooth Mouse","99.95","59","0","Components","Mice","Meet the high-precision mouse that’s built for ultimate comfort, endurance, and versatility. With extra controls, a dual-mode scrolling, and adjustable dpi tracking, M720 gives you the power to tackle any task.","Sensor technology
High Precision Optical Tracking
DPI (Min/Max): 1000±
Buttons
Number of Buttons : 8
Scrolling
Hyper-Fast Scrolling Wheel
Scroll Wheel: Yes, Rubber
Tilt Wheel: Yes, with middle click
Battery
Battery life: 24 months
Batteries Details: 1 x AA (included)
Connectivity
Connection Type: 2.4 GHz wireless connection and Bluetooth Low Energy Technology
Wireless range: 10 meters
Easy-Switch, 3 channels","https://www.mmt.com.au/Files/Images/Product Images/m720-gallery-1a.png","https://www.mmt.com.au/Files/Images/Product Images/m720-gallery-1a.png","https://www.mmt.com.au/Files/Images/Product Images/m720-gallery-1a.png","MELBHO","0.2","5*9*14","Current Stock","1","03/07/2026","097855121905"
"910-006521","910-006521","Logitech","13LA","Logitech Wireless + Bluetooth Presenter R500s, 2.4GHz Wireless Receiver","89.95","59","5","Display","Display Accessories","Deliver impactful presentations with the R500s Laser Presentation Remote. Move freely and navigate slides from up to 20 meters away and point out precise areas of focus with the red laser pointer.","Laser
Class: 1 laser
Max output: less than .039 mW
Wavelength: 640-660 nm (red light)
Battery
Battery: 12 months + 1 extra week without laser pointer ?
Indicator Lights (LED): Battery and Connectivity LED
Customization app
Supported by Logi Options+ on Windows and macOS ?
Connectivity
Connection Type: Bluetooth low energy technology and 2.4GHz wireless connection
Wireless range: 20 m ?
System Requirements
Logitech Proprietary Receiver
Available USB port required Windows 10, 11 or later macOS X 10.12 or later ChromeOS Linux 2.6+ or later
Bluetooth
Bluetooth Required Windows 10, 11 or later macOS X 10.12 or later iOS 8 or later Android 5.0 or later Internet connection for software download
Customization app
Internet access required to download optional customization app Logi Options+","https://www.mmt.com.au/Files/Product assets/Images/13LA/910-006521.jpg","https://www.mmt.com.au/Files/Product assets/Images/13LA/910-006521.jpg","https://www.mmt.com.au/Files/Product assets/Images/13LA/910-006521.jpg","MELBHO","0.6","7*14*21","Current Stock","1","","097855171368"
"910-007502","910-006561","Logitech","14M","Logitech MX Master 3S Performance","169.00","129","7","Components","Mice","","Sensor & Tracking
Sensor Technology: Darkfield high precision
Nominal value: 1000 DPI
DPI (Minimal and maximal value): 200-8000 DPI (can be set in increments of 50 DPI)
Buttons
Number of Buttons: 7 buttons (Left/Right-click, Back/Forward, App-Switch, Wheel mode-shift, Middle click)
Gesture button: Yes
Scroll Types
Scroll Wheel: Yes, with smart-shift
Thumb wheel: Yes
Features
Customization app: Supported by Logi Options+ on Windows and macOS*. (*Available on Windows and macOS at logitech.com/optionsplus)
Battery
Battery type: Rechargeable Li-Po (500 mAh) battery
Battery life: Get three hours of use from a one-minute quick charge.* (*Battery life may vary based on user and computing conditions.)
Connectivity
Wireless technology: Bluetooth Low Energy Technology
Wireless range: 10 m*. (*Wireless range may vary depending on operating environment and computer setup.)","https://www.mmt.com.au/Files/Images/Product Images/910-007502  Logitech MX Master 3S Performance grey 1.png","https://www.mmt.com.au/Files/Images/Product Images/910-007502  Logitech MX Master 3S Performance grey 1.png","https://www.mmt.com.au/Files/Images/Product Images/910-007502  Logitech MX Master 3S Performance grey 1.png","MELBHO","0.4","6*14*18","Current Stock","1","",""
"920-002586","920-002586","Logitech","14KM","Logitech MK120 Wired Keyboard & Mouse Combo, Desktop MK120, Black, USB","39.00","25","34","Components","Keyboards & Mice","Enhance your computing experience with the Logitech MK120 USB Keyboard & Mouse Combo. This durable duo features a comfortable, sleek keyboard and a high-definition optical mouse, ensuring precision and comfort. Ideal for everyday use, the MK120 offers reliable performance and simplicity. Benefit from fast dispatch and delivery of local stock, shipped Australia wide. Order now for efficient, hassle-free service","Comfortable, quiet typing
Durable keys
Thin profile
Sturdy, adjustable tilt legs
Curved space bar","https://www.mmt.com.au/Files/Product assets/Images/14KM/920-002586.jpg","https://www.mmt.com.au/Files/Product assets/Images/14KM/920-002586.jpg","https://www.mmt.com.au/Files/Product assets/Images/14KM/920-002586.jpg","MELBHO","1.5","24*5*48","Current Stock","1","","097855067036"
"920-006314","920-006314","Logitech","14KM","Logitech MK270r Wireless Keyboard & Mouse Combo","69.95","37","92","Components","Keyboards & Mice","MK270r Wireless Combo brings together the convenience and comfort of a full-sized keyboard with a sculpted, compact mouse. With media keys, a number pad and precise cursor control to make your work a whole lot smoother.","Wireless range: 10 meters ?
Keyboard
Spill-resistant design ?
Adjustable keyboard height
10-Key Number pad
Key type: deep profile
Caps lock indicator light
On/Off power switch
2 AAA batteries（Alkaline Battery）
Battery life: 36 months 
Mouse
Sensor technology: Smooth Optical tracking
Number of buttons: 3 (Left/Right-click, Middle click)
Scrolling: line-by-line
Scroll Wheel: Yes, 2D, optical
Connect/Power: On/Off power button
1 AA battery（Alkaline Battery)
Battery life: 12 months ?","https://www.mmt.com.au/Files/Product assets/Images/14KM/920-006314.jpg","https://www.mmt.com.au/Files/Product assets/Images/14KM/920-006314.jpg","https://www.mmt.com.au/Files/Product assets/Images/14KM/920-006314.jpg","MELBHO","0.9","5*52*16","Current Stock","1","","097855105578"
"920-007165","920-007165","Logitech","14K","Logitech K400 Plus Wireless Keyboard","99.00","55","1","Components","Keyboards","Wireless plug-and-play keyboard with integrated touchpad for total control of your TV-connected PC from your couch. K400 is a quiet, easy-to-use keyboard with a built-in touchpad, plus all the hotkeys Windows and Android users know and love. Complete with media controls that make navigating your PC-controlled TV a breeze.","Connection Type
Logitech Unifying protocol (2.4 GHz)
Wireless range: >10 m wireless range ?
Optional software
Logitech Options
Battery
Battery: 2 x AA (included)
Battery: 18 months
Special Keys
Mute, Volume Down, Volume Up
Connect/Power: On/Off Switch
System Requirements
Computers, phones, and tablets that support external keyboards.
Windows 10, 11 or later
Android 7 or later
ChromeOS™
USB connection: Available USB port required.","https://www.mmt.com.au/Files/Product assets/Images/14K/920-007165.jpg","https://www.mmt.com.au/Files/Product assets/Images/14K/920-007165.jpg","https://www.mmt.com.au/Files/Product assets/Images/14K/920-007165.jpg","MELBHO","0.55","3*15*37","Current Stock","1","","097855115348"
"920-007937","920-007937","Logitech","14KM","Logitech MK235 Wireless Keyboard & Mouse Combo","69.00","39","5","Components","Keyboards & Mice","Familiar keyboard layout.  No learning curve involved. You will enjoy the comfort and simplicity of a traditional full-size keyboard layout from day one.","Long battery life
Built to last
Reliable wireless
Package Contents - Keyboard , Mouse , Wireless receiver , User Documents ,2 AAA batteries for keyboard ,1 AA battery for mouse
Logitech non-unifying protocol (2.4GHz) with Nano USB receiver
Wireless Range: 10 meters / 33 feet
Wireless encryption: 128-bit Advanced Encryption Standard (AES) between devices and receiver
Software Support:  Logitech SetPoint","https://www.mmt.com.au/Files/Product assets/Images/14KM/920-007937.jpg","https://www.mmt.com.au/Files/Product assets/Images/14KM/920-007937.jpg","https://www.mmt.com.au/Files/Product assets/Images/14KM/920-007937.jpg","MELBHO","1","4*14*51","Current Stock","1","","097855120212"
"920-008233","920-008233","Logitech","14KM","Logitech MK850 Wireless Keyboard & Mouse Combo","199.00","125","34","Components","Keyboards & Mice","Experience next-level comfort and productivity with the powerful MK850 Performance. You'll conquer work in comfort thanks to the cushioned palm rest, curved keyframe and contoured mouse. Switch between screens on both your keyboard and mouse for seamless multi-tasking.","Keyboard
Logitech Unifying receiver
Windows 10, 11 or later
macOS: 10.15 or later
ChromeOS
Linux® kernel 2.6+ USB port
Bluetooth
Windows 10, 11 or later
macOS: 10.15 or later
iPadOS: 13.4 or later
Android: 7 or later
Mouse
Logitech Unifying receiver
Windows 10, 11 or later
macOS: 10.15 or later
ChromeOS
Bluetooth
Windows 10, 11 or later
macOS: 10.15 or later
iPadOS:13.4 or later
ChromeOS
Internet access required to download optional customization app Logi Options+","https://www.mmt.com.au/Files/Product assets/Images/14KM/920-008233.jpg","https://www.mmt.com.au/Files/Product assets/Images/14KM/920-008233.jpg","https://www.mmt.com.au/Files/Product assets/Images/14KM/920-008233.jpg","MELBHO","2.1","5*22*53","Current Stock","1","","097855124289"
"920-008682","920-008682","Logitech","14KM","Logitech MK540 Wireless Keyboard & Mouse Combo","129.00","69","46","Components","Keyboards & Mice","The MK540 Advanced is an instantly familiar wireless keyboard and mouse combo built for precision, comfort, and reliability.","WiFi range (in meters): 10 meters ?
Keyboard
Spill-resistant design
Familiar key shape and feel, whisper-quiet
Adjustable Height: 3 tilt positions (natural, 4°, and 8°)
Special Keys: Music Controls, Programmable keys
Palm Rest
Abrasion resistant key print
10-Key Number pad
Key type: Deep profile
On/Off power switch
Caps lock indicator light
Battery indicator light
2 AA batteries (Alkaline Battery)
Battery: 36 months
Mouse
Sensor Technology: Smooth Optical Tracking
Number of Buttons: 3 (Left/Right-click, Middle click)
Scrolling: line-by-line
Scroll Wheel: Yes, 2D, optical
Connect/Power: On/Off power button
1 AA battery (Alkaline Battery)
Battery: 18 months
System Requirements
Windows® 7, 10, 11 or later
ChromeOS™
An available USB ports
Internet access required to download optional customization app Logi Options+","https://www.mmt.com.au/Files/Product assets/Images/14KM/920-008682.jpg","https://www.mmt.com.au/Files/Product assets/Images/14KM/920-008682.jpg","https://www.mmt.com.au/Files/Product assets/Images/14KM/920-008682.jpg","MELBHO","1.4","20*5*54","Current Stock","1","","097855137302"
"920-009814","920-009814","Logitech","14KM","Logitech MK295 Silent Wireless Keyboard & Mouse Combo","89.00","49","63","Components","Keyboards & Mice","LESS NOISE, MORE FOCUS
Stay focused on your work and cut out distractions. Meet Logitech MK295 Silent Wireless Combo featuring SilentTouch an exclusive Logitech technology that eliminates over 90% of keyboard and mouse noise. It’s the same clicking and typing feel of the world’s bestselling combo without disruptive clicking and typing sounds.","Silent Touch Technology: Logitech MK295 is a wireless keyboard and mouse combo with advanced optical tracking. Get the same typing and clicking feel, with 90% less noise for improved focus
Full-Sized Comfort: The keyboard features a full number pad and 8 handy shortcut buttons for easier navigation and efficient data entry
Wireless Connection: Do away with desktop clutter thanks to a lag-free, 2.4GHz wireless connection. The keyboard comes with a 10 m range and USB receiver
Plug-And-Play: Keep it simple with a streamlined plug-and-play keyboard and mouse combo. Logitech MK295 is compatible with Chrome OS and Windows systems on your laptop or PC computer
Durable Design: Spill-resistant, solid layout and durable keys built to last. Sturdy tilt legs give an adjustable height
A 12 month warranty is included.
WiFi range (in meters): 10 meters
Keyboard
SilentTouch Technology
Adjustable keyboard height
Spill-resistant design
2.4GHz wireless (10 meters)
Nano USB receiver
Caps lock indicator light
On/Off power switch
2 AAA batteries（Alkaline Battery）
Mouse
SilentTouch Technology
Contoured compact shape
Smooth, responsive cursor control
On/off power button
1 AA batteries (Alkaline Battery）
System Requirements
Windows 10, 11 or later
ChromeOS
Available USB port required.","https://www.mmt.com.au/Files/Product assets/Images/14KM/920-009814.jpg","https://www.mmt.com.au/Files/Product assets/Images/14KM/920-009814.jpg","https://www.mmt.com.au/Files/Product assets/Images/14KM/920-009814.jpg","MELBHO","1.1","5*16*51","Current Stock","1","","097855161000"
"920-012083","920-012083","Logitech","14KM","Logitech MK370 Wireless Keyboard & Mouse Combo","109.00","64","3","Components","Keyboards & Mice","The MK370 Combo for Business is the perfect wireless mouse and keyboard duo to get everyone working more comfortably. Now enterprise ready with secure Logi Bolt technology.
Enjoy the familiar typing experience of the MK370 with its spill-resistant keyboard design. The durable keys and sturdy tilt legs are built with the same high-quality materials and reliability standards trusted by millions of users worldwide.","Keyboard
112 total plunger type keys
Cap lock indicator
Spill-resistant
Programmable F-row and shortcut keys
Tilt legs with adjustable height
2 AAA batteries (included)
Mouse
Silent Touch technology
Smooth optical tracking
1000 DPI tracking
2 buttons, left and right
Scrollwheel
1 AA battery (included)
Wireless Connectivity and Range
Logi Bolt USB Receiver
Bluetooth Low Energy Wireless Technology
Up to 10 meters wireless operating distance
Optional software
Logi Options+ for Windows and macOS
Sustainability
Keyboard: 50% post-consumer recycled plastic
Mouse: 48% post-consumer recycled plastic
Paper Packaging: FSC-certified
Compatibility
Logi Bolt USB Receiver
Required: Available USB-A Port
Windows 10, 11 or later
macOS 10.15 or later
Linux
ChromeOS
Bluetooth Low Energy Wireless Technology
Required: Bluetooth Low Energy
Windows 10, 11 or later
macOS 10.15 or later
Linux
ChromeOS
iPadOS 14 or later
iOS 13.4 or later
Android 8.0 or later
Engineered for Intel Evo Laptops","https://www.mmt.com.au/Files/Product assets/Images/14KM/14LT-MK370.jpg","https://www.mmt.com.au/Files/Product assets/Images/14KM/14LT-MK370.jpg","https://www.mmt.com.au/Files/Product assets/Images/14KM/14LT-MK370.jpg","MELBHO","0.78","4*15*52","Current Stock","1","",""
"920-0124799","920-012499","Logitech","14KM","Logitech SIGNATURE MK950 Slim Wireless Keyboard & Mouse Combo","179.00","139","12","Components","Keyboards & Mice","A keyboard and mouse combo designed for blended lives that juggle both work and life. It’ll feel like magic as you switch between work and personal computers, customize your shortcuts, and enjoy quiet typing and clicking.","","https://www.mmt.com.au/Files/Product assets/Images/14KM/920-0124799.jpg","https://www.mmt.com.au/Files/Product assets/Images/14KM/920-0124799.jpg","https://www.mmt.com.au/Files/Product assets/Images/14KM/920-0124799.jpg","MELBHO","1.1","6*15*45","Current Stock","1","",""
"920-012926","920-012926","Logitech","14KM","Logitech MK345 Wireless Keyboard & Mouse Combo","99.00","52","58","Components","Keyboards & Mice","The perfect combination of great comfort, modern design, powerful features and extra-long battery life.(Combo powered by 2xAAA and 1xAA, included)","Keyboard
Spill-resistant design
Adjustable height -tilt legs
Special Keys: Music Controls
Palm Rest
10-Key Number pad
Key type: Deep profile
On/Off power switch
2 AAA batteries
Battery life: 36 months ?
Mouse
Sensor technology: Smooth Optical Tracking
Number of Buttons: 3 (Left/Right-click, Middle click)
Scrolling: line-by-line
Scroll Wheel: Yes, 2D, mechanical
Connect/Power: On/Off power button
1 AA battery
Battery life: 18 months","https://www.mmt.com.au/Files/Product assets/Images/14KM/920-006491/920-012.jpg","https://www.mmt.com.au/Files/Product assets/Images/14KM/920-006491/920-012.jpg","https://www.mmt.com.au/Files/Product assets/Images/14KM/920-006491/920-012.jpg","MELBHO","1.3","5*19*53","Current Stock","1","","97855196613"
"920-013351","920-013351","Logitech","14K","Logitech MK620 Signature Slim Wired","139.00","99","8","Components","Keyboards","","Technical SpecificationsMouse
Sensor technology: Precision, optical tracking
Scroll wheel: Line by line precision and hyper-fast speed
Connection Type: Wired, USB-C
Nominal value: 1000
DPI (Minimal and maximal value): 400-4000
Number of buttons: 4 buttons (left, right, middle scroll wheel, DPI button)
Cable length: 180 cm
Keyboard
Keyboard Connection Type: Wired, USB-C
Indicator Lights (LED): CAP Lock
Adjustable Height: Yes, +4° (default) or +8° typing angle
Key type: Low-profile, laptop-style keys (scissor keys)
Special Keys: AI Launch Key, Action Key, Meeting control keys (Mute Mic, Video On/Off)
Cable length: 180 cm
Sustainability
Low-carbon aluminum: The keyboard plate inside the K620 keyboard is made with low-carbon aluminum.
Responsible Packaging: FSC™-certified
Recycled Plastics: Keyboard plastic content: 66% post-consumer recycled plastic. Mouse plastic content: 71% post-consumer recycled plastic. Excludes printed wiring assembly (PWA), cable, and packaging.
System Requirements
Requirements: USB-C port
Compatibility: Windows 10, 11 or later*; macOS 12 or later*; ChromeOS**; Linux**. *Customize device by installing the Logi Tune or Logi Options+ app available on Windows and macOS at logi.com/tune or logi.com/optionsplus ; **Logi Tune and Logi Options+ app are currently not supported. The device’s basic functions will work without software.
Customization app: Supported by Logi Tune and Logi Options+ on Windows and macOS. Internet access required to download customization app Logi Tune or Logi Options+
Certified for: Works with Chromebook, Zoom (keyboard only)","https://www.mmt.com.au/Files/Images/Product Images/Logitech MK620 Signature Slim Wired 2.png","https://www.mmt.com.au/Files/Images/Product Images/Logitech MK620 Signature Slim Wired 2.png","https://www.mmt.com.au/Files/Images/Product Images/Logitech MK620 Signature Slim Wired 2.png","MELBHO","1.4","0*0*0","Current Stock","1","",""
"920-9B020-00F0-0D1","920-9B020-00F0-0D1","NVIDIA","16A","NVIDIA HDR Chassis Switches","72508.10","52733.1","0","Networking","Network - Accessories","MCS85xx director chassis water cooling set","","https://www.mmt.com.au/Files/Product assets/Images/16A/nvidia.png","https://www.mmt.com.au/Files/Product assets/Images/16A/nvidia.png","https://www.mmt.com.au/Files/Product assets/Images/16A/nvidia.png","MELBHO","0","0*0*0","Order to Order","4","","7290108481440"
"920-9B020-00FA-0D2","920-9B020-00FA-0D2","NVIDIA","16S","NVIDIA Appliance & Gateway Systems","76156.80","55230","0","Networking","Network - Switches","Mellanox Skyway IB to Ethernet Gateway Appliance, 8x IB and 8x Ethernet ports, 2U server, 8x ConnectX-6 VPI dual-port HDR/200GbE adapters, 2 Pow er Supplies (AC)","","https://www.mmt.com.au/Files/Product assets/Images/16S/nvidia.png","https://www.mmt.com.au/Files/Product assets/Images/16S/nvidia.png","https://www.mmt.com.au/Files/Product assets/Images/16S/nvidia.png","MELBHO","0","0*0*0","Order to Order","4","","7290108488173"
"920-9B020-00FH-0M0","920-9B020-00FH-0M0","NVIDIA","16A","NVIDIA HDR Chassis Switches","21453.30","15602.4","0","Networking","Network - Accessories","X86 dual-core chassis management module","","https://www.mmt.com.au/Files/Product assets/Images/16A/nvidia.png","https://www.mmt.com.au/Files/Product assets/Images/16A/nvidia.png","https://www.mmt.com.au/Files/Product assets/Images/16A/nvidia.png","MELBHO","0","0*0*0","Order to Order","4","","7290108483000"
"920-9B020-00FH-XD0","920-9B020-00FH-XD0","NVIDIA","16S","NVIDIA HDR Chassis Switches","390431.30","283950","0","Networking","Network - Switches","320Tb/s, 800-port HDR InfiniBand chassis, includes 9 power supply units (N+1) with support for up to 16 power supply units (N+N)","","https://www.mmt.com.au/Files/Product assets/Images/16S/nvidia.png","https://www.mmt.com.au/Files/Product assets/Images/16S/nvidia.png","https://www.mmt.com.au/Files/Product assets/Images/16S/nvidia.png","MELBHO","0","0*0*0","Order to Order","4","","7290107196468"
"920-9B10A-00FH-0D0","920-9B10A-00FH-0D0","NVIDIA","16S","NVIDIA HDR Chassis Switches","58307.50","42405.4","0","Networking","Network - Switches","Mellanox quantum HDR InfiniBand spine blade, 40 ports","","https://www.mmt.com.au/Files/Product assets/Images/16S/nvidia.png","https://www.mmt.com.au/Files/Product assets/Images/16S/nvidia.png","https://www.mmt.com.au/Files/Product assets/Images/16S/nvidia.png","MELBHO","0","0*0*0","Order to Order","4","","7290107196499"
"920-9B110-00FH-0D0","920-9B110-00FH-0D0","NVIDIA","16S","NVIDIA HDR Edge Switches","37198.50","26977","0","Networking","Network - Switches","Mellanox Quantum HDR InfiniBand Switch, 40 QSFP56 ports, 2 Power Supplie s (AC), unmanaged, standard depth, P2C airflow, Rail Kit","","https://www.mmt.com.au/Files/Product assets/Images/16S/nvidia.png","https://www.mmt.com.au/Files/Product assets/Images/16S/nvidia.png","https://www.mmt.com.au/Files/Product assets/Images/16S/nvidia.png","MELBHO","0","0*0*0","Order to Order","4","","7290108483574"
"920-9B110-00FH-0D4","920-9B110-00FH-0D4","NVIDIA","16S","NVIDIA HDR Chassis Switches","95933.90","69770.1","0","Networking","Network - Switches","Mellanox quantum HDR InfiniBand leaf blade, 40 QSFP56 ports","","https://www.mmt.com.au/Files/Product assets/Images/16S/nvidia.png","https://www.mmt.com.au/Files/Product assets/Images/16S/nvidia.png","https://www.mmt.com.au/Files/Product assets/Images/16S/nvidia.png","MELBHO","0","0*0*0","Order to Order","4","","7290107196482"
"920-9B110-00FH-0M1","920-9B110-00FH-0M1","NVIDIA","16S","NVIDIA MetroX-2 40km Long-haul Switch","87953.70","63785","0","Networking","Network - Switches","NVIDIA MetroX-2 systems extend InfiniBand to data centers for distances of 10 and 40 kilometers. Leveraging RDMA technology guarantees high performance, high volume data-sharing between distant sites, enabling data center expansion, rapid disaster recovery, data mirroring, campus connectivity, and improved utilization of remote storage and compute infrastructures. Users can easily migrate application jobs from one InfiniBand-connected data center to another, or combine the compute power of multiple remote data centers together for higher overall performance and scalability.","RJ-45 Ports: 0
RJ-45 Speeds: 0
Combo Ports (RJ-45 + SFP): 2 Long-haul QSFP28 and 8 Standard 200Gb/s Ports
SFP (Small Form-Factor Pluggable) Ports: 8
SFP Speeds: 200Gb/s, 100Gb/s
PoE++ (60w) or higher available?: No
Number of PoE Ports: 0
Extended PoE?: No
Capacity in Millions of Packets per Second (mpps): NA
Switching Capacity in Gigabits per Second (Gbps): NA
Web-based GUI: Yes
Redundant Power Supply: Yes
19"" Rack Mountable: Yes
DIN-Rail Mountable: No
Stacking Capacity (Physical): No
Stacking Capacity (Virtual): No
IPv4 Routing: No
IPv6 Routing: No
DHCP (Dynamic Host Configuration Protocol) Server Screening: No
Ruggedized: No
Operating Temperature: 0 - 40C
Unit dimensions: 88 mm x 438 mm x 760 mm
Warranty Licence: 1 Year","https://www.mmt.com.au/Files/Product assets/Images/16S/920-9B110-00FH-0M1.jpg","https://www.mmt.com.au/Files/Product assets/Images/16S/920-9B110-00FH-0M1.jpg","https://www.mmt.com.au/Files/Product assets/Images/16S/920-9B110-00FH-0M1.jpg","MELBHO","0","0*0*0","Order to Order","4","","7290108488081"
"920-9B110-00FH-0M2","920-9B110-00FH-0M2","NVIDIA","16S","NVIDIA MetroX-2 10km Long-haul Switch","66931.30","48539","0","Networking","Network - Switches","NVIDIA MetroX-2 systems extend InfiniBand to data centers for distances of 10 and 40 kilometers. Leveraging RDMA technology guarantees high performance, high volume data-sharing between distant sites, enabling data center expansion, rapid disaster recovery, data mirroring, campus connectivity, and improved utilization of remote storage and compute infrastructures. Users can easily migrate application jobs from one InfiniBand-connected data center to another, or combine the compute power of multiple remote data centers together for higher overall performance and scalability.","","https://www.mmt.com.au/Files/Product assets/Images/16S/920-9B110-00FH-0M2.jpg","https://www.mmt.com.au/Files/Product assets/Images/16S/920-9B110-00FH-0M2.jpg","https://www.mmt.com.au/Files/Product assets/Images/16S/920-9B110-00FH-0M2.jpg","MELBHO","0","0*0*0","Order to Order","4","","7290108488074"
"920-9B110-00FH-0MD","920-9B110-00FH-0MD","NVIDIA","16S","NVIDIA HDR Edge Switches","46507.80","33728","0","Networking","Network - Switches","Mellanox Quantum HDR InfiniBand Switch, 40 QSFP56 ports, 2 Power Supplie s (AC), x86 dual core, standard depth, P2C airflow, Rail Kit","","https://www.mmt.com.au/Files/Product assets/Images/16S/nvidia.png","https://www.mmt.com.au/Files/Product assets/Images/16S/nvidia.png","https://www.mmt.com.au/Files/Product assets/Images/16S/nvidia.png","MELBHO","0","0*0*0","Order to Order","4","","7290108483567"
"920-9B110-00RH-0D0","920-9B110-00RH-0D0","NVIDIA","16S","NVIDIA HDR Edge Switches","37198.50","26977","0","Networking","Network - Switches","Mellanox Quantum HDR InfiniBand Switch, 40 QSFP56 ports, 2 Power Supplie s (AC), unmanaged, standard depth, C2P airflow, Rail Kit","","https://www.mmt.com.au/Files/Product assets/Images/16S/nvidia.png","https://www.mmt.com.au/Files/Product assets/Images/16S/nvidia.png","https://www.mmt.com.au/Files/Product assets/Images/16S/nvidia.png","MELBHO","0","0*0*0","Order to Order","4","","7290108483611"
"920-9B110-00RH-0M0","920-9B110-00RH-0M0","NVIDIA","16S","NVIDIA Quantum HDR InfiniBand Switch","46507.80","33728","0","Networking","Network - Switches","Mellanox provides the world's smartest switch, enabling in-network computing through the Co-Design Scalable Hierarchical Aggregation and Reduction Protocol (SHARP) technology. QM8700 has the highest fabric performance available in the market with up to 16Tb/s of non-blocking bandwidth with sub-90ns port-to-port latency.","Number of Infiniband Ports: 40
Data Transfer Rate: 200 Gbit/s
Expansion Slot Type: QSFP
Manageable: Yes
Redundant Power Supply: Yes
Compatible Rack Unit: 1U
Form Factor: Rack-mountable","https://www.mmt.com.au/Files/Product assets/Images/16S/920-9B110-00RH-0M0.jpg","https://www.mmt.com.au/Files/Product assets/Images/16S/920-9B110-00RH-0M0.jpg","https://www.mmt.com.au/Files/Product assets/Images/16S/920-9B110-00RH-0M0.jpg","MELBHO","0","0*0*0","Order to Order","4","","7290108483604"
"920-9B210-00FN-0D0","920-9B210-00FN-0D0","NVIDIA","16S","NVIDIA NDR Edge Switches","72894.20","52864","0","Networking","Network - Switches","NVIDIA Quantum 2 based NDR InfiniBand Switch, 64 NDR ports, 32 OSFP port s, 2 Power Supplies (AC), Standard depth, Unmanaged, P2C airflow, Rail K it","","https://www.mmt.com.au/Files/Product assets/Images/16S/nvidia.png","https://www.mmt.com.au/Files/Product assets/Images/16S/nvidia.png","https://www.mmt.com.au/Files/Product assets/Images/16S/nvidia.png","MELBHO","0","0*0*0","Order to Order","4","","7290108489118"
"920-9B210-00FN-0M0","920-9B210-00FN-0M0","NVIDIA","16S","NVIDIA NDR Edge Switches","80919.20","58684","0","Networking","Network - Switches","NVIDIA Quantum 2 based NDR InfiniBand Switch, 64 NDR ports, 32 OSFP port s, 2 Power Supplies (AC), Standard depth, Managed, P2C airflow, Rail Kit","","https://www.mmt.com.au/Files/Product assets/Images/16S/nvidia.png","https://www.mmt.com.au/Files/Product assets/Images/16S/nvidia.png","https://www.mmt.com.au/Files/Product assets/Images/16S/nvidia.png","MELBHO","30","20*60*100","Order to Order","4","","7290108489088"
"920-9B210-00RN-0D0","920-9B210-00RN-0D0","NVIDIA","16S","NVIDIA NDR Edge Switches","72894.20","52864","0","Networking","Network - Switches","NVIDIA Quantum 2 based NDR InfiniBand Switch, 64 NDR ports, 32 OSFP port s, 2 Power Supplies (AC), Standard depth, Unmanaged, C2P airflow, Rail K it","","https://www.mmt.com.au/Files/Product assets/Images/16S/nvidia.png","https://www.mmt.com.au/Files/Product assets/Images/16S/nvidia.png","https://www.mmt.com.au/Files/Product assets/Images/16S/nvidia.png","MELBHO","0","0*0*0","Order to Order","4","","7290108489125"
"920-9B210-00RN-0M2","920-9B210-00RN-0M2","NVIDIA","16S","NVIDIA Quantum NDR InfiniBand Switch","80919.20","58684","0","Networking","Network - Switches","NVIDIA Quantum 2 based NDR InfiniBand Switch, 64 NDR ports, 32 OSFP port s, 2 Power Supplies (AC), Standard depth, Managed, C2P airflow, Rail Kit","Number of Infiniband Ports: 60
Data Transfer Rate: 400 Gbit/s
Expansion Slot Type: OSFP
Manageable: Yes
Redundant Power Supply: Yes
Form Factor: Rack-mountable","https://www.mmt.com.au/Files/Product assets/Images/16S/920-9B210-00RN-0M2.jpg","https://www.mmt.com.au/Files/Product assets/Images/16S/920-9B210-00RN-0M2.jpg","https://www.mmt.com.au/Files/Product assets/Images/16S/920-9B210-00RN-0M2.jpg","MELBHO","0","0*0*0","Order to Order","4","","7290108489101"
"920-9N100-00F7-0C0","920-9N100-00F7-0C0","NVIDIA","16S","NVIDIA x 16-Port Switch Cumulus P2C","31705.80","22994","0","Networking","Network - Switches","The SN2100 switch provides a high density, side-by-side 100GbE switching solution which scales up to 128 ports in 1RU for the growing demands of today’s database, storage, data centers environments. The SN2100 switch is an ideal spine and top of rack (ToR) solution, allowing maximum flexibility, with port speeds spanning from 10Gb/s to 100Gb/s per port and port density that enables full rack connectivity to any server at any speed. The uplink ports allow a variety of blocking ratios that suit any application requirement.","RJ-45 Ports: 0
RJ-45 Speeds: 0
Combo Ports (RJ-45 + SFP): 16 QSFP28 Ports
SFP (Small Form-Factor Pluggable) Ports : 16
SFP Speeds: 100GbE
PoE++ (60w) or higher available?: No
Number of PoE Ports: 0
Extended PoE?: No
Capacity in Millions of Packets per Second (mpps): Maximum Forwarding Rate:  2.38Bpps
Switching Capacity in Gigabits per Second (Gbps):  Throughput: 1.6Tb/s
Web-based GUI: Yes
Redundant Power Supply: No
19"" Rack Mountable: Yes
DIN-Rail Mountable: No
Stacking Capacity (Physical): No
Stacking Capacity (Virtual): Yes
IPv4 Routing: No
IPv6 Routing: Yes
DHCP (Dynamic Host Configuration Protocol) Server Screening: No
Ruggedized: No
Operating Temperature:  0 to 45 C
Unit dimensions: 43.9mm x 200mm x 508mm
Warranty Licence: 1 Year","https://www.mmt.com.au/Files/Product assets/Images/16S/920-9N100-00F7-0C0.jpg","https://www.mmt.com.au/Files/Product assets/Images/16S/920-9N100-00F7-0C0.jpg","https://www.mmt.com.au/Files/Product assets/Images/16S/920-9N100-00F7-0C0.jpg","MELBHO","0","0*0*0","Order to Order","4","","7290107195799"
"920-9N100-00R7-0C0","920-9N100-00R7-0C0","NVIDIA","16S","NVIDIA x 16-Port Switch Cumulus C2P","31705.80","22994","0","Networking","Network - Switches","The SN2100 switch provides a high density, side-by-side 100GbE switching solution which scales up to 128 ports in 1RU for the growing demands of today’s database, storage, data centers environments. The SN2100 switch is an ideal spine and top of rack (ToR) solution, allowing maximum flexibility, with port speeds spanning from 10Gb/s to 100Gb/s per port and port density that enables full rack connectivity to any server at any speed. The uplink ports allow a variety of blocking ratios that suit any application requirement.","RJ-45 Ports: 0
RJ-45 Speeds: 0
Combo Ports (RJ-45 + SFP): 16 QSFP28 Ports
SFP (Small Form-Factor Pluggable) Ports : 16
SFP Speeds: 100GbE
PoE++ (60w) or higher available?: No
Number of PoE Ports: 0
Extended PoE?: No
Capacity in Millions of Packets per Second (mpps): Maximum Forwarding Rate:  2.38Bpps
Switching Capacity in Gigabits per Second (Gbps):  Throughput: 1.6Tb/s
Web-based GUI: Yes
Redundant Power Supply: No
19"" Rack Mountable: Yes
DIN-Rail Mountable: No
Stacking Capacity (Physical): No
Stacking Capacity (Virtual): Yes
IPv4 Routing: No
IPv6 Routing: Yes
DHCP (Dynamic Host Configuration Protocol) Server Screening: No
Ruggedized: No
Operating Temperature:  0 to 45 C
Unit dimensions: 43.9mm x 200mm x 508mm
Warranty Licence: 1 Year","https://www.mmt.com.au/Files/Product assets/Images/16S/920-9N100-00R7-0C0.jpg","https://www.mmt.com.au/Files/Product assets/Images/16S/920-9N100-00R7-0C0.jpg","https://www.mmt.com.au/Files/Product assets/Images/16S/920-9N100-00R7-0C0.jpg","MELBHO","0","0*0*0","Order to Order","4","","7290108483505"
"920-9N100-00R7-0N0","920-9N100-00R7-0N0","NVIDIA","16S","NVIDIA x 16-Port Switch ONIE C2P","31705.80","23058.7","0","Networking","Network - Switches","The SN2100 switch provides a high density, side-by-side 100GbE switching solution which scales up to 128 ports in 1RU for the growing demands of today’s database, storage, data centers environments. The SN2100 switch is an ideal spine and top of rack (ToR) solution, allowing maximum flexibility, with port speeds spanning from 10Gb/s to 100Gb/s per port and port density that enables full rack connectivity to any server at any speed. The uplink ports allow a variety of blocking ratios that suit any application requirement.","RJ-45 Ports: 0
RJ-45 Speeds: 0
Combo Ports (RJ-45 + SFP): 16 QSFP28 Ports
SFP (Small Form-Factor Pluggable) Ports : 16
SFP Speeds: 100GbE
PoE++ (60w) or higher available?: No
Number of PoE Ports: 0
Extended PoE?: No
Capacity in Millions of Packets per Second (mpps): Maximum Forwarding Rate:  2.38Bpps
Switching Capacity in Gigabits per Second (Gbps):  Throughput: 1.6Tb/s
Web-based GUI: Yes
Redundant Power Supply: No
19"" Rack Mountable: Yes
DIN-Rail Mountable: No
Stacking Capacity (Physical): No
Stacking Capacity (Virtual): Yes
IPv4 Routing: No
IPv6 Routing: Yes
DHCP (Dynamic Host Configuration Protocol) Server Screening: No
Ruggedized: No
Operating Temperature:  0 to 45 C
Unit dimensions: 43.9mm x 200mm x 508mm
Warranty Licence: 1 Year","https://www.mmt.com.au/Files/Product assets/Images/16S/920-9N100-00R7-0N0.jpg","https://www.mmt.com.au/Files/Product assets/Images/16S/920-9N100-00R7-0N0.jpg","https://www.mmt.com.au/Files/Product assets/Images/16S/920-9N100-00R7-0N0.jpg","MELBHO","0","0*0*0","Order to Order","4","","7290108483048"
"920-9N110-00F1-0C0","920-9N110-00F1-0C0","NVIDIA","16S","NVIDIA 52-Port Switch Linux P2C","7087.80","5141","0","Networking","Network - Switches","The NVIDIA Spectrum SN2201 switch system sets a new bar for 1G switches. Flexibly adapting to modern data center requirements, the SN2201 has two key use cases: a top-of-rack switch, connecting up to 48 x 1G/100M/10M Base-T host-ports with non-blocking 100 GbE spine uplinks, or as an out-of band (OOB) management switch. Featuring highly advanced hardware and software, along with ASIC-level telemetry and a 16MB fully shared buffer, the SN2201 delivers unique and innovative features to 1G switching.","RJ-45 Ports: 48
RJ-45 Speeds: 1Gbps
Combo Ports (RJ-45 + SFP): 48 RJ45 and 4 QSFP28 ports
SFP (Small Form-Factor Pluggable) Ports : 4
SFP Speeds: 100GbE
PoE++ (60w) or higher available?: No
Number of PoE Ports: 0
Extended PoE?: No
Capacity in Millions of Packets per Second (mpps): Maximum Forwarding Rate: 667Mpps
Switching Capacity in Gigabits per Second (Gbps):  Throughput: 448Gb/s
Web-based GUI: Yes
Redundant Power Supply: Yes
19"" Rack Mountable: Yes
DIN-Rail Mountable: No
Stacking Capacity (Physical): No
Stacking Capacity (Virtual): Yes
IPv4 Routing: No
IPv6 Routing: Yes
DHCP (Dynamic Host Configuration Protocol) Server Screening: No
Ruggedized: No
Operating Temperature:  0 to 45 C
Unit dimensions: 43.9mm x 428mm x 432mm
Warranty Licence: 1 Year","https://www.mmt.com.au/Files/Product assets/Images/16S/920-9N110-00F1-0C0.jpg","https://www.mmt.com.au/Files/Product assets/Images/16S/920-9N110-00F1-0C0.jpg","https://www.mmt.com.au/Files/Product assets/Images/16S/920-9N110-00F1-0C0.jpg","MELBHO","20.3","17*62*77","Order to Order","4","","7290110495398"
"920-9N110-00F7-0C3","920-9N110-00F7-0C3","NVIDIA","16S","NVIDIA x Spectrum 22-Port Managed Switch","16786.00","12174","0","Networking","Network - Switches","The SN2010 switch is the ideal top of rack (ToR) solution for hyperconverged and storage deployments. Packed with 18 ports of 10/25GbE and 4 splittable ports of 40/100GbE, the SN2010 can deliver up to 1.7Tb/s aggregate throughput. All Mellanox Spectrum-based switches, including the SN2010, support low-latency line rate traffic for all packet sizes and are ONIE-bootable with support for Cumulus Linux, Mellanox Onyx (successor to MLNX-OS Ethernet) and other open-source operating systems with a broad installed base that drives the world’s most innovative data center infrastructures.","RJ-45 Ports: 0
RJ-45 Speeds: 0
Combo Ports (RJ-45 + SFP): 18 (25Gigabit) SFP28 + 4 (100 Gigabit) QSFP28
SFP (Small Form-Factor Pluggable) Ports : 22
SFP Speeds: 25GbE/100GbE
PoE++ (60w) or higher available?:No
Number of PoE Ports: 0
Extended PoE?: No
Capacity in Millions of Packets per Second (mpps): NA
Switching Capacity in Gigabits per Second (Gbps): 10/25GbE and 100GbE
Web-based GUI: No
Redundant Power Supply: No
19"" Rack Mountable: Yes
DIN-Rail Mountable: No
Stacking Capacity (Physical): Yes
Stacking Capacity (Virtual): Yes
IPv4 Routing: Yes
IPv6 Routing: Yes
DHCP (Dynamic Host Configuration Protocol) Server Screening: Yes
Ruggedized: No
Operating Temperature: -
Unit dimensions: 43.8mm x 200mm x 508mm
Warranty Licence: NA","https://www.mmt.com.au/Files/Product assets/Images/16S/920-9N110-00F7-0C3.jpg","https://www.mmt.com.au/Files/Product assets/Images/16S/920-9N110-00F7-0C3.jpg","https://www.mmt.com.au/Files/Product assets/Images/16S/920-9N110-00F7-0C3.jpg","MELBHO","5.8","10*30*60","Current Stock","1","","7290108483925"
"920-9N110-00R1-0C0","920-9N110-00R1-0C0","NVIDIA","16S","NVIDIA 52-Port Switch Linux C2P","7087.80","5141","0","Networking","Network - Switches","The NVIDIA Spectrum SN2201 switch system sets a new bar for 1G switches. Flexibly adapting to modern data center requirements, the SN2201 has two key use cases: a top-of-rack switch, connecting up to 48 x 1G/100M/10M Base-T host-ports with non-blocking 100 GbE spine uplinks, or as an out-of band (OOB) management switch. Featuring highly advanced hardware and software, along with ASIC-level telemetry and a 16MB fully shared buffer, the SN2201 delivers unique and innovative features to 1G switching.","RJ-45 Ports: 48
RJ-45 Speeds: 1Gbps
Combo Ports (RJ-45 + SFP): 48 RJ45 and 4 QSFP28 ports
SFP (Small Form-Factor Pluggable) Ports : 4
SFP Speeds: 100GbE
PoE++ (60w) or higher available?: No
Number of PoE Ports: 0
Extended PoE?: No
Capacity in Millions of Packets per Second (mpps): Maximum Forwarding Rate: 667Mpps
Switching Capacity in Gigabits per Second (Gbps):  Throughput: 448Gb/s
Web-based GUI: Yes
Redundant Power Supply: Yes
19"" Rack Mountable: Yes
DIN-Rail Mountable: No
Stacking Capacity (Physical): No
Stacking Capacity (Virtual): Yes
IPv4 Routing: No
IPv6 Routing: Yes
DHCP (Dynamic Host Configuration Protocol) Server Screening: No
Ruggedized: No
Operating Temperature:  0 to 45 C
Unit dimensions: 43.9mm x 428mm x 432mm
Warranty Licence: 1 Year","https://www.mmt.com.au/Files/Product assets/Images/16S/920-9N110-00R1-0C0.jpg","https://www.mmt.com.au/Files/Product assets/Images/16S/920-9N110-00R1-0C0.jpg","https://www.mmt.com.au/Files/Product assets/Images/16S/920-9N110-00R1-0C0.jpg","MELBHO","0","0*0*0","Order to Order","4","",""
"920-9N110-00R7-0C2","920-9N110-00R7-0C2","NVIDIA","16S","NVIDIA x 22-Port Switch Linux C2P","16786.00","12174","0","Networking","Network - Switches","The SN2010 switch is the ideal top of rack (ToR) solution for hyperconverged and storage deployments. Packed with 18 ports of 10/25GbE and 4 splittable ports of 40/100GbE, the SN2010 can deliver up to 1.7Tb/s aggregate throughput. All Mellanox Spectrum-based switches, including the SN2010, support low-latency line rate traffic for all packet sizes and are ONIE-bootable with support for Cumulus Linux, Mellanox Onyx (successor to MLNX-OS Ethernet) and other open-source operating systems with a broad installed base that drives the world’s most innovative data center infrastructures.","RJ-45 Ports: 0
RJ-45 Speeds: 0
Combo Ports (RJ-45 + SFP): 18 SFP28 + 4 QSFP28 Port
SFP (Small Form-Factor Pluggable) Ports : 22
SFP Speeds: 25GbE / 100GbE
PoE++ (60w) or higher available?: No
Number of PoE Ports: 0
Extended PoE?: No
Capacity in Millions of Packets per Second (mpps): Maximum Forwarding Rate:  1.26Bpps
Switching Capacity in Gigabits per Second (Gbps):  Throughput: 850GbE
Web-based GUI: Yes
Redundant Power Supply: No
19"" Rack Mountable: Yes
DIN-Rail Mountable: No
Stacking Capacity (Physical): No
Stacking Capacity (Virtual): Yes
IPv4 Routing: No
IPv6 Routing: Yes
DHCP (Dynamic Host Configuration Protocol) Server Screening: No
Ruggedized: No
Operating Temperature:  0 to 45 C
Unit dimensions: 43.9mm x 200mm x 508mm
Warranty Licence: 1 Year","https://www.mmt.com.au/Files/Product assets/Images/16S/920-9N110-00R7-0C2.jpg","https://www.mmt.com.au/Files/Product assets/Images/16S/920-9N110-00R7-0C2.jpg","https://www.mmt.com.au/Files/Product assets/Images/16S/920-9N110-00R7-0C2.jpg","MELBHO","0","0*0*0","Order to Order","4","","7290108483956"
"920-9N201-00F7-0C0","920-9N201-00F7-0C0","NVIDIA","16S","NVIDIA 32-Port Switch QSFP28 Linux P2C","44386.80","32190","0","Networking","Network - Switches","The NVIDIA Spectrum SN3000 series switches are based on the 2nd generation of Spectrum switches, purpose-built for leaf/spine/super-spine data center applications. Allowing maximum flexibility, the SN3000 series provides port speeds spanning from 1GbE to 400GbE, and a port density that enables full rack connectivity to any server at any speed. In addition, the uplink ports allow a variety of blocking ratios to suit any application requirement.","RJ-45 Ports: 0
RJ-45 Speeds: 0
Combo Ports (RJ-45 + SFP): 32 QSFP28 Ports
SFP (Small Form-Factor Pluggable) Ports : 32
SFP Speeds: 100GbE
PoE++ (60w) or higher available?: No
Number of PoE Ports: 0
Extended PoE?: No
Capacity in Millions of Packets per Second (mpps): Packet Per Second: 4.76Bpps
Switching Capacity in Gigabits per Second (Gbps): Throughput: 6.4Tb/s
Web-based GUI: Yes
Redundant Power Supply: Yes
19"" Rack Mountable: Yes
DIN-Rail Mountable: No
Stacking Capacity (Physical): No
Stacking Capacity (Virtual): Yes
IPv4 Routing: Yes
IPv6 Routing: Yes
DHCP (Dynamic Host Configuration Protocol) Server Screening: No
Ruggedized: No
Operating Temperature: 0 - 40C
Unit dimensions: 44mm x 428mm x 559mm
Warranty Licence: 1 Year","https://www.mmt.com.au/Files/Product assets/Images/16S/920-9N201-00F7-0C0.jpg","https://www.mmt.com.au/Files/Product assets/Images/16S/920-9N201-00F7-0C0.jpg","https://www.mmt.com.au/Files/Product assets/Images/16S/920-9N201-00F7-0C0.jpg","MELBHO","13","10*61*80","Order to Order","4","","7290108484137"
"920-9N201-00FA-0C0","920-9N201-00FA-0C0","NVIDIA","16S","NVIDIA 32-Port Switch QSFP56 Linux P2C","63036.40","45715","0","Networking","Network - Switches","The NVIDIA Spectrum SN3000 series switches are based on the 2nd generation of Spectrum switches, purpose-built for leaf/spine/super-spine data center applications. Allowing maximum flexibility, the SN3000 series provides port speeds spanning from 1GbE to 400GbE, and a port density that enables full rack connectivity to any server at any speed. In addition, the uplink ports allow a variety of blocking ratios to suit any application requirement.","RJ-45 Ports: 0
RJ-45 Speeds: 0
Combo Ports (RJ-45 + SFP): 32 QSFP56 Ports
SFP (Small Form-Factor Pluggable) Ports : 32
SFP Speeds: 200GbE
PoE++ (60w) or higher available?: No
Number of PoE Ports: 0
Extended PoE?: No
Capacity in Millions of Packets per Second (mpps): Packet Per Second: 8.33Bpps
Switching Capacity in Gigabits per Second (Gbps): Throughput: 12.8Tb/s
Web-based GUI: Yes
Redundant Power Supply: Yes
19"" Rack Mountable: Yes
DIN-Rail Mountable: No
Stacking Capacity (Physical): No
Stacking Capacity (Virtual): Yes
IPv4 Routing: Yes
IPv6 Routing: Yes
DHCP (Dynamic Host Configuration Protocol) Server Screening: No
Ruggedized: No
Operating Temperature: 0 - 40C
Unit dimensions: 44mm x 428mm x 559mm
Warranty Licence: 1 Year","https://www.mmt.com.au/Files/Product assets/Images/16S/920-9N201-00FA-0C0.jpg","https://www.mmt.com.au/Files/Product assets/Images/16S/920-9N201-00FA-0C0.jpg","https://www.mmt.com.au/Files/Product assets/Images/16S/920-9N201-00FA-0C0.jpg","MELBHO","15.5","9*80*61","Order to Order","4","","7290108484083"
"920-9N201-00R7-0C0","920-9N201-00R7-0C0","NVIDIA","16S","NVIDIA 32-Port Switch QSFP28 Linux C2P","44386.80","32190","0","Networking","Network - Switches","The NVIDIA Spectrum SN3000 series switches are based on the 2nd generation of Spectrum switches, purpose-built for leaf/spine/super-spine data center applications. Allowing maximum flexibility, the SN3000 series provides port speeds spanning from 1GbE to 400GbE, and a port density that enables full rack connectivity to any server at any speed. In addition, the uplink ports allow a variety of blocking ratios to suit any application requirement.","RJ-45 Ports: 0
RJ-45 Speeds: 0
Combo Ports (RJ-45 + SFP): 32 QSFP28 Ports
SFP (Small Form-Factor Pluggable) Ports : 32
SFP Speeds: 100GbE
PoE++ (60w) or higher available?: No
Number of PoE Ports: 0
Extended PoE?: No
Capacity in Millions of Packets per Second (mpps): Packet Per Second: 4.76Bpps
Switching Capacity in Gigabits per Second (Gbps): Throughput: 6.4Tb/s
Web-based GUI: Yes
Redundant Power Supply: Yes
19"" Rack Mountable: Yes
DIN-Rail Mountable: No
Stacking Capacity (Physical): No
Stacking Capacity (Virtual): Yes
IPv4 Routing: Yes
IPv6 Routing: Yes
DHCP (Dynamic Host Configuration Protocol) Server Screening: No
Ruggedized: No
Operating Temperature: 0 - 40C
Unit dimensions: 44mm x 428mm x 559mm
Warranty Licence: 1 Year","https://www.mmt.com.au/Files/Product assets/Images/16S/920-9N201-00R7-0C0.jpg","https://www.mmt.com.au/Files/Product assets/Images/16S/920-9N201-00R7-0C0.jpg","https://www.mmt.com.au/Files/Product assets/Images/16S/920-9N201-00R7-0C0.jpg","MELBHO","0","0*0*0","Order to Order","4","","7290108484144"
"920-9N201-00RA-0C0","920-9N201-00RA-0C0","NVIDIA","16S","NVIDIA 32-Port Switch QSFP56 Linux C2P","63036.40","45715","0","Networking","Network - Switches","The NVIDIA Spectrum SN3000 series switches are based on the 2nd generation of Spectrum switches, purpose-built for leaf/spine/super-spine data center applications. Allowing maximum flexibility, the SN3000 series provides port speeds spanning from 1GbE to 400GbE, and a port density that enables full rack connectivity to any server at any speed. In addition, the uplink ports allow a variety of blocking ratios to suit any application requirement.","RJ-45 Ports: 0
RJ-45 Speeds: 0
Combo Ports (RJ-45 + SFP): 32 QSFP56 Ports
SFP (Small Form-Factor Pluggable) Ports : 32
SFP Speeds: 200GbE
PoE++ (60w) or higher available?: No
Number of PoE Ports: 0
Extended PoE?: No
Capacity in Millions of Packets per Second (mpps): Packet Per Second: 8.33Bpps
Switching Capacity in Gigabits per Second (Gbps): Throughput: 12.8Tb/s
Web-based GUI: Yes
Redundant Power Supply: Yes
19"" Rack Mountable: Yes
DIN-Rail Mountable: No
Stacking Capacity (Physical): No
Stacking Capacity (Virtual): Yes
IPv4 Routing: Yes
IPv6 Routing: Yes
DHCP (Dynamic Host Configuration Protocol) Server Screening: No
Ruggedized: No
Operating Temperature: 0 - 40C
Unit dimensions: 44mm x 428mm x 559mm
Warranty Licence: 1 Year","https://www.mmt.com.au/Files/Product assets/Images/16S/920-9N201-00RA-0C0.jpg","https://www.mmt.com.au/Files/Product assets/Images/16S/920-9N201-00RA-0C0.jpg","https://www.mmt.com.au/Files/Product assets/Images/16S/920-9N201-00RA-0C0.jpg","MELBHO","0","0*0*0","Order to Order","4","","7290108484106"
"920-9N213-00F7-0C0","920-9N213-00F7-0C0","NVIDIA","16S","NVIDIA 60-Port Switch Linux P2C","44386.80","32190","0","Networking","Network - Switches","The NVIDIA Spectrum SN3000 series switches are based on the 2nd generation of Spectrum switches, purpose-built for leaf/spine/super-spine data center applications. Allowing maximum flexibility, the SN3000 series provides port speeds spanning from 1GbE to 400GbE, and a port density that enables full rack connectivity to any server at any speed. In addition, the uplink ports allow a variety of blocking ratios to suit any application requirement.","RJ-45 Ports: 0
RJ-45 Speeds: 0
Combo Ports (RJ-45 + SFP): 48 SFP28 and 12 QSFP28 Ports
SFP (Small Form-Factor Pluggable) Ports : 60
SFP Speeds: 25GbE / 100GbE
PoE++ (60w) or higher available?: No
Number of PoE Ports: 0
Extended PoE?: No
Capacity in Millions of Packets per Second (mpps): Packet Per Second: 3.58Bpps
Switching Capacity in Gigabits per Second (Gbps): Throughput: 4.8Tb/s
Web-based GUI: Yes
Redundant Power Supply: Yes
19"" Rack Mountable: Yes
DIN-Rail Mountable: No
Stacking Capacity (Physical): No
Stacking Capacity (Virtual): Yes
IPv4 Routing: Yes
IPv6 Routing: Yes
DHCP (Dynamic Host Configuration Protocol) Server Screening: No
Ruggedized: No
Operating Temperature: 0 - 40C
Unit dimensions: 44mm x 438mm x 464.6mm
Warranty Licence: 1 Year","https://www.mmt.com.au/Files/Product assets/Images/16S/920-9N213-00F7-0C0.jpg","https://www.mmt.com.au/Files/Product assets/Images/16S/920-9N213-00F7-0C0.jpg","https://www.mmt.com.au/Files/Product assets/Images/16S/920-9N213-00F7-0C0.jpg","MELBHO","12.74","10*70*60","Order to Order","4","","7290108484410"
"920-9N213-00R7-0C0","920-9N213-00R7-0C0","NVIDIA","16S","NVIDIA 60-Port Switch Linux C2P","44386.80","32190","0","Networking","Network - Switches","The NVIDIA Spectrum SN3000 series switches are based on the 2nd generation of Spectrum switches, purpose-built for leaf/spine/super-spine data center applications. Allowing maximum flexibility, the SN3000 series provides port speeds spanning from 1GbE to 400GbE, and a port density that enables full rack connectivity to any server at any speed. In addition, the uplink ports allow a variety of blocking ratios to suit any application requirement.","RJ-45 Ports: 0
RJ-45 Speeds: 0
Combo Ports (RJ-45 + SFP): 48 SFP28 and 12 QSFP28 Ports
SFP (Small Form-Factor Pluggable) Ports : 60
SFP Speeds: 25GbE / 100GbE
PoE++ (60w) or higher available?: No
Number of PoE Ports: 0
Extended PoE?: No
Capacity in Millions of Packets per Second (mpps): Packet Per Second: 3.58Bpps
Switching Capacity in Gigabits per Second (Gbps): Throughput: 4.8Tb/s
Web-based GUI: Yes
Redundant Power Supply: Yes
19"" Rack Mountable: Yes
DIN-Rail Mountable: No
Stacking Capacity (Physical): No
Stacking Capacity (Virtual): Yes
IPv4 Routing: Yes
IPv6 Routing: Yes
DHCP (Dynamic Host Configuration Protocol) Server Screening: No
Ruggedized: No
Operating Temperature: 0 - 40C
Unit dimensions: 44mm x 438mm x 464.6mm
Warranty Licence: 1 Year","https://www.mmt.com.au/Files/Product assets/Images/16S/920-9N213-00R7-0C0.jpg","https://www.mmt.com.au/Files/Product assets/Images/16S/920-9N213-00R7-0C0.jpg","https://www.mmt.com.au/Files/Product assets/Images/16S/920-9N213-00R7-0C0.jpg","MELBHO","0","0*0*0","Order to Order","4","","7290108484441"
"920-9N301-00FB-0C0","920-9N301-00FB-0C0","NVIDIA","16S","NVIDIA 32-Port Switch Linux P2C","81685.90","59240","0","Networking","Network - Switches","NVIDIA Spectrum SN4000 series switches are the 4th generation of Spectrum switches, purpose-built for leaf/spine/super-spine datacenter applications. Allowing maximum flexibility, SN4000 series provides port speeds spanning from 1GbE to 400GbE, with a port density that enables full rack connectivity to any server at any speed. In addition, the uplink ports allow a variety of blocking ratios to suit any application requirement.","RJ-45 Ports: 0
RJ-45 Speeds: 0
Combo Ports (RJ-45 + SFP): 32 QSFPDD
SFP (Small Form-Factor Pluggable) Ports: 32
SFP Speeds: 400GbE
PoE++ (60w) or higher available?: No
Number of PoE Ports: 0
Extended PoE?: No
Capacity in Millions of Packets per Second (mpps): Wire Speed Switching: 8.4Bpps
Switching Capacity in Gigabits per Second (Gbps): 12.8Tb/s
Web-based GUI: Yes
Redundant Power Supply: Yes
19"" Rack Mountable: Yes
DIN-Rail Mountable: No
Stacking Capacity (Physical): No
Stacking Capacity (Virtual): Yes
IPv4 Routing: Yes
IPv6 Routing: Yes
DHCP (Dynamic Host Configuration Protocol) Server Screening: No
Ruggedized: No
Operating Temperature: 0 - 40C
Unit dimensions: 88mm x 428mm x 568.5mm
Warranty Licence: 1 Year","https://www.mmt.com.au/Files/Product assets/Images/16S/920-9N301-00FB-0C0.jpg","https://www.mmt.com.au/Files/Product assets/Images/16S/920-9N301-00FB-0C0.jpg","https://www.mmt.com.au/Files/Product assets/Images/16S/920-9N301-00FB-0C0.jpg","MELBHO","11.85","10*60*79","Order to Order","4","","7290108485011"
"920-9N301-00RB-0C0","920-9N301-00RB-0C0","NVIDIA","16S","NVIDIA 32-Port Switch Linux C2P","81685.90","59240","0","Networking","Network - Switches","NVIDIA Spectrum SN4000 series switches are the 4th generation of Spectrum switches, purpose-built for leaf/spine/super-spine datacenter applications. Allowing maximum flexibility, SN4000 series provides port speeds spanning from 1GbE to 400GbE, with a port density that enables full rack connectivity to any server at any speed. In addition, the uplink ports allow a variety of blocking ratios to suit any application requirement.","RJ-45 Ports: 0
RJ-45 Speeds: 0
Combo Ports (RJ-45 + SFP): 32 QSFPDD
SFP (Small Form-Factor Pluggable) Ports: 32
SFP Speeds: 400GbE
PoE++ (60w) or higher available?: No
Number of PoE Ports: 0
Extended PoE?: No
Capacity in Millions of Packets per Second (mpps): Wire Speed Switching: 8.4Bpps
Switching Capacity in Gigabits per Second (Gbps): 12.8Tb/s
Web-based GUI: Yes
Redundant Power Supply: Yes
19"" Rack Mountable: Yes
DIN-Rail Mountable: No
Stacking Capacity (Physical): No
Stacking Capacity (Virtual): Yes
IPv4 Routing: Yes
IPv6 Routing: Yes
DHCP (Dynamic Host Configuration Protocol) Server Screening: No
Ruggedized: No
Operating Temperature: 0 - 40C
Unit dimensions: 88mm x 428mm x 568.5mm
Warranty Licence: 1 Year","https://www.mmt.com.au/Files/Product assets/Images/16S/920-9N301-00RB-0C0.jpg","https://www.mmt.com.au/Files/Product assets/Images/16S/920-9N301-00RB-0C0.jpg","https://www.mmt.com.au/Files/Product assets/Images/16S/920-9N301-00RB-0C0.jpg","MELBHO","16.24","11*60*80","Order to Order","4","","7290108485028"
"920-9N302-00F7-0C2","920-9N302-00F7-0C2","NVIDIA","16S","NVIDIA 64-Port Switch QSFP28 Linux P2C","63036.40","45715","0","Networking","Network - Switches","NVIDIA Spectrum SN4000 series switches are the 4th generation of Spectrum switches, purpose-built for leaf/spine/super-spine datacenter applications. Allowing maximum flexibility, SN4000 series provides port speeds spanning from 1GbE to 400GbE, with a port density that enables full rack connectivity to any server at any speed. In addition, the uplink ports allow a variety of blocking ratios to suit any application requirement.","RJ-45 Ports: 0
RJ-45 Speeds: 0
Combo Ports (RJ-45 + SFP): 64 QSFP28 Ports
SFP (Small Form-Factor Pluggable) Ports : 64
SFP Speeds: 100GbE
PoE++ (60w) or higher available?: No
Number of PoE Ports: 0
Extended PoE?: No
Capacity in Millions of Packets per Second (mpps): Wire Speed Switching: 8.4Bpps
Switching Capacity in Gigabits per Second (Gbps): Throughput: 6.4Tb/s
Web-based GUI: Yes
Redundant Power Supply: Yes
19"" Rack Mountable: Yes
DIN-Rail Mountable: No
Stacking Capacity (Physical): No
Stacking Capacity (Virtual): Yes
IPv4 Routing: Yes
IPv6 Routing: Yes
DHCP (Dynamic Host Configuration Protocol) Server Screening: No
Ruggedized: No
Operating Temperature: 0 - 40C
Unit dimensions: 88mm x 428mm x 568.5mm
Warranty Licence: 1 Year","https://www.mmt.com.au/Files/Product assets/Images/16S/920-9N302-00F7-0C2.jpg","https://www.mmt.com.au/Files/Product assets/Images/16S/920-9N302-00F7-0C2.jpg","https://www.mmt.com.au/Files/Product assets/Images/16S/920-9N302-00F7-0C2.jpg","MELBHO","18.96","16*60*79","Order to Order","4","","7290108487879"
"920-9N302-00FA-0C0","920-9N302-00FA-0C0","NVIDIA","16S","NVIDIA 64-Port Switch QSFP56 Linux P2C","81685.90","59240","0","Networking","Network - Switches","NVIDIA Spectrum SN4000 series switches are the 4th generation of Spectrum switches, purpose-built for leaf/spine/super-spine datacenter applications. Allowing maximum flexibility, SN4000 series provides port speeds spanning from 1GbE to 400GbE, with a port density that enables full rack connectivity to any server at any speed. In addition, the uplink ports allow a variety of blocking ratios to suit any application requirement.","RJ-45 Ports: 0
RJ-45 Speeds: 0
Combo Ports (RJ-45 + SFP): 64 QSFP56 Ports
SFP (Small Form-Factor Pluggable) Ports : 64
SFP Speeds: 200GbE
PoE++ (60w) or higher available?: No
Number of PoE Ports: 0
Extended PoE?: No
Capacity in Millions of Packets per Second (mpps): Wire Speed Switching: 8.4Bpps
Switching Capacity in Gigabits per Second (Gbps): Throughput: 12.8Tb/s
Web-based GUI: Yes
Redundant Power Supply: Yes
19"" Rack Mountable: Yes
DIN-Rail Mountable: No
Stacking Capacity (Physical): No
Stacking Capacity (Virtual): Yes
IPv4 Routing: Yes
IPv6 Routing: Yes
DHCP (Dynamic Host Configuration Protocol) Server Screening: No
Ruggedized: No
Operating Temperature: 0 - 40C
Unit dimensions: 88mm x 428mm x 568.5mm
Warranty Licence: 1 Year","https://www.mmt.com.au/Files/Product assets/Images/16S/920-9N302-00FA-0C0.jpg","https://www.mmt.com.au/Files/Product assets/Images/16S/920-9N302-00FA-0C0.jpg","https://www.mmt.com.au/Files/Product assets/Images/16S/920-9N302-00FA-0C0.jpg","MELBHO","21.7","18*61*79","Order to Order","4","","7290108487923"
"920-9N302-00R7-0C0","920-9N302-00R7-0C0","NVIDIA","16S","NVIDIA 64-Port Switch QSFP28 Linux C2P","63036.40","45715","0","Networking","Network - Switches","NVIDIA Spectrum SN4000 series switches are the 4th generation of Spectrum switches, purpose-built for leaf/spine/super-spine datacenter applications. Allowing maximum flexibility, SN4000 series provides port speeds spanning from 1GbE to 400GbE, with a port density that enables full rack connectivity to any server at any speed. In addition, the uplink ports allow a variety of blocking ratios to suit any application requirement.","RJ-45 Ports: 0
RJ-45 Speeds: 0
Combo Ports (RJ-45 + SFP): 64 QSFP28 Ports
SFP (Small Form-Factor Pluggable) Ports : 64
SFP Speeds: 100GbE
PoE++ (60w) or higher available?: No
Number of PoE Ports: 0
Extended PoE?: No
Capacity in Millions of Packets per Second (mpps): Wire Speed Switching: 8.4Bpps
Switching Capacity in Gigabits per Second (Gbps): Throughput: 6.4Tb/s
Web-based GUI: Yes
Redundant Power Supply: Yes
19"" Rack Mountable: Yes
DIN-Rail Mountable: No
Stacking Capacity (Physical): No
Stacking Capacity (Virtual): Yes
IPv4 Routing: Yes
IPv6 Routing: Yes
DHCP (Dynamic Host Configuration Protocol) Server Screening: No
Ruggedized: No
Operating Temperature: 0 - 40C
Unit dimensions: 88mm x 428mm x 568.5mm
Warranty Licence: 1 Year","https://www.mmt.com.au/Files/Product assets/Images/16S/920-9N302-00R7-0C0.jpg","https://www.mmt.com.au/Files/Product assets/Images/16S/920-9N302-00R7-0C0.jpg","https://www.mmt.com.au/Files/Product assets/Images/16S/920-9N302-00R7-0C0.jpg","MELBHO","0","0*0*0","Order to Order","4","","7290108487909"
"920-9N302-00RA-0C0","920-9N302-00RA-0C0","NVIDIA","16S","NVIDIA 64-Port Switch QSFP56 Linux C2P","81685.90","59240","0","Networking","Network - Switches","NVIDIA Spectrum SN4000 series switches are the 4th generation of Spectrum switches, purpose-built for leaf/spine/super-spine datacenter applications. Allowing maximum flexibility, SN4000 series provides port speeds spanning from 1GbE to 400GbE, with a port density that enables full rack connectivity to any server at any speed. In addition, the uplink ports allow a variety of blocking ratios to suit any application requirement.","RJ-45 Ports: 0
RJ-45 Speeds: 0
Combo Ports (RJ-45 + SFP): 64 QSFP56 Ports
SFP (Small Form-Factor Pluggable) Ports : 64
SFP Speeds: 200GbE
PoE++ (60w) or higher available?: No
Number of PoE Ports: 0
Extended PoE?: No
Capacity in Millions of Packets per Second (mpps): Wire Speed Switching: 8.4Bpps
Switching Capacity in Gigabits per Second (Gbps): Throughput: 12.8Tb/s
Web-based GUI: Yes
Redundant Power Supply: Yes
19"" Rack Mountable: Yes
DIN-Rail Mountable: No
Stacking Capacity (Physical): No
Stacking Capacity (Virtual): Yes
IPv4 Routing: Yes
IPv6 Routing: Yes
DHCP (Dynamic Host Configuration Protocol) Server Screening: No
Ruggedized: No
Operating Temperature: 0 - 40C
Unit dimensions: 88mm x 428mm x 568.5mm
Warranty Licence: 1 Year","https://www.mmt.com.au/Files/Product assets/Images/16S/920-9N302-00RA-0C0.jpg","https://www.mmt.com.au/Files/Product assets/Images/16S/920-9N302-00RA-0C0.jpg","https://www.mmt.com.au/Files/Product assets/Images/16S/920-9N302-00RA-0C0.jpg","MELBHO","0","0*0*0","Order to Order","4","","7290108487954"
"920-9N42F-00RI-7C0","920-9N42F-00RI-7C0","NVIDIA","16S","NVIDIA MSN5600 Series Ethernet Switches","158522.40","114962","0","Networking","Network - Switches","NVIDIA Spectrum-4 based 800GbE 2U Open Ethernet switch with Cumulus Linu x Authentication, 64 OSFP ports and 1 SFP28 port, 2 power supplies (3KW,  AC), x86 CPU, Secure-boot, standard depth, C2P airflow, Tool-less Rail Kit","","https://www.mmt.com.au/Files/Product assets/Images/16S/nvidia.png","https://www.mmt.com.au/Files/Product assets/Images/16S/nvidia.png","https://www.mmt.com.au/Files/Product assets/Images/16S/nvidia.png","MELBHO","25.5","0*0*0","EOL","2","","7290110494469"
"930-00030-1633-000","930-00030-1633-000","NVIDIA","11W","NVIDIA 2x PCIe 8-pin to 1x CEM5 16-pin","13.00","10","0","Graphic Output","Graphics Cards - Workstation","","","https://www.mmt.com.au/Files/Product assets/Images/11W/nvidia.png","https://www.mmt.com.au/Files/Product assets/Images/11W/nvidia.png","https://www.mmt.com.au/Files/Product assets/Images/11W/nvidia.png","MELBHO","0.07","3*6*16","Order to Order","4","",""
"930-00030-1636-000","930-00030-1636-000","NVIDIA","11W","NVIDIA 1x CPU 8-pin to 1x CEM5 16-pin","8.00","6","5","Graphic Output","Graphics Cards - Workstation","","","https://www.mmt.com.au/Files/Product assets/Images/11W/nvidia.png","https://www.mmt.com.au/Files/Product assets/Images/11W/nvidia.png","https://www.mmt.com.au/Files/Product assets/Images/11W/nvidia.png","MELBHO","0.03","1*8*16","Current Stock","1","",""
"930-00030-1656-000","930-00030-1656-000","NVIDIA","11A","NVIDIA 1X Cem5 16-Pin To 1X Pcie 8-Pin","45.00","21","0","Graphic Output","Graphics Cards - Accessories","Nvidia 930-00030-1656-000 1X Cem5 16-Pin To 1X Pcie 8-Pin","","https://www.mmt.com.au/Files/Product assets/Images/11A/nvidia.png","https://www.mmt.com.au/Files/Product assets/Images/11A/nvidia.png","https://www.mmt.com.au/Files/Product assets/Images/11A/nvidia.png","MELBHO","1","1*1*1","Current Stock","1","",""
"930-9BBLK-00HN-000","930-9BBLK-00HN-000","NVIDIA","16A","NVIDIA DR Chassis Switches","741.60","539.3","0","Networking","Network - Accessories","MCS85XX Leaf - Blank","","https://www.mmt.com.au/Files/Product assets/Images/16A/nvidia.png","https://www.mmt.com.au/Files/Product assets/Images/16A/nvidia.png","https://www.mmt.com.au/Files/Product assets/Images/16A/nvidia.png","MELBHO","0","0*0*0","Order to Order","4","","7290108481150"
"930-9BBRK-00L9-000","930-9BBRK-00L9-000","NVIDIA","16A","NVIDIA Mechanical Components","17.00","13","0","Networking","Network - Accessories","FRU Short Perforated bracket for 2-port QSFP28 adapter. Fits MCX456M/ MCX454A/ MCX416A/ MCX456A/ MCX414A/ MCX556A/ MCX556M/ MCX516A/ MCX556N","","https://www.mmt.com.au/Files/Product assets/Images/16A/nvidia.png","https://www.mmt.com.au/Files/Product assets/Images/16A/nvidia.png","https://www.mmt.com.au/Files/Product assets/Images/16A/nvidia.png","MELBHO","0","0*0*0","Order to Order","4","","7290108481006"
"930-9BBRK-00LA-000","930-9BBRK-00LA-000","NVIDIA","16A","NVIDIA Mechanical Components","17.00","13","0","Networking","Network - Accessories","FRU Tall Perforated bracket for 2-port QSFP28 adapter. Fits MCX454A/ MC X456A/MCX456M/ MCX416A/ MCX414A/ MCX556A/ MCX556N/ MCX556M/ MCX516A","","https://www.mmt.com.au/Files/Product assets/Images/16A/nvidia.png","https://www.mmt.com.au/Files/Product assets/Images/16A/nvidia.png","https://www.mmt.com.au/Files/Product assets/Images/16A/nvidia.png","MELBHO","0","0*0*0","Order to Order","4","","7290107196710"
"930-9BBRK-00LB-000","930-9BBRK-00LB-000","NVIDIA","16A","NVIDIA Mechanical Components","20.00","11.5","0","Networking","Network - Accessories","FRU Short Perforated bracket for 1-port QSFP28 adapter. Fits MCX453A/ MC X455A/ MCX413A/ MCX415A/ MCX4131A/ MCX4131A/ MCX555A/CX515A/CX515A/CX515 A","","https://www.mmt.com.au/Files/Product assets/Images/16A/nvidia.png","https://www.mmt.com.au/Files/Product assets/Images/16A/nvidia.png","https://www.mmt.com.au/Files/Product assets/Images/16A/nvidia.png","MELBHO","0","0*0*0","Order to Order","4","","7290108481037"
"930-9BBRK-00LC-000","930-9BBRK-00LC-000","NVIDIA","16A","NVIDIA Mechanical Components","17.00","13","0","Networking","Network - Accessories","FRU Tall Perforated bracket for 1-port QSFP28 adapter. Fits MCX453A/ MCX 455A/ MCX413A/ MCX415A/ MCX4131A / MCX555A/ MCX515A","","https://www.mmt.com.au/Files/Product assets/Images/16A/nvidia.png","https://www.mmt.com.au/Files/Product assets/Images/16A/nvidia.png","https://www.mmt.com.au/Files/Product assets/Images/16A/nvidia.png","MELBHO","0","0*0*0","Order to Order","4","","7290107196741"
"930-9BBRK-00LT-000","930-9BBRK-00LT-000","NVIDIA","16A","NVIDIA Mechanical Components","22.50","17","0","Networking","Network - Accessories","FRU Tall bracket 2 ZSFP port 4 leds. Fits CX654106A, CX653106A/CX614106A /CX613106A/CX613106A/CX613106A/CX653106A/CX653106A/CX653106A/CX653106A/C X654106A/CX654106A","","https://www.mmt.com.au/Files/Product assets/Images/16A/nvidia.png","https://www.mmt.com.au/Files/Product assets/Images/16A/nvidia.png","https://www.mmt.com.au/Files/Product assets/Images/16A/nvidia.png","MELBHO","0","0*0*0","Order to Order","4","","7290110492601"
"930-9BBRK-00LU-000","930-9BBRK-00LU-000","NVIDIA","16A","NVIDIA Mechanical Components","22.50","17","0","Networking","Network - Accessories","FRU Short bracket for 2-port ZQSFP adapter. Fits: MCX654106A, MCX614106A , MCX653106A, MCX613106A, MCX623106A, MCX622106A","","https://www.mmt.com.au/Files/Product assets/Images/16A/nvidia.png","https://www.mmt.com.au/Files/Product assets/Images/16A/nvidia.png","https://www.mmt.com.au/Files/Product assets/Images/16A/nvidia.png","MELBHO","0","0*0*0","Order to Order","4","","7290108488364"
"930-9BBRK-00LV-000","930-9BBRK-00LV-000","NVIDIA","16A","NVIDIA Mechanical Components","22.50","17","0","Networking","Network - Accessories","FRU Tall Perforated bracket 1 ZQSFP port 2 leds. Fits MCX614105A / MCX65 4105A / MCX613105A /MCX653105A","","https://www.mmt.com.au/Files/Product assets/Images/16A/nvidia.png","https://www.mmt.com.au/Files/Product assets/Images/16A/nvidia.png","https://www.mmt.com.au/Files/Product assets/Images/16A/nvidia.png","MELBHO","0","0*0*0","Order to Order","4","","7290108484571"
"930-9BBRK-00LW-000","930-9BBRK-00LW-000","NVIDIA","16A","NVIDIA Mechanical Components","22.50","17","0","Networking","Network - Accessories","FRU Short Perforated bracket 1 ZQSFP port 2 leds. Fits MCX653105A/ MCX61 3105A/ MCX654105A/ MCX614105A/ MCX623105A/ MCX683105A/ MCX651105A","","https://www.mmt.com.au/Files/Product assets/Images/16A/nvidia.png","https://www.mmt.com.au/Files/Product assets/Images/16A/nvidia.png","https://www.mmt.com.au/Files/Product assets/Images/16A/nvidia.png","MELBHO","0","0*0*0","Order to Order","4","","7290108484588"
"930-9BBRK-00M8-000","930-9BBRK-00M8-000","NVIDIA","16A","NVIDIA Mechanical Components","386.30","281","0","Networking","Network - Accessories","FRU, OCP3.0, 10 units of Internal Lock Bracket for 2 QSFP28/56, Fits CX5 66 / CX613436 / CX653436 / CX623436","","https://www.mmt.com.au/Files/Product assets/Images/16A/nvidia.png","https://www.mmt.com.au/Files/Product assets/Images/16A/nvidia.png","https://www.mmt.com.au/Files/Product assets/Images/16A/nvidia.png","MELBHO","0","0*0*0","Order to Order","4","","7290108488227"
"930-9BBRK-00MD-000","930-9BBRK-00MD-000","NVIDIA","16A","NVIDIA Mechanical Components","386.30","281","0","Networking","Network - Accessories","FRU, OCP3.0 10 units of Internal Lock Bracket for 2 SFP28/56, Fits CX462 1 / CX562 / CX623432 / CX631432","","https://www.mmt.com.au/Files/Product assets/Images/16A/nvidia.png","https://www.mmt.com.au/Files/Product assets/Images/16A/nvidia.png","https://www.mmt.com.au/Files/Product assets/Images/16A/nvidia.png","MELBHO","0","0*0*0","Order to Order","4","","7290108488234"
"930-9BBRK-00ME-000","930-9BBRK-00ME-000","NVIDIA","16A","NVIDIA Mechanical Components","386.30","281","0","Networking","Network - Accessories","FRU, OCP3.0 10 units of Thumbscrew (Pull Tab) Bracket for 2 SFP28/56, Fi ts CX4621 / CX562 / CX623432 / CX631432A","","https://www.mmt.com.au/Files/Product assets/Images/16A/nvidia.png","https://www.mmt.com.au/Files/Product assets/Images/16A/nvidia.png","https://www.mmt.com.au/Files/Product assets/Images/16A/nvidia.png","MELBHO","0","0*0*0","Order to Order","4","","7290108488203"
"930-9BCSP-00I5-000","930-9BCSP-00I5-000","NVIDIA","16A","NVIDIA HDR Chassis Switches","859.10","624.8","0","Networking","Network - Accessories","Modular chassis 19 liters PG25 Coolant","","https://www.mmt.com.au/Files/Product assets/Images/16A/nvidia.png","https://www.mmt.com.au/Files/Product assets/Images/16A/nvidia.png","https://www.mmt.com.au/Files/Product assets/Images/16A/nvidia.png","MELBHO","0","0*0*0","Order to Order","4","","7290108486490"
"930-9BCSP-00I6-000","930-9BCSP-00I6-000","NVIDIA","16A","NVIDIA HDR Chassis Switches","17054.70","12403.4","0","Networking","Network - Accessories","MCS85xx director chassis Y pipe splitter for redundant cooling system co nnection","","https://www.mmt.com.au/Files/Product assets/Images/16A/nvidia.png","https://www.mmt.com.au/Files/Product assets/Images/16A/nvidia.png","https://www.mmt.com.au/Files/Product assets/Images/16A/nvidia.png","MELBHO","0","0*0*0","Order to Order","4","",""
"930-9BFAN-00IJ-000","930-9BFAN-00IJ-000","NVIDIA","16A","NVIDIA EDR Edge Switches","1295.70","942.3","0","Networking","Network - Accessories","Mellanox Fan Module, 40 x 40 [mm], P2C Airflow For SB7700, SB7800, SB7890, SN2410, SN2700, SX6710 switches""","","https://www.mmt.com.au/Files/Product assets/Images/16A/nvidia.png","https://www.mmt.com.au/Files/Product assets/Images/16A/nvidia.png","https://www.mmt.com.au/Files/Product assets/Images/16A/nvidia.png","MELBHO","0","0*0*0","Order to Order","4","",""
"930-9BFAN-00IN-000","930-9BFAN-00IN-000","NVIDIA","16A","NVIDIA HDR Edge Switches","965.40","701","0","Networking","Network - Accessories","Mellanox Fan Module, 40 x 40 [mm], P2C Airflow For QM8700, QM8780, QM879 0, SN3420, SN3510, SN3700C, SN3700, SN4700 switches""""","","https://www.mmt.com.au/Files/Product assets/Images/16A/nvidia.png","https://www.mmt.com.au/Files/Product assets/Images/16A/nvidia.png","https://www.mmt.com.au/Files/Product assets/Images/16A/nvidia.png","MELBHO","0","0*0*0","Order to Order","4","","7290108481242"
"930-9BFAN-00IX-000","930-9BFAN-00IX-000","NVIDIA","16A","NVIDIA ETH Switches","1088.60","790","0","Networking","Network - Accessories","Mellanox Fan Module, 40 x 40 [mm], P2C Airflow For SN4700 switches","","https://www.mmt.com.au/Files/Product assets/Images/16A/nvidia.png","https://www.mmt.com.au/Files/Product assets/Images/16A/nvidia.png","https://www.mmt.com.au/Files/Product assets/Images/16A/nvidia.png","MELBHO","0","0*0*0","Order to Order","4","","7290110493127"
"930-9BFAN-00IY-000","930-9BFAN-00IY-000","NVIDIA","16A","NVIDIA EDR Edge Switches","1295.70","942.3","0","Networking","Network - Accessories","Mellanox Fan Module, 40 x 40 [mm]"""", C2P Airflow, For SB7700, SB7800, SB 7890, SN2410, SN2700, SX6710 switches""""","","https://www.mmt.com.au/Files/Product assets/Images/16A/nvidia.png","https://www.mmt.com.au/Files/Product assets/Images/16A/nvidia.png","https://www.mmt.com.au/Files/Product assets/Images/16A/nvidia.png","MELBHO","0","0*0*0","Order to Order","4","","7290107198837"
"930-9BFAN-00J0-000","930-9BFAN-00J0-000","NVIDIA","16A","NVIDIA HDR Edge Switches","1043.80","757","0","Networking","Network - Accessories","Mellanox Fan Module, 40 x 40 [mm], C2P Airflow, For QM8700, QM8780, QM87 90, SN3420, SN3510, SN3700C, SN3700, SN4700 switches""""","","https://www.mmt.com.au/Files/Product assets/Images/16A/nvidia.png","https://www.mmt.com.au/Files/Product assets/Images/16A/nvidia.png","https://www.mmt.com.au/Files/Product assets/Images/16A/nvidia.png","MELBHO","0","0*0*0","Order to Order","4","","7290108481259"
"930-9BFAN-00JB-000","930-9BFAN-00JB-000","NVIDIA","16A","NVIDIA ETH Switches","1088.60","790","0","Networking","Network - Accessories","Mellanox Fan Module, 40 x 40 [mm], C2P Airflow For SN4700 switches","","https://www.mmt.com.au/Files/Product assets/Images/16A/nvidia.png","https://www.mmt.com.au/Files/Product assets/Images/16A/nvidia.png","https://www.mmt.com.au/Files/Product assets/Images/16A/nvidia.png","MELBHO","0","0*0*0","Order to Order","4","","7290110493134"
"930-9BOTR-00I4-000","930-9BOTR-00I4-000","NVIDIA","16A","NVIDIA HDR Chassis Switches","4538.60","3300.8","0","Networking","Network - Accessories","MCS85xx director systems 7"""" LCD screen tablet","","https://www.mmt.com.au/Files/Product assets/Images/16A/nvidia.png","https://www.mmt.com.au/Files/Product assets/Images/16A/nvidia.png","https://www.mmt.com.au/Files/Product assets/Images/16A/nvidia.png","MELBHO","0","0*0*0","Order to Order","4","","7290108481518"
"930-9BPSU-00IC-000","930-9BPSU-00IC-000","NVIDIA","15","NVIDIA HDR Chassis Switches","3646.10","2651.7","0","Computers","Notebooks","MCS85XX 3KW AC Power Supply w/P2C airflow","","https://www.mmt.com.au/Files/Product assets/Images/16A/nvidia.png","https://www.mmt.com.au/Files/Product assets/Images/16A/nvidia.png","https://www.mmt.com.au/Files/Product assets/Images/16A/nvidia.png","MELBHO","0","0*0*0","Order to Order","4","","7290108481211"
"930-9BPSU-00J4-000","930-9BPSU-00J4-000","NVIDIA","16A","NVIDIA EDR Edge Switches","2409.30","1752.2","0","Networking","Network - Accessories","Mellanox Power-Supply Unit, 550W AC, P2C Airflow, For SB7700, SB7800, SB 7890, SN2410, SN2700, SX6710, SN2740, SX1410, SX1710 switches, Power cor d included""""","","https://www.mmt.com.au/Files/Product assets/Images/16A/nvidia.png","https://www.mmt.com.au/Files/Product assets/Images/16A/nvidia.png","https://www.mmt.com.au/Files/Product assets/Images/16A/nvidia.png","MELBHO","0","0*0*0","Order to Order","4","","7290108488906"
"930-9BPSU-00JB-000","930-9BPSU-00JB-000","NVIDIA","16A","NVIDIA ETH Switches","3002.50","2183.6","0","Networking","Network - Accessories","Mellanox Power-Supply Unit, 800W DC, P2C Airflow, For SN2410, SN2700 swi tches, Power cord not included""""","","https://www.mmt.com.au/Files/Product assets/Images/16A/nvidia.png","https://www.mmt.com.au/Files/Product assets/Images/16A/nvidia.png","https://www.mmt.com.au/Files/Product assets/Images/16A/nvidia.png","MELBHO","0","0*0*0","Order to Order","4","","7290108481457"
"930-9BPSU-00JG-000","930-9BPSU-00JG-000","NVIDIA","16A","NVIDIA ETH Switches","2339.30","1697","0","Networking","Network - Accessories","Mellanox Power-Supply Unit, 1100W AC, C2P Airflow, For QM8700, QM8780, Q M8790, SN3700, SN3800, SN4600C, TQ8X00 switches, Power cord included""""","","https://www.mmt.com.au/Files/Product assets/Images/16A/nvidia.png","https://www.mmt.com.au/Files/Product assets/Images/16A/nvidia.png","https://www.mmt.com.au/Files/Product assets/Images/16A/nvidia.png","MELBHO","0","0*0*0","Order to Order","4","","7290108481273"
"930-9BPSU-00JL-000","930-9BPSU-00JL-000","NVIDIA","16A","NVIDIA EDR Edge Switches","2409.30","1752.2","0","Networking","Network - Accessories","Mellanox Power-Supply Unit, 550W AC, C2P Airflow, For SB7700, SB7800, SB 7890, SN2410, SN2700, SX6710, SN2740 ,SX1410, SX1710 switches, Power cor d included""""","","https://www.mmt.com.au/Files/Product assets/Images/16A/nvidia.png","https://www.mmt.com.au/Files/Product assets/Images/16A/nvidia.png","https://www.mmt.com.au/Files/Product assets/Images/16A/nvidia.png","MELBHO","0","0*0*0","Order to Order","4","","7290108488913"
"930-9BPSU-00JR-000","930-9BPSU-00JR-000","NVIDIA","16A","NVIDIA ETH Switches","3002.50","2183.6","0","Networking","Network - Accessories","Mellanox Power-Supply Unit, 800W DC, C2P Airflow, For SN2410,SN2700 swit ches, Power cord not included""""","","https://www.mmt.com.au/Files/Product assets/Images/16A/nvidia.png","https://www.mmt.com.au/Files/Product assets/Images/16A/nvidia.png","https://www.mmt.com.au/Files/Product assets/Images/16A/nvidia.png","MELBHO","0","0*0*0","Order to Order","4","","7290108481464"
"930-9BPSU-00JZ-000","930-9BPSU-00JZ-000","NVIDIA","16A","NVIDIA HDR Edge Switches","2339.30","1697","0","Networking","Network - Accessories","Mellanox Power-Supply Unit, 1100W AC, P2C Airflow, For QM8700, QM8780, Q M8790, SN3700, SN3800, SN4600C, TQ8X00 switches, Power cord included""""","","https://www.mmt.com.au/Files/Product assets/Images/16A/nvidia.png","https://www.mmt.com.au/Files/Product assets/Images/16A/nvidia.png","https://www.mmt.com.au/Files/Product assets/Images/16A/nvidia.png","MELBHO","0","0*0*0","Order to Order","4","","7290108481266"
"930-9BRKT-00HS-000","930-9BRKT-00HS-000","NVIDIA","16C","NVIDIA HDR Chassis Switches","4505.10","3276.4","0","Networking","Network - Network Cables","MCS85XX 800p cable holder","","https://www.mmt.com.au/Files/Product assets/Images/16C/nvidia.png","https://www.mmt.com.au/Files/Product assets/Images/16C/nvidia.png","https://www.mmt.com.au/Files/Product assets/Images/16C/nvidia.png","MELBHO","0","0*0*0","Order to Order","4","","7290108481167"
"930-9BRKT-00I3-000","930-9BRKT-00I3-000","NVIDIA","16A","NVIDIA HDR Chassis Switches","9566.90","6957.7","0","Networking","Network - Accessories","MCS85XX systems rail kit","","https://www.mmt.com.au/Files/Product assets/Images/16A/nvidia.png","https://www.mmt.com.au/Files/Product assets/Images/16A/nvidia.png","https://www.mmt.com.au/Files/Product assets/Images/16A/nvidia.png","MELBHO","0","0*0*0","Order to Order","4","","7290107196765"
"930-9BRKT-00JC-000","930-9BRKT-00JC-000","NVIDIA","16A","NVIDIA EDR Edge Switches","170.80","124.2","0","Networking","Network - Accessories","Mellanox 19"""" racks fixed mounting-kit, for SN2700 system, Short and Sta ndard-depth, Rack size 430-800mm","","https://www.mmt.com.au/Files/Product assets/Images/16A/nvidia.png","https://www.mmt.com.au/Files/Product assets/Images/16A/nvidia.png","https://www.mmt.com.au/Files/Product assets/Images/16A/nvidia.png","MELBHO","0","0*0*0","Order to Order","4","","7290107196642"
"930-9BRKT-00JI-000","930-9BRKT-00JI-000","NVIDIA","16A","NVIDIA ETH Switches","515.00","374","0","Networking","Network - Accessories","Mellanox 19? racks fixed mounting-kit, for SN2100, SN2010 systems, Singl e switch, Short-depth, Rack size 600-800mm","","https://www.mmt.com.au/Files/Product assets/Images/16A/nvidia.png","https://www.mmt.com.au/Files/Product assets/Images/16A/nvidia.png","https://www.mmt.com.au/Files/Product assets/Images/16A/nvidia.png","MELBHO","0","0*0*0","Order to Order","4","","7290108481372"
"930-9BRKT-00JJ-000","930-9BRKT-00JJ-000","NVIDIA","16A","NVIDIA HDR Edge Switches","1673.40","1214","0","Networking","Network - Accessories","Mellanox 19? racks rail-kit, for SN3700, SN3700C, SN3800, SN4600, SN4600 C systems, Standard-depth, Rack size 600-800mm","","https://www.mmt.com.au/Files/Product assets/Images/16A/nvidia.png","https://www.mmt.com.au/Files/Product assets/Images/16A/nvidia.png","https://www.mmt.com.au/Files/Product assets/Images/16A/nvidia.png","MELBHO","0","0*0*0","Order to Order","4","","7290108483246"
"930-9NFAN-00IV-000","930-9NFAN-00IV-000","NVIDIA","16A","NVIDIA ETH Switches","369.50","268","0","Networking","Network - Accessories","Nvidia Fan module, P2C Airflow, For SN2201 switch","","https://www.mmt.com.au/Files/Product assets/Images/16A/nvidia.png","https://www.mmt.com.au/Files/Product assets/Images/16A/nvidia.png","https://www.mmt.com.au/Files/Product assets/Images/16A/nvidia.png","MELBHO","0","0*0*0","Order to Order","4","",""
"930-9NFAN-00J9-000","930-9NFAN-00J9-000","NVIDIA","16A","NVIDIA ETH Switches","369.50","268","0","Networking","Network - Accessories","Nvidia Fan module, C2P Airflow, For SN2201 switch","","https://www.mmt.com.au/Files/Product assets/Images/16A/nvidia.png","https://www.mmt.com.au/Files/Product assets/Images/16A/nvidia.png","https://www.mmt.com.au/Files/Product assets/Images/16A/nvidia.png","MELBHO","0","0*0*0","Order to Order","4","",""
"930-9NPSU-00J9-000","930-9NPSU-00J9-000","NVIDIA","16A","NVIDIA ETH Switches","931.90","676","0","Networking","Network - Accessories","Nvidia Power-Supply Unit, 250W AC, P2C Airflow, For SN2201 switch, Power cord included","","https://www.mmt.com.au/Files/Product assets/Images/16A/nvidia.png","https://www.mmt.com.au/Files/Product assets/Images/16A/nvidia.png","https://www.mmt.com.au/Files/Product assets/Images/16A/nvidia.png","MELBHO","0","0*0*0","Order to Order","4","",""
"930-9NPSU-00JQ-000","930-9NPSU-00JQ-000","NVIDIA","16A","NVIDIA ETH Switches","931.90","676","0","Networking","Network - Accessories","Nvidia Power-Supply Unit, 250W AC, C2P Airflow, For SN2201 switch, Power cord included","","https://www.mmt.com.au/Files/Product assets/Images/16A/nvidia.png","https://www.mmt.com.au/Files/Product assets/Images/16A/nvidia.png","https://www.mmt.com.au/Files/Product assets/Images/16A/nvidia.png","MELBHO","0","0*0*0","Order to Order","4","",""
"930-9NRKT-00JG-000","930-9NRKT-00JG-000","NVIDIA","16A","NVIDIA 19"" SN2010 Rail Mounting Kit","1673.40","1314","0","Networking","Network - Accessories","Rack installation kit for SN2100/SN2010 series short depth 1U switches, allows installation of one or two switches side-by-side into standard depth racks.","1 metal frame for two systems
2 system mounting blades with 8 screw holes - the kit contains enough rails to install 2 systems
2 system mounting blades with 7 screw holes - the kit contains enough rails to install 2 systems
2 blank (installed) covers
30 flat head 4-40 screws - the kit contains enough screws to install 2 systems
2 frame rail slides
10 (+2 spare units) M6 pan head screws
10 (+2 spare units) M6 spring washers
10 (+2 spare units) M6 spring steel cage nuts
6 (+2 spare units) cable-ties","https://www.mmt.com.au/Files/Product assets/Images/16A/930-9NRKT-00JG-000.jpg","https://www.mmt.com.au/Files/Product assets/Images/16A/930-9NRKT-00JG-000.jpg","https://www.mmt.com.au/Files/Product assets/Images/16A/930-9NRKT-00JG-000.jpg","MELBHO","12","10*60*80","Current Stock","1","",""
"930-9NRKT-00JN-000","930-9NRKT-00JN-000","NVIDIA","16A","NVIDIA ETH Switches","408.70","297","0","Networking","Network - Accessories","Mellanox 19"""" racks fixed mounting-kit, for SN3700, SN3700C, SN3800, SN4 600, SN4600C, MQM87xx systems, Standard-depth, Rack size 600-800mm","","https://www.mmt.com.au/Files/Product assets/Images/16A/nvidia.png","https://www.mmt.com.au/Files/Product assets/Images/16A/nvidia.png","https://www.mmt.com.au/Files/Product assets/Images/16A/nvidia.png","MELBHO","0","0*0*0","Order to Order","4","","7290108488920"
"930-9NRKT-00JS-000","930-9NRKT-00JS-000","NVIDIA","16A","NVIDIA ETH Switches","741.60","538","0","Networking","Network - Accessories","Nvidia Tool-less rack installation kit, 4-post rack, For SN2201 switch","","https://www.mmt.com.au/Files/Product assets/Images/16A/nvidia.png","https://www.mmt.com.au/Files/Product assets/Images/16A/nvidia.png","https://www.mmt.com.au/Files/Product assets/Images/16A/nvidia.png","MELBHO","0","0*0*0","Order to Order","4","",""
"930-9NRKT-00JT-000","930-9NRKT-00JT-000","NVIDIA","16A","NVIDIA EDR Edge Switches","456.30","331.8","0","Networking","Network - Accessories","Mellanox 19? racks rail-kit, for SN2700 system, Short and Standard-depth , Rack size 430-800mm","","https://www.mmt.com.au/Files/Product assets/Images/16A/nvidia.png","https://www.mmt.com.au/Files/Product assets/Images/16A/nvidia.png","https://www.mmt.com.au/Files/Product assets/Images/16A/nvidia.png","MELBHO","0","0*0*0","Order to Order","4","","7290107198851"
"930-9NRKT-00JV-000","930-9NRKT-00JV-000","NVIDIA","16A","NVIDIA ETH Switches","428.20","311","0","Networking","Network - Accessories","Mellanox 19? racks fixed mounting-kit, for SN2410, SN3420 systems, Short -depth, Rack size 600-800mm","","https://www.mmt.com.au/Files/Product assets/Images/16A/nvidia.png","https://www.mmt.com.au/Files/Product assets/Images/16A/nvidia.png","https://www.mmt.com.au/Files/Product assets/Images/16A/nvidia.png","MELBHO","0","0*0*0","Order to Order","4","","7290108481068"
"930-9NRKT-00OR-000","930-9NRKT-00OR-000","NVIDIA","16A","NVIDIA ETH Switches","324.70","236","0","Networking","Network - Accessories","Rack mount kit for AS4610-54T","","https://www.mmt.com.au/Files/Product assets/Images/16A/nvidia.png","https://www.mmt.com.au/Files/Product assets/Images/16A/nvidia.png","https://www.mmt.com.au/Files/Product assets/Images/16A/nvidia.png","MELBHO","0","0*0*0","Order to Order","4","",""
"930-9O000-0000-343","930-9O000-0000-343","NVIDIA","16A","NVIDIA TRANSCEIVERS","425.50","309","0","Networking","Network - Accessories","Mellanox SFP+ optical module for 10GBASE-LR","","https://www.mmt.com.au/Files/Product assets/Images/16A/nvidia.png","https://www.mmt.com.au/Files/Product assets/Images/16A/nvidia.png","https://www.mmt.com.au/Files/Product assets/Images/16A/nvidia.png","MELBHO","0","0*0*0","Order to Order","4","","7290107192279"
"930-9O000-0000-409","930-9O000-0000-409","NVIDIA","16A","NVIDIA LinkX Ethernet Optics Transceiver","296.80","216","0","Networking","Network - Accessories","NVIDIA LinkX Optics Ethernet transceivers are used to create high-speed, 100G-400G links supporting every configuration, reach, and speed in networks requiring detachable optical connectors. LinkX transceivers are designed to create high-speed 25G-400G optical links in Ethernet switching networks, Ethernet storage fabrics (ESF) linking hard-disk-drive (HDD) and flash memory subsystems, and NVIDIA GPU-based, end-to-end AI systems. All transceivers are extensively tested in live GPU and switching systems and used in NVIDIA-Certified Systems.","Extensively tested in live NVIDIA switching and GPU-based systems
Low-cost, low- latency, long reaches
Extensive 25/50/100/200/400G product offering for every need
Tested and certified in NVIDIA GPU, DGX, EGX, and DPU systems
Many parts designed and manufactured by LinkX Optics
100 percent factory tested in live switching and GPU-based systems
Designed to beyond IEEE industry BER standards for reliable operation under harsh operating conditions","https://www.mmt.com.au/Files/Product assets/Images/16A/930-9O000-0000-409.jpg","https://www.mmt.com.au/Files/Product assets/Images/16A/930-9O000-0000-409.jpg","https://www.mmt.com.au/Files/Product assets/Images/16A/930-9O000-0000-409.jpg","MELBHO","0.1","3*6*11","Current Stock","1","",""
"930-9OBRK-00M3-000","930-9OBRK-00M3-000","NVIDIA","16A","NVIDIA Mechanical Components","386.30","281","0","Networking","Network - Accessories","FRU, OCP3.0, 10 units of Ejector latch Bracket for 2 QSFP28/56, Fits CX5 66 / CX613436 / CX653436 / CX623436","","https://www.mmt.com.au/Files/Product assets/Images/16A/nvidia.png","https://www.mmt.com.au/Files/Product assets/Images/16A/nvidia.png","https://www.mmt.com.au/Files/Product assets/Images/16A/nvidia.png","MELBHO","0","0*0*0","Order to Order","4","","7290110490492"
"930-9XBRK-00LE-000","930-9XBRK-00LE-000","NVIDIA","16A","NVIDIA Mechanical Components","17.00","13","0","Networking","Network - Accessories","FRU Tall Perforated bracket for 2-port SFP28 adapter. Fits MCX4121A /MCX 512A/MCX512F","","https://www.mmt.com.au/Files/Product assets/Images/16A/nvidia.png","https://www.mmt.com.au/Files/Product assets/Images/16A/nvidia.png","https://www.mmt.com.au/Files/Product assets/Images/16A/nvidia.png","MELBHO","0","0*0*0","Order to Order","4","","7290107196734"
"930-9XBRK-00LF-000","930-9XBRK-00LF-000","NVIDIA","16A","NVIDIA echanical Components","17.00","13","0","Networking","Network - Accessories","FRU Short Perforated bracket for 2-port SFP28 adapter. Fits MCX4121A/ MC X512A / MCX512F","","https://www.mmt.com.au/Files/Product assets/Images/16A/nvidia.png","https://www.mmt.com.au/Files/Product assets/Images/16A/nvidia.png","https://www.mmt.com.au/Files/Product assets/Images/16A/nvidia.png","MELBHO","0","0*0*0","Order to Order","4","","7290108481020"
"930-9XBRK-00MA-000","930-9XBRK-00MA-000","NVIDIA","16A","NVIDIA Mechanical Components","386.30","281","0","Networking","Network - Accessories","FRU, OCP3.0, 10 units of Thumbscrew (Pull Tab) Bracket for 1 QSFP28/56, Fits CX565 / CX613435 / CX653435 / CX623435 / CX631435","","https://www.mmt.com.au/Files/Product assets/Images/16A/nvidia.png","https://www.mmt.com.au/Files/Product assets/Images/16A/nvidia.png","https://www.mmt.com.au/Files/Product assets/Images/16A/nvidia.png","MELBHO","0","0*0*0","Order to Order","4","","7290108488197"
"939-001656","939-001656","Logitech","26","Logitech MeetUP - TV Mount","229.95","190","2","Components","USB Web Cams","SECURELY MOUNT LOGITECH MEETUP TO A TV OR MONITOR
Logitech TV Mount for MeetUp securely holds the MeetUp ConferenceCam either above or below a flat-panel monitor and attaches to the industry-standard VESA mounting points available on most TVs and monitors.","Securely holds the MeetUp ConferenceCam either above or below a flat-panel monitor
For displays up to 90 inches in size
Features a swing arm design and multiple mounting holes to fit almost any flat-panel monitor
VESA standard with alternating 8 mm and 6 mm holes","https://www.mmt.com.au/Files/Product assets/Images/26/939-001656.jpg","https://www.mmt.com.au/Files/Product assets/Images/26/939-001656.jpg","https://www.mmt.com.au/Files/Product assets/Images/26/939-001656.jpg","MELBHO","0.75","4*9*42","Current Stock","1","","097855140876"
"940-54242-0002-000","940-54242-0002-000","NVIDIA","41","NVIDIA DGX Spark Founders Edition, ANZ, 4TB","8995.00","7199","0","IoT Edge Solutions","Artificial Intelligence","Powered by the NVIDIA GB10 Grace Blackwell Superchip, NVIDIA DGX Spark™ delivers up to one petaFLOP1 of FP4 AI performance in a power-efficient, compact form factor. With the NVIDIA AI software stack preinstalled and 128 GB of memory, developers can prototype, fine-tune, and inference the latest generation of reasoning AI models from DeepSeek, Meta, NVIDIA, Google, Qwen, and others with up to 200 billion parameters locally.
Click here to contact our dedicated AI sales team about the DGX Spark
For more product information, please click here","","https://www.mmt.com.au/Files/Uploads/940-54242-0005-000-2T.jpg","https://www.mmt.com.au/Files/Uploads/940-54242-0005-000-2T.jpg","https://www.mmt.com.au/Files/Uploads/940-54242-0005-000-2T.jpg","MELBHO","3.57","18*51*18","Current Stock","1","16/09/2026","810152850589"
"940-54242-0002-000+B","940-54242-0002-000+B","NVIDIA","41","BUNDLE: NVIDIA DGX Spark Founders Edition, 4TB","17990.00","14399","0","IoT Edge Solutions","Artificial Intelligence","A streamlined dual‑system AI solution featuring 2× NVIDIA DGX Spark Personal AI Supercomputers connected by a 200G QSFP56 Ethernet DAC cable for high‑speed, low‑latency performance. Designed for effortless scaling, this bundle enables fast deployment for distributed training, inference, and advanced AI workloads - no additional networking required.
Includes:
 2× DGX Spark Systems · 1× 200G QSFP56 DAC Cable (0.5 m)","","https://www.mmt.com.au/Files/Uploads/Spark_x2.jpg","https://www.mmt.com.au/Files/Uploads/Spark_x2.jpg","https://www.mmt.com.au/Files/Uploads/Spark_x2.jpg","MELBHO","4","10*30*60","Current Stock","1","",""
"945-13730-0057-000","945-13730-0057-000","NVIDIA","41","NVIDIA Jetson AGX Orin 64GB Dev Kit","4998.00","2950","0","IoT Edge Solutions","Artificial Intelligence","The NVIDIA Jetson AGX Orin 64GB Developer Kit and all Jetson Orin modules share one SoC architecture. This enables the developer kit to emulate any of the modules and makes it easy for you to start developing your next product. Compact size, lots of connectors, 64GB memory, and up to 275 TOPS of AI performance make this developer kit perfect for prototyping advanced AI-powered robots and other edge AI devices.","AI Performance: 275 TOPS
GPU: 2048-core NVIDIA Ampere architecture GPU with 64 Tensor Cores
CPU: 12-core Arm Cortex-A78AE v8.2 64-bit CPU 3MB L2 + 6MB L3
Memory: 64GB 256-bit LPDDR5
Networking: RJ45 connector with up to 10 GbE
Storage: 64GB eMMC 5.1","https://www.mmt.com.au/Files/Uploads/Jetson-AGX-Orin-Dev-Kit-whiteBG.jpg","https://www.mmt.com.au/Files/Uploads/Jetson-AGX-Orin-Dev-Kit-whiteBG.jpg","https://www.mmt.com.au/Files/Uploads/Jetson-AGX-Orin-Dev-Kit-whiteBG.jpg","MELBHO","2.3","16*21*23","Current Stock","1","09/09/2099","812674025179"
"945-13766-0007-000","945-13766-0007-000","NVIDIA","41","NVIDIA Jetson Orin Nano Super Developer Kit","599.00","429","10","IoT Edge Solutions","Artificial Intelligence","The NVIDIA Jetson Orin Nano Super Developer Kit is a compact, yet powerful computer that redefines generative AI for small edge devices. It delivers up to 67 TOPS of AI performance - a 1.7X improvement over its predecessor - to seamlessly run the most popular generative AI models, like vision transformers, large language models, vision-language models, and more.","AI Performance: 67 INT8 TOPS
GPU: NVIDIA Ampere architecture with 1024 CUDA cores and 32 tensor cores
CPU: 6-core Arm Cortex-A78AE v8.2 64-bit CPU 1.5MB L2 + 4MB L3
Memory: 8GB 128-bit LPDDR5
Storage: Supports SD card slot and external NVMe
Power: 7W-25W
Datasheet","https://www.mmt.com.au/Files/Product assets/Images/41/945-13766-0007-000.jpg","https://www.mmt.com.au/Files/Product assets/Images/41/945-13766-0007-000.jpg","https://www.mmt.com.au/Files/Product assets/Images/41/945-13766-0007-000.jpg","MELBHO","1","7*17*25","Current Stock","1","","812674025285"
"945-14070-0080-000","945-14070-0080-000","NVIDIA","41","NVIDIA Jetson AGX Thor Developer Kit","7990.00","4950","0","IoT Edge Solutions","Artificial Intelligence","The NVIDIA Jetson AGX Thor Developer Kit gives you unmatched performance and scalability. It's powered by the NVIDIA Blackwell GPU and 128 GB of memory, delivering up to 2070 FP4 TFLOPS of AI compute to effortlessly run the latest generative AI models all within a 130 W power envelope. Compared to NVIDIA Jetson AGX Orin, it provides up to 7.5x higher AI compute and 3.5x better energy efficiency.
Product overview video (click here)
Detailed product information (click here)","Supercomputer for Humanoids: Accelerate generative AI and large transformer models at the edge with the 2070 FP4 TFLOPS Blackwell GPU
High-Speed Sensor Processing: Ingest high-speed sensor data for real-time performance with 4x 25 GbE networking, a camera offload engine, and a Holoscan Sensor Bridge
Robotic AI Software: Discover a solution designed for humanoid robotics and physical AI applications, powered by the NVIDIA Isaac platform and GR00T foundational models
Robust Security: Deliver end-to-end safety and security across the compute platform, AI models, and the entire edge-to-cloud pipeline
Developer Kit Content: NVIDIA Jetson T5000 module with heat sink and reference carrier board, DC power 140W, 802.11ax wireless network interface controller, 1TB NVMe, quick start guide","https://www.mmt.com.au/Files/Product assets/Images/41/945-14070-0080-000.jpg","https://www.mmt.com.au/Files/Product assets/Images/41/945-14070-0080-000.jpg","https://www.mmt.com.au/Files/Product assets/Images/41/945-14070-0080-000.jpg","MELBHO","3.37","17*22*36","Current Stock","1","05/07/2026","810152850435"
"9490Y","9490Y","Pelican","15B","Pelican 9490 Remote Area Light Kit Yello","2299.95","1855","0","Computers","Bags, Cases & Covers","","","https://www.mmt.com.au/Files/Product assets/Images/15B/pelican.png","https://www.mmt.com.au/Files/Product assets/Images/15B/pelican.png","https://www.mmt.com.au/Files/Product assets/Images/15B/pelican.png","MELBHO","11","20*33*66","Order to Order","4","","019428124526"
"960-001054","960-001054","Logitech","26","Logitech CC3500e ConferenceCam","1999.00","1499","4","Components","USB Web Cams","Logitech CC3500e ConferenceCam GROUP FHD Video Conferencing System - Smooth motorized pan with tilt and 10x lossless HD zoom - 90-degree Field of View - Full HD 1080p 30fps - Far-end control (PTZ) of ConferenceCam product - Full-duplex, ultra-wideband speakerphone performance with acoustic echo cancellation and noise reduction technology - 960-001054 - 2 Years Limited Warranty","GROUP the video conferencing solution for rooms that seat 14-20 people, delivers high quality HD video and crystal clear audio
USB plug-and-play connectivity makes GROUP a breeze to deploy and use.
Customise the setup to match the layout and size of your room. Mount the camera on a table, tripod, or wall.
Bring meetings into focus with GROUP's premium lens, 10x lossless zoom, and HD 1080p/30 performance.
Hear and be heard with life-like clarity. GROUP's full-duplex speakerphone provides 360 coverage with four omnidirectional mics.
GROUP's speakerphone provides a convenient dock for the handheld remote control, and features an LCD status screen and tactile buttons to mute audio, adjust volume, move the camera, and more.
Extend the range of the GROUP video conferencing system with Logitech GROUP Expansion Mics.
With tactile mute buttons on the speakerphone, handheld remote, and optional expansion mics, GROUP makes it easy to assure your privacy.
When muted, GROUP's LED status ring lights up red, a subtle yet obvious assurance thatĀ’s easily seen throughout the room.
With regular firmware updates, Logitech continuously improves the GROUP video conferencing experience.
Camera
Smooth motorized pan, tilt and zoom controlled from remote or console
Pan +/- 90°
Tilt +35° / -45
10x lossless HD zoom
Field of View
Diagonal: 90°
Horizontal: 82.1°
Vertical: 52.2°
Full HD 1080p 30fps
H.264 UVC 1.5 with Scalable Video Coding (SVC)
Autofocus
5 camera presets
Far-end control (PTZ) of ConferenceCam product (with supported services)
Kensington security slot
Video mute/unmute LED indicator
Standard tripod thread
Remote Control
Camera, speakerphone, and call control
5 camera presets
Docks on speakerphone
IR 8.5 m range
CR2032 battery (included)
SPEAKERPHONE
Full-duplex performance
Acoustic echo cancellation
Noise reduction technology
Ultra-wideband audio
Pairs with mobile devices via Bluetooth and NFC
LCD for caller ID, call duration and other functional response
LEDs for speakerphone streaming, mute, hold, and Bluetooth
Tactile buttons for call answer/end, volume and mute, Bluetooth, and camera controls
5 camera presets for pan, tilt, and zoom settings
Kensington security slot
Microphones
Pickup Range: 6 m
Pickup range with expansion mics: 8.5 m
Four omnidirectional, beamforming microphones
Frequency Response: 100Hz – 11KHz
Sensitivity: -28 dB +/-3dB
Distortion: <5% from 200Hz
HUB / CABLES / POWER
Central Hub connects and powers all components
Under-table mounting adhesive included
One cable to camera: 5 m
One cable to speakerphone: 5 m
Extended cables available: 10 and 15 m
One USB cable for connection to PC/Mac: 2 m
AC Power adapter with regional plugs
Power cable: 3 m
MOUNT
Dual-purpose bracket works for both wall mounting and tabletop elevation
COMPATIBILITY AND CERTIFICATIONS
Plug-and-play USB connectivity
Certified for Skype for Business and Microsoft Teams
Zoom Certified
Fuze® Certified
Microsoft Cortana
Cisco Jabber®
Compatible with BlueJeans, BroadSoft, GoToMeeting, Vidyo, and other video conferencing, recording, and broadcasting applications that support USB cameras","https://www.mmt.com.au/Files/Product assets/Images/26/960-001054.jpg","https://www.mmt.com.au/Files/Product assets/Images/26/960-001054.jpg","https://www.mmt.com.au/Files/Product assets/Images/26/960-001054.jpg","MELBHO","6.4","32*15*50","Current Stock","1","","97855118462"
"960-001084","960-001084","Logitech","26","Logitech 960-001084 C270i HD Webcam","89.00","35","14","Components","USB Web Cams","Logitech C270i Webcam is new version of C270 that is an affordable and chic looking compact webcam from Swiss accessory maker Logitech. This little gadget lets you stream live in HD 720p resolution and is compatible with all Windows 7/8/10, macOS 10.10 or above, ChromeOS running laptops/PCs. It offers plug and play operation via a simple USB connection which means you do not need to install anything on your PC. Its sensor ensures that you look your best and clearest even in close up range.","720p 30fps
Fixed Focus
Built-in mic (mono)
Android, MacOS, Windows, ChromeOS","https://www.mmt.com.au/Files/Product assets/Images/26/960-001084.jpg","https://www.mmt.com.au/Files/Product assets/Images/26/960-001084.jpg","https://www.mmt.com.au/Files/Product assets/Images/26/960-001084.jpg","MELBHO","0.13","8*5*13","Current Stock","1","","6920377904913"
"960-001101","960-001101","Logitech","26","Logitech MEETUP ConferenceCam","1599.00","899","4","Components","USB Web Cams","MeetUp is Logitech's premier ConferenceCam designed for small conference rooms and huddle rooms. Stop crowding around laptops. With 4K optics and a super-wide 120-degree field of view, MeetUp makes every seat at the table clearly visible. And its integrated audio is optimized for huddle room acoustics, ensuring everyone can be heard as well as seen.","Super-wide 120-degree field of view
3-microphone speakerphone
Optional expansion microphone-ready
4K Ultra HD video calling (up to 3840 x 2160 pixels @ 30 fps); 1080p Full HD video calling (up to 1920 x 1080 pixels @ 30 fps); 720p HD video calling (up to 1280 x 720 pixels @ 30 fps); with supported
2-year limited hardware warranty
Technical Specifications
Camera
Custom Logitech lens with 5x HD zoom and motorised pan (+/- 25°) and tilt (+/- 15°)
Field of View: Diagonal: 120°, Horizontal: 113°, Vertical: 80.7°
Total Room Coverage (field of view + pan and tilt): 163° wide x 110° tall
3 camera position presets
RightSight auto-framing: Requires Windows 10 64-bit or macOS 10.14 or higher
Video Performance
4K Ultra HD video calling (up to 3840 x 2160 pixels @ 30 fps with customer-supplied USB 3.0 cable)
1080p Full HD video calling (up to 1920 x 1080 pixels @ 30 fps)
720p HD video calling (up to 1280 x 720 pixels @ 30 fps)
Microphone
Integrated microphone with 3 beamforming elements
Pickup Range
MeetUp: 4 m
With optional Expansion Mic: 5 m
Sensitivity: -27 dB
Microphone frequency response: 90Hz-16KHz for full voice reproduction and high intelligibility without noise
Beamforming performance: Factory-paired, very low distortion broadside beamforming algorithm steers the microphones directly at the talker for the best voice pickup and noise reduction
AEC (Acoustic Echo Cancellation)
VAD (Voice Activity Detector)
Microphone background noise suppression
Microphone date rate: 32KHz sampling rate
Recommended # of participants: 6
Recommended # of participants with expansion mic: 8
Speaker
Volume adjustable to 95 dB SPL at 1/2 meter peak
Speaker sensitivity 86.5+/-3dB SPL at 1/2 meter
Distortion: 200-300Hz < 3%, 3000 Hz -10KHz < 1%
Patent-pending anti-vibration enclosure improves voice clarity while limiting sound transmission to adjacent spaces
General
Bluetooth wireless technology
RF remote control
Integrated table/wall mount; optional TV mount available
Kensington security slot","https://www.mmt.com.au/Files/Product assets/Images/26/960-001101.jpg","https://www.mmt.com.au/Files/Product assets/Images/26/960-001101.jpg","https://www.mmt.com.au/Files/Product assets/Images/26/960-001101.jpg","MELBHO","3.401","14*20*47","Current Stock","1","","097855130037"
"960-001423","960-001423","Logitech","26","Logitech BRIO 500 Full HD USB-C Webcam with RightLight 4 with HDR - Graphite","199.95","115","1","Components","USB Web Cams","Bring your best self to every meeting. Brio 500 ensures that you always look and sound natural in meetings so you can connect more genuinely with others.","Dimensions
Webcam only
Height: 31.5 mm
Width: 110 mm
Depth: 31.5 mm
Webcam + Mount
Height: 51.5 mm
Width: 110 mm
Depth: 45 mm, incl. mount clip
Weight: 121 g, incl. mount clip & cable
Attached Cable length: 1.5 m
Mounting Clip
Height: 25 mm
Width: 45.8 mm
Depth: 65.1 mm
Weight: 40 g, incl. Removable mount adapter
Technical Specifications
Multiple resolutions
1080p/30fps (1920x1080 pixels)
720p/60fps (1280x720 pixels)
Camera megapixel: 4MP
Diagonal field of view (dFoV): 90°/78°/65°
Hardware zoom: 4x digital zoom
Focus type: Autofocus
Lens type: Glass
Built-in Microphone type: Stereo microphone
Mic range: Up to 1.22 m
USB connectivity: USB-C plug-and-play
Privacy shutter: Integrated
Rightlight 4 with HDR for clear image in various lighting environments ranging from low light to direct sunlight
The detachable universal mounting clip fits laptops, LCD displays, or monitors
Supported in Logi Tune
System Requirements
Required
Available USB-C port
Works With
Windows, macOS, or ChromeOS and virtually any popular video calling platform.
Certified for
Microsoft Teams, Zoom, Google Meet, Works With Chromebook
Compatible with
Windows 8 or later (Windows 8.1 or higher required for resolutions greater than 1080p) macOS 10.10 or later ChromeOS
(2GB RAM or more needed for 1080p video streaming and 1GB RAM is typically needed for streaming 720p)","https://www.mmt.com.au/Files/Images/Product Images/960-001423.png","https://www.mmt.com.au/Files/Images/Product Images/960-001423.png","https://www.mmt.com.au/Files/Images/Product Images/960-001423.png","MELBHO","0.16","6*8*13","Current Stock","1","04/07/2026","097855178855"
"960-001680","960-001680","Logitech","26","Logitech MeetUp 2 Video Conferencing","1599.95","1169","3","Components","USB Web Cams","Upgrade your